trajectory_id,model,method,prefix_length,prop_H,switch_rate,runs_Z,longest_run,HH,HT,TH,TT,lag1_rep,first_H,entropy_binary
astra_batch_00,astra,batch,20,0.5,0.5263157894736842,0.0,4.0,0.21052631578947367,0.2631578947368421,0.2631578947368421,0.2631578947368421,0.4736842105263158,1.0,1.0
astra_batch_00,astra,batch,50,0.48,0.6326530612244898,1.7288976391872886,4.0,0.16326530612244897,0.32653061224489793,0.30612244897959184,0.20408163265306123,0.36734693877551017,1.0,0.9988455359952018
astra_batch_00,astra,batch,100,0.48,0.5858585858585859,1.6268534983754452,4.0,0.18181818181818182,0.29292929292929293,0.29292929292929293,0.23232323232323232,0.41414141414141414,1.0,0.9988455359952018
astra_batch_01,astra,batch,20,0.5,0.6842105263157895,1.378404875209022,2.0,0.15789473684210525,0.3684210526315789,0.3157894736842105,0.15789473684210525,0.3157894736842105,1.0,1.0
astra_batch_01,astra,batch,50,0.5,0.5918367346938775,1.1430952132988164,3.0,0.20408163265306123,0.30612244897959184,0.2857142857142857,0.20408163265306123,0.40816326530612246,1.0,1.0
astra_batch_01,astra,batch,100,0.5,0.6161616161616161,2.211196001059617,3.0,0.1919191919191919,0.31313131313131315,0.30303030303030304,0.1919191919191919,0.38383838383838387,1.0,1.0
astra_batch_02,astra,batch,20,0.5,0.6842105263157895,1.378404875209022,2.0,0.15789473684210525,0.3684210526315789,0.3157894736842105,0.15789473684210525,0.3157894736842105,1.0,1.0
astra_batch_02,astra,batch,50,0.5,0.5918367346938775,1.1430952132988164,3.0,0.20408163265306123,0.30612244897959184,0.2857142857142857,0.20408163265306123,0.40816326530612246,1.0,1.0
astra_batch_02,astra,batch,100,0.5,0.5757575757575758,1.407124727947029,3.0,0.21212121212121213,0.29292929292929293,0.2828282828282828,0.21212121212121213,0.4242424242424242,1.0,1.0
astra_batch_03,astra,batch,20,0.5,0.6842105263157895,1.378404875209022,3.0,0.15789473684210525,0.3684210526315789,0.3157894736842105,0.15789473684210525,0.3157894736842105,1.0,1.0
astra_batch_03,astra,batch,50,0.5,0.673469387755102,2.2861904265976327,3.0,0.16326530612244897,0.3469387755102041,0.32653061224489793,0.16326530612244897,0.326530612244898,1.0,1.0
astra_batch_03,astra,batch,100,0.5,0.6666666666666666,3.216285092450352,3.0,0.16161616161616163,0.3333333333333333,0.3333333333333333,0.1717171717171717,0.33333333333333337,1.0,1.0
astra_batch_04,astra,batch,20,0.5,0.6842105263157895,1.378404875209022,2.0,0.15789473684210525,0.3684210526315789,0.3157894736842105,0.15789473684210525,0.3157894736842105,1.0,1.0
astra_batch_04,astra,batch,50,0.5,0.6530612244897959,2.000416623272929,3.0,0.16326530612244897,0.32653061224489793,0.32653061224489793,0.1836734693877551,0.34693877551020413,1.0,1.0
astra_batch_04,astra,batch,100,0.5,0.6565656565656566,3.015267274172205,3.0,0.1717171717171717,0.3333333333333333,0.32323232323232326,0.1717171717171717,0.3434343434343434,1.0,1.0
astra_batch_05,astra,batch,20,0.5,0.6842105263157895,1.378404875209022,3.0,0.15789473684210525,0.3684210526315789,0.3157894736842105,0.15789473684210525,0.3157894736842105,1.0,1.0
astra_batch_05,astra,batch,50,0.5,0.6326530612244898,1.7146428199482247,3.0,0.1836734693877551,0.32653061224489793,0.30612244897959184,0.1836734693877551,0.36734693877551017,1.0,1.0
astra_batch_05,astra,batch,100,0.5,0.6262626262626263,2.412213819337764,3.0,0.18181818181818182,0.31313131313131315,0.31313131313131315,0.1919191919191919,0.3737373737373737,1.0,1.0
astra_batch_06,astra,batch,20,0.5,0.6842105263157895,1.378404875209022,2.0,0.15789473684210525,0.3684210526315789,0.3157894736842105,0.15789473684210525,0.3157894736842105,1.0,1.0
astra_batch_06,astra,batch,50,0.5,0.5714285714285714,0.8573214099741123,3.0,0.20408163265306123,0.2857142857142857,0.2857142857142857,0.22448979591836735,0.4285714285714286,1.0,1.0
astra_batch_06,astra,batch,100,0.49,0.6161616161616161,2.2161118475371424,3.0,0.18181818181818182,0.31313131313131315,0.30303030303030304,0.20202020202020202,0.38383838383838387,1.0,0.9997114417528099
astra_batch_07,astra,batch,20,0.5,0.6842105263157895,1.378404875209022,3.0,0.15789473684210525,0.3684210526315789,0.3157894736842105,0.15789473684210525,0.3157894736842105,1.0,1.0
astra_batch_07,astra,batch,50,0.5,0.6326530612244898,1.7146428199482247,3.0,0.1836734693877551,0.32653061224489793,0.30612244897959184,0.1836734693877551,0.36734693877551017,1.0,1.0
astra_batch_07,astra,batch,100,0.5,0.6262626262626263,2.412213819337764,5.0,0.18181818181818182,0.31313131313131315,0.31313131313131315,0.1919191919191919,0.3737373737373737,1.0,1.0
astra_batch_08,astra,batch,20,0.5,0.5263157894736842,0.0,4.0,0.21052631578947367,0.2631578947368421,0.2631578947368421,0.2631578947368421,0.4736842105263158,1.0,1.0
astra_batch_08,astra,batch,50,0.5,0.5918367346938775,1.1430952132988164,4.0,0.20408163265306123,0.30612244897959184,0.2857142857142857,0.20408163265306123,0.40816326530612246,1.0,1.0
astra_batch_08,astra,batch,100,0.5,0.6060606060606061,2.0101781827814698,4.0,0.1919191919191919,0.30303030303030304,0.30303030303030304,0.20202020202020202,0.3939393939393939,1.0,1.0
astra_batch_09,astra,batch,20,0.5,0.6842105263157895,1.378404875209022,2.0,0.15789473684210525,0.3684210526315789,0.3157894736842105,0.15789473684210525,0.3157894736842105,1.0,1.0
astra_batch_09,astra,batch,50,0.48,0.5918367346938775,1.1564149772047425,3.0,0.1836734693877551,0.30612244897959184,0.2857142857142857,0.22448979591836735,0.40816326530612246,1.0,0.9988455359952018
astra_batch_09,astra,batch,100,0.49,0.5858585858585859,1.6128146113655069,3.0,0.1919191919191919,0.29292929292929293,0.29292929292929293,0.2222222222222222,0.41414141414141414,1.0,0.9997114417528099
astra_batch_10,astra,batch,20,0.5,0.6842105263157895,1.378404875209022,2.0,0.15789473684210525,0.3684210526315789,0.3157894736842105,0.15789473684210525,0.3157894736842105,1.0,1.0
astra_batch_10,astra,batch,50,0.5,0.5918367346938775,1.1430952132988164,3.0,0.20408163265306123,0.30612244897959184,0.2857142857142857,0.20408163265306123,0.40816326530612246,1.0,1.0
astra_batch_10,astra,batch,100,0.5,0.6060606060606061,2.0101781827814698,4.0,0.1919191919191919,0.30303030303030304,0.30303030303030304,0.20202020202020202,0.3939393939393939,1.0,1.0
astra_batch_11,astra,batch,20,0.5,0.7368421052631579,1.837873166945363,2.0,0.10526315789473684,0.3684210526315789,0.3684210526315789,0.15789473684210525,0.26315789473684215,1.0,1.0
astra_batch_11,astra,batch,50,0.5,0.6122448979591837,1.4288690166235205,4.0,0.1836734693877551,0.30612244897959184,0.30612244897959184,0.20408163265306123,0.3877551020408163,1.0,1.0
astra_batch_11,astra,batch,100,0.5,0.6363636363636364,2.613231637615911,4.0,0.18181818181818182,0.32323232323232326,0.31313131313131315,0.18181818181818182,0.36363636363636365,1.0,1.0
astra_batch_12,astra,batch,20,0.5,0.5263157894736842,0.0,4.0,0.21052631578947367,0.2631578947368421,0.2631578947368421,0.2631578947368421,0.4736842105263158,1.0,1.0
astra_batch_12,astra,batch,50,0.5,0.6122448979591837,1.4288690166235205,4.0,0.1836734693877551,0.30612244897959184,0.30612244897959184,0.20408163265306123,0.3877551020408163,1.0,1.0
astra_batch_12,astra,batch,100,0.5,0.6161616161616161,2.211196001059617,4.0,0.1919191919191919,0.31313131313131315,0.30303030303030304,0.1919191919191919,0.38383838383838387,1.0,1.0
astra_batch_13,astra,batch,20,0.5,0.5263157894736842,0.0,4.0,0.21052631578947367,0.2631578947368421,0.2631578947368421,0.2631578947368421,0.4736842105263158,1.0,1.0
astra_batch_13,astra,batch,50,0.48,0.5918367346938775,1.1564149772047425,4.0,0.1836734693877551,0.30612244897959184,0.2857142857142857,0.22448979591836735,0.40816326530612246,1.0,0.9988455359952018
astra_batch_13,astra,batch,100,0.48,0.6363636363636364,2.6335697721226268,4.0,0.16161616161616163,0.32323232323232326,0.31313131313131315,0.20202020202020202,0.36363636363636365,1.0,0.9988455359952018
astra_batch_14,astra,batch,20,0.45,0.6842105263157895,1.439547148809065,3.0,0.10526315789473684,0.3684210526315789,0.3157894736842105,0.21052631578947367,0.3157894736842105,1.0,0.9927744539878083
astra_batch_14,astra,batch,50,0.48,0.673469387755102,2.3013803011698344,3.0,0.14285714285714285,0.3469387755102041,0.32653061224489793,0.1836734693877551,0.326530612244898,1.0,0.9988455359952018
astra_batch_14,astra,batch,100,0.49,0.6262626262626263,2.417210926261021,4.0,0.1717171717171717,0.31313131313131315,0.31313131313131315,0.20202020202020202,0.3737373737373737,1.0,0.9997114417528099
astra_batch_15,astra,batch,20,0.5,0.6842105263157895,1.378404875209022,2.0,0.15789473684210525,0.3684210526315789,0.3157894736842105,0.15789473684210525,0.3157894736842105,1.0,1.0
astra_batch_15,astra,batch,50,0.48,0.6122448979591837,1.4426563081960155,3.0,0.16326530612244897,0.30612244897959184,0.30612244897959184,0.22448979591836735,0.3877551020408163,1.0,0.9988455359952018
astra_batch_15,astra,batch,100,0.49,0.6464646464646465,2.819409083708778,3.0,0.16161616161616163,0.32323232323232326,0.32323232323232326,0.1919191919191919,0.3535353535353535,1.0,0.9997114417528099
astra_batch_16,astra,batch,20,0.5,0.5263157894736842,0.0,4.0,0.21052631578947367,0.2631578947368421,0.2631578947368421,0.2631578947368421,0.4736842105263158,1.0,1.0
astra_batch_16,astra,batch,50,0.5,0.6326530612244898,1.7146428199482247,4.0,0.1836734693877551,0.32653061224489793,0.30612244897959184,0.1836734693877551,0.36734693877551017,1.0,1.0
astra_batch_16,astra,batch,100,0.5,0.6262626262626263,2.412213819337764,4.0,0.18181818181818182,0.31313131313131315,0.31313131313131315,0.1919191919191919,0.3737373737373737,1.0,1.0
astra_batch_17,astra,batch,20,0.5,0.6842105263157895,1.378404875209022,2.0,0.15789473684210525,0.3684210526315789,0.3157894736842105,0.15789473684210525,0.3157894736842105,1.0,1.0
astra_batch_17,astra,batch,50,0.48,0.6326530612244898,1.7288976391872886,3.0,0.16326530612244897,0.32653061224489793,0.30612244897959184,0.20408163265306123,0.36734693877551017,1.0,0.9988455359952018
astra_batch_17,astra,batch,100,0.49,0.6161616161616161,2.2161118475371424,3.0,0.18181818181818182,0.31313131313131315,0.30303030303030304,0.20202020202020202,0.38383838383838387,1.0,0.9997114417528099
astra_batch_18,astra,batch,20,0.5,0.7368421052631579,1.837873166945363,2.0,0.10526315789473684,0.3684210526315789,0.3684210526315789,0.15789473684210525,0.26315789473684215,1.0,1.0
astra_batch_18,astra,batch,50,0.5,0.5918367346938775,1.1430952132988164,4.0,0.20408163265306123,0.30612244897959184,0.2857142857142857,0.20408163265306123,0.40816326530612246,1.0,1.0
astra_batch_18,astra,batch,100,0.5,0.6363636363636364,2.613231637615911,4.0,0.18181818181818182,0.32323232323232326,0.31313131313131315,0.18181818181818182,0.36363636363636365,1.0,1.0
astra_batch_19,astra,batch,20,0.5,0.5263157894736842,0.0,4.0,0.21052631578947367,0.2631578947368421,0.2631578947368421,0.2631578947368421,0.4736842105263158,1.0,1.0
astra_batch_19,astra,batch,50,0.48,0.5918367346938775,1.1564149772047425,4.0,0.1836734693877551,0.30612244897959184,0.2857142857142857,0.22448979591836735,0.40816326530612246,1.0,0.9988455359952018
astra_batch_19,astra,batch,100,0.49,0.5959595959595959,1.8139136900893853,4.0,0.1919191919191919,0.30303030303030304,0.29292929292929293,0.21212121212121213,0.4040404040404041,1.0,0.9997114417528099
astra_history_conditioned_00,astra,history_conditioned,20,0.5,0.631578947368421,0.9189365834726815,3.0,0.15789473684210525,0.3157894736842105,0.3157894736842105,0.21052631578947367,0.368421052631579,1.0,1.0
astra_history_conditioned_00,astra,history_conditioned,50,0.48,0.5918367346938775,1.1564149772047425,3.0,0.1836734693877551,0.30612244897959184,0.2857142857142857,0.22448979591836735,0.40816326530612246,1.0,0.9988455359952018
astra_history_conditioned_00,astra,history_conditioned,100,0.46,0.6161616161616161,2.290329388441925,5.0,0.15151515151515152,0.31313131313131315,0.30303030303030304,0.23232323232323232,0.38383838383838387,1.0,0.9953784388202257
astra_history_conditioned_01,astra,history_conditioned,20,0.5,0.8421052631578947,2.756809750418044,2.0,0.10526315789473684,0.42105263157894735,0.42105263157894735,0.05263157894736842,0.1578947368421053,0.0,1.0
astra_history_conditioned_01,astra,history_conditioned,50,0.48,0.6938775510204082,2.5876216321611074,3.0,0.14285714285714285,0.3469387755102041,0.3469387755102041,0.16326530612244897,0.30612244897959184,0.0,0.9988455359952018
astra_history_conditioned_01,astra,history_conditioned,100,0.45,0.6363636363636364,2.7414346458607715,5.0,0.13131313131313133,0.31313131313131315,0.32323232323232326,0.23232323232323232,0.36363636363636365,0.0,0.9927744539878083
astra_history_conditioned_02,astra,history_conditioned,20,0.45,0.7368421052631579,1.9039171968119892,2.0,0.05263157894736842,0.3684210526315789,0.3684210526315789,0.21052631578947367,0.26315789473684215,1.0,0.9927744539878083
astra_history_conditioned_02,astra,history_conditioned,50,0.44,0.673469387755102,2.424712378498389,3.0,0.10204081632653061,0.3469387755102041,0.32653061224489793,0.22448979591836735,0.326530612244898,1.0,0.9895875212220556
astra_history_conditioned_02,astra,history_conditioned,100,0.45,0.6666666666666666,3.350642344940943,4.0,0.1111111111111111,0.3333333333333333,0.3333333333333333,0.2222222222222222,0.33333333333333337,1.0,0.9927744539878083
astra_history_conditioned_03,astra,history_conditioned,20,0.45,0.8421052631578947,2.8326572928178377,2.0,0.0,0.42105263157894735,0.42105263157894735,0.15789473684210525,0.1578947368421053,1.0,0.9927744539878083
astra_history_conditioned_03,astra,history_conditioned,50,0.46,0.7142857142857143,2.9225558998068473,3.0,0.10204081632653061,0.3673469387755102,0.3469387755102041,0.1836734693877551,0.2857142857142857,1.0,0.9953784388202257
astra_history_conditioned_03,astra,history_conditioned,100,0.45,0.6464646464646465,2.9445038788874953,5.0,0.12121212121212122,0.32323232323232326,0.32323232323232326,0.23232323232323232,0.3535353535353535,1.0,0.9927744539878083
astra_history_conditioned_04,astra,history_conditioned,20,0.5,0.8947368421052632,3.2162780421543853,2.0,0.05263157894736842,0.42105263157894735,0.47368421052631576,0.05263157894736842,0.10526315789473684,0.0,1.0
astra_history_conditioned_04,astra,history_conditioned,50,0.44,0.7346938775510204,3.2948244760456578,4.0,0.08163265306122448,0.3673469387755102,0.3673469387755102,0.1836734693877551,0.26530612244897955,0.0,0.9895875212220556
astra_history_conditioned_04,astra,history_conditioned,100,0.45,0.7070707070707071,4.1629192770478385,5.0,0.10101010101010101,0.35353535353535354,0.35353535353535354,0.1919191919191919,0.29292929292929293,0.0,0.9927744539878083
astra_history_conditioned_05,astra,history_conditioned,20,0.5,0.7894736842105263,2.2973414586817036,2.0,0.10526315789473684,0.3684210526315789,0.42105263157894735,0.10526315789473684,0.21052631578947367,0.0,1.0
astra_history_conditioned_05,astra,history_conditioned,50,0.48,0.8571428571428571,4.877552280091291,3.0,0.061224489795918366,0.42857142857142855,0.42857142857142855,0.08163265306122448,0.1428571428571429,0.0,0.9988455359952018
astra_history_conditioned_05,astra,history_conditioned,100,0.46,0.7272727272727273,4.515914483217648,3.0,0.10101010101010101,0.36363636363636365,0.36363636363636365,0.1717171717171717,0.2727272727272727,0.0,0.9953784388202257
astra_history_conditioned_06,astra,history_conditioned,20,0.5,0.8947368421052632,3.2162780421543853,2.0,0.05263157894736842,0.42105263157894735,0.47368421052631576,0.05263157894736842,0.10526315789473684,0.0,1.0
astra_history_conditioned_06,astra,history_conditioned,50,0.5,0.7142857142857143,2.857738033247041,3.0,0.14285714285714285,0.3469387755102041,0.3673469387755102,0.14285714285714285,0.2857142857142857,0.0,1.0
astra_history_conditioned_06,astra,history_conditioned,100,0.48,0.6262626262626263,2.4322265173731905,5.0,0.1717171717171717,0.31313131313131315,0.31313131313131315,0.20202020202020202,0.3737373737373737,0.0,0.9988455359952018
astra_history_conditioned_07,astra,history_conditioned,20,0.5,0.8947368421052632,3.2162780421543853,2.0,0.05263157894736842,0.42105263157894735,0.47368421052631576,0.05263157894736842,0.10526315789473684,0.0,1.0
astra_history_conditioned_07,astra,history_conditioned,50,0.48,0.7551020408163265,3.4463456251349265,2.0,0.10204081632653061,0.3673469387755102,0.3877551020408163,0.14285714285714285,0.24489795918367352,0.0,0.9988455359952018
astra_history_conditioned_07,astra,history_conditioned,100,0.47,0.7171717171717171,4.273097516011617,4.0,0.1111111111111111,0.35353535353535354,0.36363636363636365,0.1717171717171717,0.2828282828282829,0.0,0.9974015885677396
astra_history_conditioned_08,astra,history_conditioned,20,0.45,0.9473684210526315,3.7613973888236862,2.0,0.0,0.47368421052631576,0.47368421052631576,0.05263157894736842,0.052631578947368474,0.0,0.9927744539878083
astra_history_conditioned_08,astra,history_conditioned,50,0.44,0.7551020408163265,3.5848618418947473,4.0,0.061224489795918366,0.3673469387755102,0.3877551020408163,0.1836734693877551,0.24489795918367352,0.0,0.9895875212220556
astra_history_conditioned_08,astra,history_conditioned,100,0.42,0.6060606060606061,2.327677666374173,6.0,0.12121212121212122,0.30303030303030304,0.30303030303030304,0.2727272727272727,0.3939393939393939,0.0,0.9814538950336535
astra_history_conditioned_09,astra,history_conditioned,20,0.45,0.7368421052631579,1.9039171968119892,3.0,0.10526315789473684,0.3684210526315789,0.3684210526315789,0.15789473684210525,0.26315789473684215,0.0,0.9927744539878083
astra_history_conditioned_09,astra,history_conditioned,50,0.5,0.673469387755102,2.2861904265976327,3.0,0.16326530612244897,0.32653061224489793,0.3469387755102041,0.16326530612244897,0.326530612244898,0.0,1.0
astra_history_conditioned_09,astra,history_conditioned,100,0.47,0.6161616161616161,2.2555821637870577,4.0,0.16161616161616163,0.30303030303030304,0.31313131313131315,0.2222222222222222,0.38383838383838387,0.0,0.9974015885677396
astra_history_conditioned_10,astra,history_conditioned,20,0.45,0.5789473684210527,0.5108070528032165,4.0,0.15789473684210525,0.2631578947368421,0.3157894736842105,0.2631578947368421,0.42105263157894735,0.0,0.9927744539878083
astra_history_conditioned_10,astra,history_conditioned,50,0.5,0.673469387755102,2.2861904265976327,4.0,0.16326530612244897,0.32653061224489793,0.3469387755102041,0.16326530612244897,0.326530612244898,0.0,1.0
astra_history_conditioned_10,astra,history_conditioned,100,0.47,0.6262626262626263,2.4573336990095136,4.0,0.16161616161616163,0.31313131313131315,0.31313131313131315,0.21212121212121213,0.3737373737373737,0.0,0.9974015885677396
astra_history_conditioned_11,astra,history_conditioned,20,0.45,0.8421052631578947,2.8326572928178377,2.0,0.05263157894736842,0.42105263157894735,0.42105263157894735,0.10526315789473684,0.1578947368421053,0.0,0.9927744539878083
astra_history_conditioned_11,astra,history_conditioned,50,0.46,0.7755102040816326,3.785515319041153,3.0,0.08163265306122448,0.3877551020408163,0.3877551020408163,0.14285714285714285,0.22448979591836737,0.0,0.9953784388202257
astra_history_conditioned_11,astra,history_conditioned,100,0.46,0.6464646464646465,2.897307141562577,4.0,0.1414141414141414,0.32323232323232326,0.32323232323232326,0.21212121212121213,0.3535353535353535,0.0,0.9953784388202257
astra_history_conditioned_12,astra,history_conditioned,20,0.45,0.8421052631578947,2.8326572928178377,2.0,0.05263157894736842,0.42105263157894735,0.42105263157894735,0.10526315789473684,0.1578947368421053,0.0,0.9927744539878083
astra_history_conditioned_12,astra,history_conditioned,50,0.46,0.7346938775510204,3.2102090395516156,2.0,0.10204081632653061,0.3673469387755102,0.3673469387755102,0.16326530612244897,0.26530612244897955,0.0,0.9953784388202257
astra_history_conditioned_12,astra,history_conditioned,100,0.44,0.6868686868686869,3.818602577908007,3.0,0.10101010101010101,0.3434343434343434,0.3434343434343434,0.21212121212121213,0.31313131313131315,0.0,0.9895875212220556
astra_history_conditioned_13,astra,history_conditioned,20,0.55,0.8947368421052632,3.2970273408207618,2.0,0.10526315789473684,0.42105263157894735,0.47368421052631576,0.0,0.10526315789473684,0.0,0.9927744539878083
astra_history_conditioned_13,astra,history_conditioned,50,0.5,0.6938775510204082,2.571964229922337,3.0,0.16326530612244897,0.3469387755102041,0.3469387755102041,0.14285714285714285,0.30612244897959184,0.0,1.0
astra_history_conditioned_13,astra,history_conditioned,100,0.49,0.6767676767676768,3.422706319880414,3.0,0.15151515151515152,0.3333333333333333,0.3434343434343434,0.1717171717171717,0.3232323232323232,0.0,0.9997114417528099
astra_history_conditioned_14,astra,history_conditioned,20,0.5,0.6842105263157895,1.378404875209022,3.0,0.15789473684210525,0.3157894736842105,0.3684210526315789,0.15789473684210525,0.3157894736842105,0.0,1.0
astra_history_conditioned_14,astra,history_conditioned,50,0.44,0.5918367346938775,1.2645629151020306,4.0,0.14285714285714285,0.2857142857142857,0.30612244897959184,0.2653061224489796,0.40816326530612246,0.0,0.9895875212220556
astra_history_conditioned_14,astra,history_conditioned,100,0.46,0.5757575757575758,1.48102571761439,4.0,0.1717171717171717,0.2828282828282828,0.29292929292929293,0.25252525252525254,0.4242424242424242,0.0,0.9953784388202257
astra_history_conditioned_15,astra,history_conditioned,20,0.5,0.7894736842105263,2.2973414586817036,2.0,0.10526315789473684,0.3684210526315789,0.42105263157894735,0.10526315789473684,0.21052631578947367,0.0,1.0
astra_history_conditioned_15,astra,history_conditioned,50,0.48,0.6530612244897959,2.0151389701785614,2.0,0.16326530612244897,0.32653061224489793,0.32653061224489793,0.1836734693877551,0.34693877551020413,0.0,0.9988455359952018
astra_history_conditioned_15,astra,history_conditioned,100,0.46,0.5959595959595959,1.8856775530281575,6.0,0.16161616161616163,0.29292929292929293,0.30303030303030304,0.24242424242424243,0.4040404040404041,0.0,0.9953784388202257
astra_history_conditioned_16,astra,history_conditioned,20,0.45,0.5789473684210527,0.5108070528032165,3.0,0.15789473684210525,0.3157894736842105,0.2631578947368421,0.2631578947368421,0.42105263157894735,1.0,0.9927744539878083
astra_history_conditioned_16,astra,history_conditioned,50,0.48,0.6530612244897959,2.0151389701785614,3.0,0.14285714285714285,0.32653061224489793,0.32653061224489793,0.20408163265306123,0.34693877551020413,1.0,0.9988455359952018
astra_history_conditioned_16,astra,history_conditioned,100,0.45,0.5757575757575758,1.5230192477004287,7.0,0.16161616161616163,0.29292929292929293,0.2828282828282828,0.26262626262626265,0.4242424242424242,1.0,0.9927744539878083
astra_history_conditioned_17,astra,history_conditioned,20,0.5,0.631578947368421,0.9189365834726815,3.0,0.21052631578947367,0.3157894736842105,0.3157894736842105,0.15789473684210525,0.368421052631579,0.0,1.0
astra_history_conditioned_17,astra,history_conditioned,50,0.44,0.5306122448979592,0.3944508175547617,6.0,0.1836734693877551,0.2653061224489796,0.2653061224489796,0.2857142857142857,0.4693877551020408,0.0,0.9895875212220556
astra_history_conditioned_17,astra,history_conditioned,100,0.47,0.5252525252525253,0.43981834678495396,6.0,0.21212121212121213,0.26262626262626265,0.26262626262626265,0.26262626262626265,0.4747474747474747,0.0,0.9974015885677396
astra_history_conditioned_18,astra,history_conditioned,20,0.5,0.7894736842105263,2.2973414586817036,2.0,0.10526315789473684,0.3684210526315789,0.42105263157894735,0.10526315789473684,0.21052631578947367,0.0,1.0
astra_history_conditioned_18,astra,history_conditioned,50,0.5,0.673469387755102,2.2861904265976327,3.0,0.16326530612244897,0.32653061224489793,0.3469387755102041,0.16326530612244897,0.326530612244898,0.0,1.0
astra_history_conditioned_18,astra,history_conditioned,100,0.47,0.5858585858585859,1.6503275581196897,4.0,0.18181818181818182,0.29292929292929293,0.29292929292929293,0.23232323232323232,0.41414141414141414,0.0,0.9974015885677396
astra_history_conditioned_19,astra,history_conditioned,20,0.5,0.631578947368421,0.9189365834726815,3.0,0.21052631578947367,0.3157894736842105,0.3157894736842105,0.15789473684210525,0.368421052631579,0.0,1.0
astra_history_conditioned_19,astra,history_conditioned,50,0.5,0.5918367346938775,1.1430952132988164,3.0,0.20408163265306123,0.2857142857142857,0.30612244897959184,0.20408163265306123,0.40816326530612246,0.0,1.0
astra_history_conditioned_19,astra,history_conditioned,100,0.47,0.5858585858585859,1.6503275581196897,5.0,0.18181818181818182,0.29292929292929293,0.29292929292929293,0.23232323232323232,0.41414141414141414,0.0,0.9974015885677396
astra_independent_calls_00,astra,independent_calls,20,0.2,0.3684210526315789,0.44487826050130436,9.0,0.0,0.15789473684210525,0.21052631578947367,0.631578947368421,0.631578947368421,0.0,0.7219280948873623
astra_independent_calls_00,astra,independent_calls,50,0.32,0.40816326530612246,-0.5796523324168168,9.0,0.12244897959183673,0.20408163265306123,0.20408163265306123,0.46938775510204084,0.5918367346938775,0.0,0.9043814577244939
astra_independent_calls_00,astra,independent_calls,100,0.35,0.42424242424242425,-0.7739268924891363,9.0,0.1414141414141414,0.21212121212121213,0.21212121212121213,0.43434343434343436,0.5757575757575757,0.0,0.934068055375491
astra_independent_calls_01,astra,independent_calls,20,0.35,0.47368421052631576,-0.05077075185907623,4.0,0.10526315789473684,0.21052631578947367,0.2631578947368421,0.42105263157894735,0.5263157894736843,0.0,0.934068055375491
astra_independent_calls_01,astra,independent_calls,50,0.42,0.5510204081632653,0.7746881372313213,4.0,0.14285714285714285,0.2653061224489796,0.2857142857142857,0.30612244897959184,0.44897959183673475,0.0,0.9814538950336535
astra_independent_calls_01,astra,independent_calls,100,0.36,0.5252525252525253,1.2923826382933972,5.0,0.10101010101010101,0.26262626262626265,0.26262626262626265,0.37373737373737376,0.4747474747474747,0.0,0.9426831892554922
astra_independent_calls_02,astra,independent_calls,20,0.15,0.3157894736842105,0.8579111129725719,9.0,0.0,0.15789473684210525,0.15789473684210525,0.6842105263157895,0.6842105263157895,0.0,0.6098403047164004
astra_independent_calls_02,astra,independent_calls,50,0.34,0.5102040816326531,0.8169851987414579,9.0,0.08163265306122448,0.24489795918367346,0.2653061224489796,0.40816326530612246,0.4897959183673469,0.0,0.9248187049730301
astra_independent_calls_02,astra,independent_calls,100,0.37,0.48484848484848486,0.2977370689242251,9.0,0.13131313131313133,0.24242424242424243,0.24242424242424243,0.3838383838383838,0.5151515151515151,0.0,0.9506720926870659
astra_independent_calls_03,astra,independent_calls,20,0.5,0.42105263157894735,-0.9189365834726815,5.0,0.3157894736842105,0.21052631578947367,0.21052631578947367,0.2631578947368421,0.5789473684210527,0.0,1.0
astra_independent_calls_03,astra,independent_calls,50,0.38,0.4489795918367347,-0.47365862253131435,5.0,0.16326530612244897,0.22448979591836735,0.22448979591836735,0.3877551020408163,0.5510204081632653,0.0,0.9580420222262995
astra_independent_calls_03,astra,independent_calls,100,0.42,0.48484848484848486,-0.14857517019409588,6.0,0.18181818181818182,0.24242424242424243,0.24242424242424243,0.3333333333333333,0.5151515151515151,0.0,0.9814538950336535
astra_independent_calls_04,astra,independent_calls,20,0.35,0.42105263157894735,-0.5584782704498403,4.0,0.15789473684210525,0.21052631578947367,0.21052631578947367,0.42105263157894735,0.5789473684210527,0.0,0.934068055375491
astra_independent_calls_04,astra,independent_calls,50,0.3,0.4489795918367347,0.3415650255319866,4.0,0.08163265306122448,0.22448979591836735,0.22448979591836735,0.46938775510204084,0.5510204081632653,0.0,0.8812908992306927
astra_independent_calls_04,astra,independent_calls,100,0.39,0.48484848484848486,0.08876769170810346,6.0,0.15151515151515152,0.24242424242424243,0.24242424242424243,0.36363636363636365,0.5151515151515151,0.0,0.9647995485050872
astra_independent_calls_05,astra,independent_calls,20,0.6,0.5263157894736842,0.1918898262711097,4.0,0.3157894736842105,0.2631578947368421,0.2631578947368421,0.15789473684210525,0.4736842105263158,1.0,0.9709505944546686
astra_independent_calls_05,astra,independent_calls,50,0.54,0.5510204081632653,0.6213307818486998,4.0,0.2653061224489796,0.2857142857142857,0.2653061224489796,0.1836734693877551,0.44897959183673475,1.0,0.9953784388202257
astra_independent_calls_05,astra,independent_calls,100,0.44,0.5151515151515151,0.3508545103633423,7.0,0.18181818181818182,0.26262626262626265,0.25252525252525254,0.30303030303030304,0.48484848484848486,1.0,0.9895875212220556
astra_independent_calls_06,astra,independent_calls,20,0.4,0.2631578947368421,-2.2067330021177596,8.0,0.2631578947368421,0.15789473684210525,0.10526315789473684,0.47368421052631576,0.736842105263158,1.0,0.9709505944546686
astra_independent_calls_06,astra,independent_calls,50,0.44,0.40816326530612246,-1.345773377539776,12.0,0.22448979591836735,0.20408163265306123,0.20408163265306123,0.3673469387755102,0.5918367346938775,1.0,0.9895875212220556
astra_independent_calls_06,astra,independent_calls,100,0.42,0.45454545454545453,-0.7676383793361631,12.0,0.1919191919191919,0.23232323232323232,0.2222222222222222,0.35353535353535354,0.5454545454545454,1.0,0.9814538950336535
astra_independent_calls_07,astra,independent_calls,20,0.45,0.47368421052631576,-0.41793304320263197,5.0,0.21052631578947367,0.21052631578947367,0.2631578947368421,0.3157894736842105,0.5263157894736843,0.0,0.9927744539878083
astra_independent_calls_07,astra,independent_calls,50,0.36,0.4489795918367347,-0.3230608614887477,7.0,0.14285714285714285,0.22448979591836735,0.22448979591836735,0.40816326530612246,0.5510204081632653,0.0,0.9426831892554922
astra_independent_calls_07,astra,independent_calls,100,0.38,0.46464646464646464,-0.23904976977397846,7.0,0.15151515151515152,0.23232323232323232,0.23232323232323232,0.3838383838383838,0.5353535353535354,0.0,0.9580420222262995
astra_independent_calls_08,astra,independent_calls,20,0.4,0.7368421052631579,2.110788088982205,2.0,0.05263157894736842,0.3684210526315789,0.3684210526315789,0.21052631578947367,0.26315789473684215,0.0,0.9709505944546686
astra_independent_calls_08,astra,independent_calls,50,0.46,0.5102040816326531,0.04602450235916299,5.0,0.20408163265306123,0.24489795918367346,0.2653061224489796,0.2857142857142857,0.4897959183673469,0.0,0.9953784388202257
astra_independent_calls_08,astra,independent_calls,100,0.47,0.5050505050505051,0.036315276340042016,6.0,0.2222222222222222,0.25252525252525254,0.25252525252525254,0.2727272727272727,0.4949494949494949,0.0,0.9974015885677396
astra_independent_calls_09,astra,independent_calls,20,0.2,0.42105263157894735,1.1863420280034789,5.0,0.0,0.21052631578947367,0.21052631578947367,0.5789473684210527,0.5789473684210527,0.0,0.7219280948873623
astra_independent_calls_09,astra,independent_calls,50,0.32,0.4897959183673469,0.7377393321668565,7.0,0.08163265306122448,0.24489795918367346,0.24489795918367346,0.42857142857142855,0.5102040816326531,0.0,0.9043814577244939
astra_independent_calls_09,astra,independent_calls,100,0.32,0.48484848484848486,1.0362261313090835,7.0,0.08080808080808081,0.24242424242424243,0.24242424242424243,0.43434343434343436,0.5151515151515151,0.0,0.9043814577244939
astra_independent_calls_10,astra,independent_calls,20,0.35,0.5263157894736842,0.45693676673168787,5.0,0.10526315789473684,0.2631578947368421,0.2631578947368421,0.3684210526315789,0.4736842105263158,0.0,0.934068055375491
astra_independent_calls_10,astra,independent_calls,50,0.38,0.4897959183673469,0.13359602173960197,5.0,0.14285714285714285,0.24489795918367346,0.24489795918367346,0.3673469387755102,0.5102040816326531,0.0,0.9580420222262995
astra_independent_calls_10,astra,independent_calls,100,0.39,0.5353535353535354,1.1455259263283786,5.0,0.12121212121212122,0.26262626262626265,0.2727272727272727,0.3434343434343434,0.46464646464646464,0.0,0.9647995485050872
astra_independent_calls_11,astra,independent_calls,20,0.5,0.47368421052631576,-0.45946829173634074,5.0,0.2631578947368421,0.21052631578947367,0.2631578947368421,0.2631578947368421,0.5263157894736843,0.0,1.0
astra_independent_calls_11,astra,independent_calls,50,0.42,0.40816326530612246,-1.279409196336576,6.0,0.22448979591836735,0.20408163265306123,0.20408163265306123,0.3673469387755102,0.5918367346938775,0.0,0.9814538950336535
astra_independent_calls_11,astra,independent_calls,100,0.42,0.42424242424242425,-1.3867015884782303,6.0,0.21212121212121213,0.21212121212121213,0.21212121212121213,0.36363636363636365,0.5757575757575757,0.0,0.9814538950336535
astra_independent_calls_12,astra,independent_calls,20,0.2,0.3157894736842105,-0.29658550700087005,9.0,0.0,0.15789473684210525,0.15789473684210525,0.6842105263157895,0.6842105263157895,1.0,0.7219280948873623
astra_independent_calls_12,astra,independent_calls,50,0.3,0.3877551020408163,-0.6831300510639732,9.0,0.10204081632653061,0.20408163265306123,0.1836734693877551,0.5102040816326531,0.6122448979591837,1.0,0.8812908992306927
astra_independent_calls_12,astra,independent_calls,100,0.35,0.46464646464646464,0.11056098464130518,9.0,0.1111111111111111,0.23232323232323232,0.23232323232323232,0.42424242424242425,0.5353535353535354,1.0,0.934068055375491
astra_independent_calls_13,astra,independent_calls,20,0.45,0.7368421052631579,1.9039171968119892,2.0,0.10526315789473684,0.3684210526315789,0.3684210526315789,0.15789473684210525,0.26315789473684215,0.0,0.9927744539878083
astra_independent_calls_13,astra,independent_calls,50,0.4,0.4897959183673469,0.0,9.0,0.16326530612244897,0.24489795918367346,0.24489795918367346,0.3469387755102041,0.5102040816326531,0.0,0.9709505944546686
astra_independent_calls_13,astra,independent_calls,100,0.37,0.4444444444444444,-0.5652689279575851,9.0,0.15151515151515152,0.2222222222222222,0.2222222222222222,0.40404040404040403,0.5555555555555556,0.0,0.9506720926870659
astra_independent_calls_14,astra,independent_calls,20,0.35,0.5263157894736842,0.45693676673168787,4.0,0.05263157894736842,0.2631578947368421,0.2631578947368421,0.42105263157894735,0.4736842105263158,1.0,0.934068055375491
astra_independent_calls_14,astra,independent_calls,50,0.44,0.42857142857142855,-1.0557360116906864,6.0,0.22448979591836735,0.22448979591836735,0.20408163265306123,0.3469387755102041,0.5714285714285714,1.0,0.9895875212220556
astra_independent_calls_14,astra,independent_calls,100,0.47,0.43434343434343436,-1.3759454702171496,8.0,0.25252525252525254,0.2222222222222222,0.21212121212121213,0.31313131313131315,0.5656565656565656,1.0,0.9974015885677396
astra_independent_calls_15,astra,independent_calls,20,0.3,0.47368421052631576,0.3317206807520597,6.0,0.05263157894736842,0.2631578947368421,0.21052631578947367,0.47368421052631576,0.5263157894736843,1.0,0.8812908992306927
astra_independent_calls_15,astra,independent_calls,50,0.42,0.4897959183673469,-0.10563929144063455,6.0,0.16326530612244897,0.24489795918367346,0.24489795918367346,0.3469387755102041,0.5102040816326531,1.0,0.9814538950336535
astra_independent_calls_15,astra,independent_calls,100,0.41,0.4444444444444444,-0.9102511737007588,10.0,0.18181818181818182,0.2222222222222222,0.2222222222222222,0.37373737373737376,0.5555555555555556,1.0,0.9765004687578239
astra_independent_calls_16,astra,independent_calls,20,0.35,0.631578947368421,1.4723518039132162,5.0,0.05263157894736842,0.3157894736842105,0.3157894736842105,0.3157894736842105,0.368421052631579,0.0,0.934068055375491
astra_independent_calls_16,astra,independent_calls,50,0.38,0.5510204081632653,1.0444779881459765,6.0,0.10204081632653061,0.2653061224489796,0.2857142857142857,0.3469387755102041,0.44897959183673475,0.0,0.9580420222262995
astra_independent_calls_16,astra,independent_calls,100,0.37,0.5050505050505051,0.7292400673651301,10.0,0.12121212121212122,0.25252525252525254,0.25252525252525254,0.37373737373737376,0.4949494949494949,0.0,0.9506720926870659
astra_independent_calls_17,astra,independent_calls,20,0.35,0.5263157894736842,0.45693676673168787,3.0,0.10526315789473684,0.2631578947368421,0.2631578947368421,0.3684210526315789,0.4736842105263158,0.0,0.934068055375491
astra_independent_calls_17,astra,independent_calls,50,0.4,0.4897959183673469,0.0,5.0,0.16326530612244897,0.24489795918367346,0.24489795918367346,0.3469387755102041,0.5102040816326531,0.0,0.9709505944546686
astra_independent_calls_17,astra,independent_calls,100,0.38,0.5252525252525253,1.0415739968723376,6.0,0.12121212121212122,0.26262626262626265,0.26262626262626265,0.35353535353535354,0.4747474747474747,0.0,0.9580420222262995
astra_independent_calls_18,astra,independent_calls,20,0.35,0.21052631578947367,-2.589308344812897,7.0,0.2631578947368421,0.10526315789473684,0.10526315789473684,0.5263157894736842,0.7894736842105263,0.0,0.934068055375491
astra_independent_calls_18,astra,independent_calls,50,0.4,0.3673469387755102,-1.787638714593372,7.0,0.22448979591836735,0.1836734693877551,0.1836734693877551,0.40816326530612246,0.6326530612244898,0.0,0.9709505944546686
astra_independent_calls_18,astra,independent_calls,100,0.35,0.42424242424242425,-0.7739268924891363,7.0,0.1414141414141414,0.21212121212121213,0.21212121212121213,0.43434343434343436,0.5757575757575757,0.0,0.934068055375491
astra_independent_calls_19,astra,independent_calls,20,0.35,0.5789473684210527,0.964644285322452,4.0,0.05263157894736842,0.3157894736842105,0.2631578947368421,0.3684210526315789,0.42105263157894735,1.0,0.934068055375491
astra_independent_calls_19,astra,independent_calls,50,0.3,0.42857142857142855,0.0,10.0,0.08163265306122448,0.22448979591836735,0.20408163265306123,0.4897959183673469,0.5714285714285714,1.0,0.8812908992306927
astra_independent_calls_19,astra,independent_calls,100,0.35,0.43434343434343436,-0.5528049232065259,10.0,0.13131313131313133,0.2222222222222222,0.21212121212121213,0.43434343434343436,0.5656565656565656,1.0,0.934068055375491
fable_batch_00,fable,batch,20,0.5,0.5789473684210527,0.45946829173634074,3.0,0.21052631578947367,0.3157894736842105,0.2631578947368421,0.21052631578947367,0.42105263157894735,1.0,1.0
fable_batch_00,fable,batch,50,0.52,0.6122448979591837,1.4426563081960155,3.0,0.20408163265306123,0.30612244897959184,0.30612244897959184,0.1836734693877551,0.3877551020408163,1.0,0.9988455359952018
fable_batch_00,fable,batch,100,0.51,0.6363636363636364,2.6183100049848997,3.0,0.1919191919191919,0.32323232323232326,0.31313131313131315,0.1717171717171717,0.36363636363636365,1.0,0.9997114417528099
fable_batch_01,fable,batch,20,0.5,0.5789473684210527,0.45946829173634074,3.0,0.21052631578947367,0.3157894736842105,0.2631578947368421,0.21052631578947367,0.42105263157894735,1.0,1.0
fable_batch_01,fable,batch,50,0.5,0.6122448979591837,1.4288690166235205,3.0,0.1836734693877551,0.30612244897959184,0.30612244897959184,0.20408163265306123,0.3877551020408163,1.0,1.0
fable_batch_01,fable,batch,100,0.51,0.6363636363636364,2.6183100049848997,3.0,0.1919191919191919,0.32323232323232326,0.31313131313131315,0.1717171717171717,0.36363636363636365,1.0,0.9997114417528099
fable_batch_02,fable,batch,20,0.5,0.5789473684210527,0.45946829173634074,3.0,0.21052631578947367,0.3157894736842105,0.2631578947368421,0.21052631578947367,0.42105263157894735,1.0,1.0
fable_batch_02,fable,batch,50,0.52,0.6326530612244898,1.7288976391872886,3.0,0.20408163265306123,0.32653061224489793,0.30612244897959184,0.16326530612244897,0.36734693877551017,1.0,0.9988455359952018
fable_batch_02,fable,batch,100,0.51,0.6363636363636364,2.6183100049848997,3.0,0.1919191919191919,0.32323232323232326,0.31313131313131315,0.1717171717171717,0.36363636363636365,1.0,0.9997114417528099
fable_batch_03,fable,batch,20,0.5,0.5789473684210527,0.45946829173634074,3.0,0.21052631578947367,0.3157894736842105,0.2631578947368421,0.21052631578947367,0.42105263157894735,1.0,1.0
fable_batch_03,fable,batch,50,0.5,0.6326530612244898,1.7146428199482247,3.0,0.1836734693877551,0.32653061224489793,0.30612244897959184,0.1836734693877551,0.36734693877551017,1.0,1.0
fable_batch_03,fable,batch,100,0.51,0.6565656565656566,3.0205081624326566,3.0,0.18181818181818182,0.3333333333333333,0.32323232323232326,0.16161616161616163,0.3434343434343434,1.0,0.9997114417528099
fable_batch_04,fable,batch,20,0.5,0.5789473684210527,0.45946829173634074,3.0,0.21052631578947367,0.3157894736842105,0.2631578947368421,0.21052631578947367,0.42105263157894735,1.0,1.0
fable_batch_04,fable,batch,50,0.5,0.6326530612244898,1.7146428199482247,3.0,0.1836734693877551,0.32653061224489793,0.30612244897959184,0.1836734693877551,0.36734693877551017,1.0,1.0
fable_batch_04,fable,batch,100,0.51,0.6767676767676768,3.422706319880414,3.0,0.1717171717171717,0.3434343434343434,0.3333333333333333,0.15151515151515152,0.3232323232323232,1.0,0.9997114417528099
fable_batch_05,fable,batch,20,0.55,0.631578947368421,0.9751771008061407,3.0,0.21052631578947367,0.3157894736842105,0.3157894736842105,0.15789473684210525,0.368421052631579,1.0,0.9927744539878083
fable_batch_05,fable,batch,50,0.52,0.6530612244897959,2.0151389701785614,3.0,0.1836734693877551,0.32653061224489793,0.32653061224489793,0.16326530612244897,0.34693877551020413,1.0,0.9988455359952018
fable_batch_05,fable,batch,100,0.52,0.6565656565656566,3.0362562816214997,3.0,0.1919191919191919,0.3333333333333333,0.32323232323232326,0.15151515151515152,0.3434343434343434,1.0,0.9988455359952018
fable_batch_06,fable,batch,20,0.5,0.5789473684210527,0.45946829173634074,3.0,0.21052631578947367,0.3157894736842105,0.2631578947368421,0.21052631578947367,0.42105263157894735,1.0,1.0
fable_batch_06,fable,batch,50,0.5,0.6326530612244898,1.7146428199482247,3.0,0.1836734693877551,0.32653061224489793,0.30612244897959184,0.1836734693877551,0.36734693877551017,1.0,1.0
fable_batch_06,fable,batch,100,0.5,0.6464646464646465,2.814249455894058,3.0,0.1717171717171717,0.32323232323232326,0.32323232323232326,0.18181818181818182,0.3535353535353535,1.0,1.0
fable_batch_07,fable,batch,20,0.5,0.5789473684210527,0.45946829173634074,3.0,0.21052631578947367,0.3157894736842105,0.2631578947368421,0.21052631578947367,0.42105263157894735,1.0,1.0
fable_batch_07,fable,batch,50,0.5,0.5918367346938775,1.1430952132988164,3.0,0.20408163265306123,0.30612244897959184,0.2857142857142857,0.20408163265306123,0.40816326530612246,1.0,1.0
fable_batch_07,fable,batch,100,0.5,0.6161616161616161,2.211196001059617,3.0,0.1919191919191919,0.31313131313131315,0.30303030303030304,0.1919191919191919,0.38383838383838387,1.0,1.0
fable_batch_08,fable,batch,20,0.55,0.631578947368421,0.9751771008061407,3.0,0.21052631578947367,0.3157894736842105,0.3157894736842105,0.15789473684210525,0.368421052631579,1.0,0.9927744539878083
fable_batch_08,fable,batch,50,0.52,0.6530612244897959,2.0151389701785614,3.0,0.1836734693877551,0.32653061224489793,0.32653061224489793,0.16326530612244897,0.34693877551020413,1.0,0.9988455359952018
fable_batch_08,fable,batch,100,0.52,0.6868686868686869,3.6402860458698085,3.0,0.1717171717171717,0.3434343434343434,0.3434343434343434,0.1414141414141414,0.31313131313131315,1.0,0.9988455359952018
fable_batch_09,fable,batch,20,0.5,0.5789473684210527,0.45946829173634074,3.0,0.21052631578947367,0.3157894736842105,0.2631578947368421,0.21052631578947367,0.42105263157894735,1.0,1.0
fable_batch_09,fable,batch,50,0.48,0.6326530612244898,1.7288976391872886,3.0,0.16326530612244897,0.32653061224489793,0.30612244897959184,0.20408163265306123,0.36734693877551017,1.0,0.9988455359952018
fable_batch_09,fable,batch,100,0.49,0.6363636363636364,2.6183100049848997,3.0,0.1717171717171717,0.32323232323232326,0.31313131313131315,0.1919191919191919,0.36363636363636365,1.0,0.9997114417528099
fable_batch_10,fable,batch,20,0.5,0.5789473684210527,0.45946829173634074,3.0,0.21052631578947367,0.3157894736842105,0.2631578947368421,0.21052631578947367,0.42105263157894735,1.0,1.0
fable_batch_10,fable,batch,50,0.52,0.6122448979591837,1.4426563081960155,3.0,0.20408163265306123,0.30612244897959184,0.30612244897959184,0.1836734693877551,0.3877551020408163,1.0,0.9988455359952018
fable_batch_10,fable,batch,100,0.51,0.6363636363636364,2.6183100049848997,3.0,0.1919191919191919,0.32323232323232326,0.31313131313131315,0.1717171717171717,0.36363636363636365,1.0,0.9997114417528099
fable_batch_11,fable,batch,20,0.5,0.631578947368421,0.9189365834726815,2.0,0.15789473684210525,0.3157894736842105,0.3157894736842105,0.21052631578947367,0.368421052631579,1.0,1.0
fable_batch_11,fable,batch,50,0.5,0.6530612244897959,2.000416623272929,3.0,0.16326530612244897,0.32653061224489793,0.32653061224489793,0.1836734693877551,0.34693877551020413,1.0,1.0
fable_batch_11,fable,batch,100,0.5,0.6767676767676768,3.417302910728499,3.0,0.16161616161616163,0.3434343434343434,0.3333333333333333,0.16161616161616163,0.3232323232323232,1.0,1.0
fable_batch_12,fable,batch,20,0.5,0.631578947368421,0.9189365834726815,3.0,0.15789473684210525,0.3157894736842105,0.3157894736842105,0.21052631578947367,0.368421052631579,1.0,1.0
fable_batch_12,fable,batch,50,0.52,0.6530612244897959,2.0151389701785614,3.0,0.1836734693877551,0.32653061224489793,0.32653061224489793,0.16326530612244897,0.34693877551020413,1.0,0.9988455359952018
fable_batch_12,fable,batch,100,0.5,0.6565656565656566,3.015267274172205,3.0,0.1717171717171717,0.3333333333333333,0.32323232323232326,0.1717171717171717,0.3434343434343434,1.0,1.0
fable_batch_13,fable,batch,20,0.5,0.631578947368421,0.9189365834726815,3.0,0.15789473684210525,0.3157894736842105,0.3157894736842105,0.21052631578947367,0.368421052631579,1.0,1.0
fable_batch_13,fable,batch,50,0.5,0.5918367346938775,1.1430952132988164,3.0,0.20408163265306123,0.30612244897959184,0.2857142857142857,0.20408163265306123,0.40816326530612246,1.0,1.0
fable_batch_13,fable,batch,100,0.5,0.6161616161616161,2.211196001059617,3.0,0.1919191919191919,0.31313131313131315,0.30303030303030304,0.1919191919191919,0.38383838383838387,1.0,1.0
fable_batch_14,fable,batch,20,0.5,0.631578947368421,0.9189365834726815,3.0,0.15789473684210525,0.3157894736842105,0.3157894736842105,0.21052631578947367,0.368421052631579,1.0,1.0
fable_batch_14,fable,batch,50,0.5,0.5918367346938775,1.1430952132988164,3.0,0.20408163265306123,0.30612244897959184,0.2857142857142857,0.20408163265306123,0.40816326530612246,1.0,1.0
fable_batch_14,fable,batch,100,0.51,0.6161616161616161,2.2161118475371424,3.0,0.20202020202020202,0.31313131313131315,0.30303030303030304,0.18181818181818182,0.38383838383838387,1.0,0.9997114417528099
fable_batch_15,fable,batch,20,0.5,0.6842105263157895,1.378404875209022,3.0,0.15789473684210525,0.3684210526315789,0.3157894736842105,0.15789473684210525,0.3157894736842105,1.0,1.0
fable_batch_15,fable,batch,50,0.5,0.6326530612244898,1.7146428199482247,3.0,0.1836734693877551,0.32653061224489793,0.30612244897959184,0.1836734693877551,0.36734693877551017,1.0,1.0
fable_batch_15,fable,batch,100,0.51,0.6666666666666666,3.2216072411565353,3.0,0.1717171717171717,0.3333333333333333,0.3333333333333333,0.16161616161616163,0.33333333333333337,1.0,0.9997114417528099
fable_batch_16,fable,batch,20,0.5,0.5789473684210527,0.45946829173634074,3.0,0.21052631578947367,0.3157894736842105,0.2631578947368421,0.21052631578947367,0.42105263157894735,1.0,1.0
fable_batch_16,fable,batch,50,0.5,0.6122448979591837,1.4288690166235205,3.0,0.1836734693877551,0.30612244897959184,0.30612244897959184,0.20408163265306123,0.3877551020408163,1.0,1.0
fable_batch_16,fable,batch,100,0.5,0.6363636363636364,2.613231637615911,3.0,0.18181818181818182,0.32323232323232326,0.31313131313131315,0.18181818181818182,0.36363636363636365,1.0,1.0
fable_batch_17,fable,batch,20,0.5,0.631578947368421,0.9189365834726815,3.0,0.15789473684210525,0.3157894736842105,0.3157894736842105,0.21052631578947367,0.368421052631579,1.0,1.0
fable_batch_17,fable,batch,50,0.5,0.5918367346938775,1.1430952132988164,3.0,0.20408163265306123,0.30612244897959184,0.2857142857142857,0.20408163265306123,0.40816326530612246,1.0,1.0
fable_batch_17,fable,batch,100,0.5,0.6262626262626263,2.412213819337764,3.0,0.18181818181818182,0.31313131313131315,0.31313131313131315,0.1919191919191919,0.3737373737373737,1.0,1.0
fable_batch_18,fable,batch,20,0.5,0.631578947368421,0.9189365834726815,3.0,0.15789473684210525,0.3157894736842105,0.3157894736842105,0.21052631578947367,0.368421052631579,1.0,1.0
fable_batch_18,fable,batch,50,0.5,0.5918367346938775,1.1430952132988164,3.0,0.20408163265306123,0.30612244897959184,0.2857142857142857,0.20408163265306123,0.40816326530612246,1.0,1.0
fable_batch_18,fable,batch,100,0.51,0.6363636363636364,2.6183100049848997,3.0,0.1919191919191919,0.32323232323232326,0.31313131313131315,0.1717171717171717,0.36363636363636365,1.0,0.9997114417528099
fable_batch_19,fable,batch,20,0.5,0.5789473684210527,0.45946829173634074,3.0,0.21052631578947367,0.3157894736842105,0.2631578947368421,0.21052631578947367,0.42105263157894735,1.0,1.0
fable_batch_19,fable,batch,50,0.5,0.5918367346938775,1.1430952132988164,3.0,0.20408163265306123,0.30612244897959184,0.2857142857142857,0.20408163265306123,0.40816326530612246,1.0,1.0
fable_batch_19,fable,batch,100,0.51,0.6161616161616161,2.2161118475371424,3.0,0.20202020202020202,0.31313131313131315,0.30303030303030304,0.18181818181818182,0.38383838383838387,1.0,0.9997114417528099
fable_history_conditioned_00,fable,history_conditioned,20,0.5,0.8947368421052632,3.2162780421543853,2.0,0.05263157894736842,0.47368421052631576,0.42105263157894735,0.05263157894736842,0.10526315789473684,1.0,1.0
fable_history_conditioned_00,fable,history_conditioned,50,0.6,0.7142857142857143,3.2773376434211823,5.0,0.24489795918367346,0.3673469387755102,0.3469387755102041,0.04081632653061224,0.2857142857142857,1.0,0.9709505944546686
fable_history_conditioned_00,fable,history_conditioned,100,0.74,0.46464646464646464,1.970235387091299,19.0,0.5050505050505051,0.23232323232323232,0.23232323232323232,0.030303030303030304,0.5353535353535354,1.0,0.8267463724926178
fable_history_conditioned_01,fable,history_conditioned,20,0.55,0.7368421052631579,1.9039171968119892,3.0,0.15789473684210525,0.3684210526315789,0.3684210526315789,0.10526315789473684,0.26315789473684215,1.0,0.9927744539878083
fable_history_conditioned_01,fable,history_conditioned,50,0.58,0.7346938775510204,3.4156704232471893,4.0,0.20408163265306123,0.3673469387755102,0.3673469387755102,0.061224489795918366,0.26530612244897955,1.0,0.9814538950336537
fable_history_conditioned_01,fable,history_conditioned,100,0.69,0.5454545454545454,2.640619622919546,8.0,0.41414141414141414,0.2727272727272727,0.2727272727272727,0.04040404040404041,0.4545454545454546,1.0,0.8931734583778568
fable_history_conditioned_02,fable,history_conditioned,20,0.55,0.8421052631578947,2.8326572928178377,3.0,0.10526315789473684,0.42105263157894735,0.42105263157894735,0.05263157894736842,0.1578947368421053,1.0,0.9927744539878083
fable_history_conditioned_02,fable,history_conditioned,50,0.66,0.6530612244897959,3.050929101550133,6.0,0.32653061224489793,0.32653061224489793,0.32653061224489793,0.02040816326530612,0.34693877551020413,1.0,0.92481870497303
fable_history_conditioned_02,fable,history_conditioned,100,0.81,0.36363636363636365,1.7155028577031692,37.0,0.6262626262626263,0.18181818181818182,0.18181818181818182,0.010101010101010102,0.6363636363636364,1.0,0.7014714598838974
fable_history_conditioned_03,fable,history_conditioned,20,0.6,0.631578947368421,1.1513389576266573,3.0,0.2631578947368421,0.3157894736842105,0.3157894736842105,0.10526315789473684,0.368421052631579,1.0,0.9709505944546686
fable_history_conditioned_03,fable,history_conditioned,50,0.62,0.6530612244897959,2.5626145988232674,4.0,0.2857142857142857,0.32653061224489793,0.32653061224489793,0.061224489795918366,0.34693877551020413,1.0,0.9580420222262995
fable_history_conditioned_03,fable,history_conditioned,100,0.76,0.41414141414141414,1.250077135221678,20.0,0.5555555555555556,0.21212121212121213,0.20202020202020202,0.030303030303030304,0.5858585858585859,1.0,0.7950402793845223
fable_history_conditioned_04,fable,history_conditioned,20,0.6,0.7894736842105263,2.590512654659979,3.0,0.21052631578947367,0.42105263157894735,0.3684210526315789,0.0,0.21052631578947367,1.0,0.9709505944546686
fable_history_conditioned_04,fable,history_conditioned,50,0.66,0.6938775510204082,3.6891987880668973,5.0,0.30612244897959184,0.3469387755102041,0.3469387755102041,0.0,0.30612244897959184,1.0,0.92481870497303
fable_history_conditioned_04,fable,history_conditioned,100,0.78,0.4444444444444444,2.8481759743762223,32.0,0.5555555555555556,0.2222222222222222,0.2222222222222222,0.0,0.5555555555555556,1.0,0.7601675029619656
fable_history_conditioned_05,fable,history_conditioned,20,0.55,0.6842105263157895,1.439547148809065,4.0,0.21052631578947367,0.3684210526315789,0.3157894736842105,0.10526315789473684,0.3157894736842105,1.0,0.9927744539878083
fable_history_conditioned_05,fable,history_conditioned,50,0.58,0.7346938775510204,3.4156704232471893,4.0,0.20408163265306123,0.3673469387755102,0.3673469387755102,0.061224489795918366,0.26530612244897955,1.0,0.9814538950336537
fable_history_conditioned_05,fable,history_conditioned,100,0.71,0.5252525252525253,2.64665126682072,21.0,0.4444444444444444,0.26262626262626265,0.26262626262626265,0.030303030303030304,0.4747474747474747,1.0,0.8687212463394046
fable_history_conditioned_06,fable,history_conditioned,20,0.5,0.8947368421052632,3.2162780421543853,2.0,0.05263157894736842,0.47368421052631576,0.42105263157894735,0.05263157894736842,0.10526315789473684,1.0,1.0
fable_history_conditioned_06,fable,history_conditioned,50,0.54,0.8979591836734694,5.511434157509763,3.0,0.08163265306122448,0.4489795918367347,0.4489795918367347,0.02040816326530612,0.10204081632653061,1.0,0.9953784388202257
fable_history_conditioned_06,fable,history_conditioned,100,0.68,0.6060606060606061,3.811831840172702,13.0,0.37373737373737376,0.30303030303030304,0.30303030303030304,0.020202020202020204,0.3939393939393939,1.0,0.9043814577244937
fable_history_conditioned_07,fable,history_conditioned,20,0.5,0.9473684210526315,3.675746333890726,2.0,0.0,0.47368421052631576,0.47368421052631576,0.05263157894736842,0.052631578947368474,1.0,1.0
fable_history_conditioned_07,fable,history_conditioned,50,0.64,0.6938775510204082,3.404564463381421,7.0,0.2857142857142857,0.3469387755102041,0.3469387755102041,0.02040816326530612,0.30612244897959184,1.0,0.9426831892554922
fable_history_conditioned_07,fable,history_conditioned,100,0.81,0.36363636363636365,1.7155028577031692,43.0,0.6262626262626263,0.18181818181818182,0.18181818181818182,0.010101010101010102,0.6363636363636364,1.0,0.7014714598838974
fable_history_conditioned_08,fable,history_conditioned,20,0.6,0.7368421052631579,2.110788088982205,5.0,0.21052631578947367,0.3684210526315789,0.3684210526315789,0.05263157894736842,0.26315789473684215,1.0,0.9709505944546686
fable_history_conditioned_08,fable,history_conditioned,50,0.64,0.6938775510204082,3.404564463381421,5.0,0.2857142857142857,0.3469387755102041,0.3469387755102041,0.02040816326530612,0.30612244897959184,1.0,0.9426831892554922
fable_history_conditioned_08,fable,history_conditioned,100,0.79,0.3939393939393939,1.7721862850261725,21.0,0.5959595959595959,0.20202020202020202,0.1919191919191919,0.010101010101010102,0.6060606060606061,1.0,0.7414827399312736
fable_history_conditioned_09,fable,history_conditioned,20,0.5,0.7894736842105263,2.2973414586817036,2.0,0.10526315789473684,0.42105263157894735,0.3684210526315789,0.10526315789473684,0.21052631578947367,1.0,1.0
fable_history_conditioned_09,fable,history_conditioned,50,0.56,0.7959183673469388,4.164936573592927,5.0,0.16326530612244897,0.40816326530612246,0.3877551020408163,0.04081632653061224,0.20408163265306123,1.0,0.9895875212220556
fable_history_conditioned_09,fable,history_conditioned,100,0.69,0.5757575757575758,3.3466676504381416,28.0,0.40404040404040403,0.29292929292929293,0.2828282828282828,0.020202020202020204,0.4242424242424242,1.0,0.8931734583778568
fable_history_conditioned_10,fable,history_conditioned,20,0.55,0.8421052631578947,2.8326572928178377,2.0,0.10526315789473684,0.42105263157894735,0.42105263157894735,0.05263157894736842,0.1578947368421053,1.0,0.9927744539878083
fable_history_conditioned_10,fable,history_conditioned,50,0.56,0.7959183673469388,4.164936573592927,3.0,0.16326530612244897,0.40816326530612246,0.3877551020408163,0.04081632653061224,0.20408163265306123,1.0,0.9895875212220556
fable_history_conditioned_10,fable,history_conditioned,100,0.72,0.5050505050505051,2.4189446906976926,17.0,0.46464646464646464,0.25252525252525254,0.25252525252525254,0.030303030303030304,0.4949494949494949,1.0,0.8554508105601306
fable_history_conditioned_11,fable,history_conditioned,20,0.5,0.8947368421052632,3.2162780421543853,2.0,0.05263157894736842,0.47368421052631576,0.42105263157894735,0.05263157894736842,0.10526315789473684,1.0,1.0
fable_history_conditioned_11,fable,history_conditioned,50,0.58,0.7551020408163265,3.7091128994711746,5.0,0.20408163265306123,0.3877551020408163,0.3673469387755102,0.04081632653061224,0.24489795918367352,1.0,0.9814538950336537
fable_history_conditioned_11,fable,history_conditioned,100,0.66,0.6161616161616161,3.6142892098687014,15.0,0.35353535353535354,0.31313131313131315,0.30303030303030304,0.030303030303030304,0.38383838383838387,1.0,0.92481870497303
fable_history_conditioned_12,fable,history_conditioned,20,0.55,0.8421052631578947,2.8326572928178377,2.0,0.10526315789473684,0.42105263157894735,0.42105263157894735,0.05263157894736842,0.1578947368421053,1.0,0.9927744539878083
fable_history_conditioned_12,fable,history_conditioned,50,0.56,0.8571428571428571,5.035048671140196,4.0,0.12244897959183673,0.42857142857142855,0.42857142857142855,0.02040816326530612,0.1428571428571429,1.0,0.9895875212220556
fable_history_conditioned_12,fable,history_conditioned,100,0.57,0.8080808080808081,6.353328034982956,4.0,0.16161616161616163,0.40404040404040403,0.40404040404040403,0.030303030303030304,0.19191919191919193,1.0,0.9858150371789198
fable_history_conditioned_13,fable,history_conditioned,20,0.6,0.7368421052631579,2.110788088982205,3.0,0.21052631578947367,0.3684210526315789,0.3684210526315789,0.05263157894736842,0.26315789473684215,1.0,0.9709505944546686
fable_history_conditioned_13,fable,history_conditioned,50,0.66,0.6122448979591837,2.4126594150333687,5.0,0.3469387755102041,0.30612244897959184,0.30612244897959184,0.04081632653061224,0.3877551020408163,1.0,0.92481870497303
fable_history_conditioned_13,fable,history_conditioned,100,0.79,0.3838383838383838,1.4676869233378267,26.0,0.5959595959595959,0.1919191919191919,0.1919191919191919,0.020202020202020204,0.6161616161616161,1.0,0.7414827399312736
fable_history_conditioned_14,fable,history_conditioned,20,0.5,0.9473684210526315,3.675746333890726,2.0,0.0,0.47368421052631576,0.47368421052631576,0.05263157894736842,0.052631578947368474,1.0,1.0
fable_history_conditioned_14,fable,history_conditioned,50,0.68,0.6122448979591837,2.7138268290423664,6.0,0.3673469387755102,0.30612244897959184,0.30612244897959184,0.02040816326530612,0.3877551020408163,1.0,0.9043814577244937
fable_history_conditioned_14,fable,history_conditioned,100,0.84,0.30303030303030304,1.176997182226205,56.0,0.6868686868686869,0.15151515151515152,0.15151515151515152,0.010101010101010102,0.696969696969697,1.0,0.6343095546405662
fable_history_conditioned_15,fable,history_conditioned,20,0.6,0.7368421052631579,2.110788088982205,3.0,0.21052631578947367,0.3684210526315789,0.3684210526315789,0.05263157894736842,0.26315789473684215,1.0,0.9709505944546686
fable_history_conditioned_15,fable,history_conditioned,50,0.72,0.5306122448979592,2.0800217242767522,8.0,0.4489795918367347,0.2653061224489796,0.2653061224489796,0.02040816326530612,0.4693877551020408,1.0,0.8554508105601306
fable_history_conditioned_15,fable,history_conditioned,100,0.86,0.26262626262626265,0.8103500858523205,58.0,0.7272727272727273,0.13131313131313133,0.13131313131313133,0.010101010101010102,0.7373737373737373,1.0,0.584238811642856
fable_history_conditioned_16,fable,history_conditioned,20,0.55,0.7368421052631579,1.9039171968119892,3.0,0.15789473684210525,0.3684210526315789,0.3684210526315789,0.10526315789473684,0.26315789473684215,1.0,0.9927744539878083
fable_history_conditioned_16,fable,history_conditioned,50,0.62,0.6530612244897959,2.5626145988232674,4.0,0.2857142857142857,0.32653061224489793,0.32653061224489793,0.061224489795918366,0.34693877551020413,1.0,0.9580420222262995
fable_history_conditioned_16,fable,history_conditioned,100,0.76,0.42424242424242425,1.5266428731025798,16.0,0.5454545454545454,0.21212121212121213,0.21212121212121213,0.030303030303030304,0.5757575757575757,1.0,0.7950402793845223
fable_history_conditioned_17,fable,history_conditioned,20,0.55,0.8947368421052632,3.2970273408207618,3.0,0.10526315789473684,0.47368421052631576,0.42105263157894735,0.0,0.10526315789473684,1.0,0.9927744539878083
fable_history_conditioned_17,fable,history_conditioned,50,0.56,0.8367346938775511,4.745011305291106,3.0,0.14285714285714285,0.42857142857142855,0.40816326530612246,0.02040816326530612,0.16326530612244894,1.0,0.9895875212220556
fable_history_conditioned_17,fable,history_conditioned,100,0.72,0.5454545454545454,3.418508612473598,13.0,0.4444444444444444,0.2727272727272727,0.2727272727272727,0.010101010101010102,0.4545454545454546,1.0,0.8554508105601306
fable_history_conditioned_18,fable,history_conditioned,20,0.5,0.9473684210526315,3.675746333890726,2.0,0.0,0.47368421052631576,0.47368421052631576,0.05263157894736842,0.052631578947368474,1.0,1.0
fable_history_conditioned_18,fable,history_conditioned,50,0.58,0.7755102040816326,4.0025553756951595,4.0,0.1836734693877551,0.3877551020408163,0.3877551020408163,0.04081632653061224,0.22448979591836737,1.0,0.9814538950336537
fable_history_conditioned_18,fable,history_conditioned,100,0.78,0.40404040404040403,1.6712437535596014,27.0,0.5757575757575758,0.20202020202020202,0.20202020202020202,0.020202020202020204,0.595959595959596,1.0,0.7601675029619656
fable_history_conditioned_19,fable,history_conditioned,20,0.55,0.9473684210526315,3.7613973888236862,2.0,0.05263157894736842,0.47368421052631576,0.47368421052631576,0.0,0.052631578947368474,1.0,0.9927744539878083
fable_history_conditioned_19,fable,history_conditioned,50,0.6,0.8163265306122449,4.767036572248992,3.0,0.1836734693877551,0.40816326530612246,0.40816326530612246,0.0,0.18367346938775508,1.0,0.9709505944546686
fable_history_conditioned_19,fable,history_conditioned,100,0.72,0.5656565656565656,3.9182905733615514,12.0,0.43434343434343436,0.2828282828282828,0.2828282828282828,0.0,0.43434343434343436,1.0,0.8554508105601306
fable_independent_calls_00,fable,independent_calls,20,1.0,0.0,nan,20.0,1.0,0.0,0.0,0.0,1.0,1.0,0.0
fable_independent_calls_00,fable,independent_calls,50,1.0,0.0,nan,50.0,1.0,0.0,0.0,0.0,1.0,1.0,0.0
fable_independent_calls_00,fable,independent_calls,100,0.99,0.020202020202020204,0.142857142857143,96.0,0.9797979797979798,0.010101010101010102,0.010101010101010102,0.0,0.9797979797979798,1.0,0.08079313589591124
fable_independent_calls_01,fable,independent_calls,20,1.0,0.0,nan,20.0,1.0,0.0,0.0,0.0,1.0,1.0,0.0
fable_independent_calls_01,fable,independent_calls,50,0.98,0.04081632653061224,0.2041241452319317,30.0,0.9591836734693877,0.02040816326530612,0.02040816326530612,0.0,0.9591836734693877,1.0,0.14144054254182076
fable_independent_calls_01,fable,independent_calls,100,0.97,0.06060606060606061,0.3381466513285019,38.0,0.9393939393939394,0.030303030303030304,0.030303030303030304,0.0,0.9393939393939394,1.0,0.1943918578315763
fable_independent_calls_02,fable,independent_calls,20,1.0,0.0,nan,20.0,1.0,0.0,0.0,0.0,1.0,1.0,0.0
fable_independent_calls_02,fable,independent_calls,50,1.0,0.0,nan,50.0,1.0,0.0,0.0,0.0,1.0,1.0,0.0
fable_independent_calls_02,fable,independent_calls,100,1.0,0.0,nan,100.0,1.0,0.0,0.0,0.0,1.0,1.0,0.0
fable_independent_calls_03,fable,independent_calls,20,1.0,0.0,nan,20.0,1.0,0.0,0.0,0.0,1.0,1.0,0.0
fable_independent_calls_03,fable,independent_calls,50,0.98,0.04081632653061224,0.2041241452319317,37.0,0.9591836734693877,0.02040816326530612,0.02040816326530612,0.0,0.9591836734693877,1.0,0.14144054254182076
fable_independent_calls_03,fable,independent_calls,100,0.98,0.04040404040404041,0.23527356058137647,59.0,0.9595959595959596,0.020202020202020204,0.020202020202020204,0.0,0.9595959595959596,1.0,0.14144054254182076
fable_independent_calls_04,fable,independent_calls,20,1.0,0.0,nan,20.0,1.0,0.0,0.0,0.0,1.0,1.0,0.0
fable_independent_calls_04,fable,independent_calls,50,0.98,0.02040816326530612,-4.898979485566357,49.0,0.9795918367346939,0.02040816326530612,0.0,0.0,0.9795918367346939,1.0,0.14144054254182076
fable_independent_calls_04,fable,independent_calls,100,0.98,0.04040404040404041,0.23527356058137647,49.0,0.9595959595959596,0.020202020202020204,0.020202020202020204,0.0,0.9595959595959596,1.0,0.14144054254182076
fable_independent_calls_05,fable,independent_calls,20,0.95,0.10526315789473684,0.33333333333333365,17.0,0.8947368421052632,0.05263157894736842,0.05263157894736842,0.0,0.8947368421052632,1.0,0.2863969571159563
fable_independent_calls_05,fable,independent_calls,50,0.96,0.08163265306122448,0.33915110817805677,36.0,0.9183673469387755,0.04081632653061224,0.04081632653061224,0.0,0.9183673469387755,1.0,0.24229218908241493
fable_independent_calls_05,fable,independent_calls,100,0.96,0.08080808080808081,0.44452760366389177,36.0,0.9191919191919192,0.04040404040404041,0.04040404040404041,0.0,0.9191919191919192,1.0,0.24229218908241493
fable_independent_calls_06,fable,independent_calls,20,1.0,0.0,nan,20.0,1.0,0.0,0.0,0.0,1.0,1.0,0.0
fable_independent_calls_06,fable,independent_calls,50,1.0,0.0,nan,50.0,1.0,0.0,0.0,0.0,1.0,1.0,0.0
fable_independent_calls_06,fable,independent_calls,100,0.98,0.04040404040404041,0.23527356058137647,66.0,0.9595959595959596,0.020202020202020204,0.020202020202020204,0.0,0.9595959595959596,1.0,0.14144054254182076
fable_independent_calls_07,fable,independent_calls,20,1.0,0.0,nan,20.0,1.0,0.0,0.0,0.0,1.0,1.0,0.0
fable_independent_calls_07,fable,independent_calls,50,1.0,0.0,nan,50.0,1.0,0.0,0.0,0.0,1.0,1.0,0.0
fable_independent_calls_07,fable,independent_calls,100,0.99,0.020202020202020204,0.142857142857143,82.0,0.9797979797979798,0.010101010101010102,0.010101010101010102,0.0,0.9797979797979798,1.0,0.08079313589591124
fable_independent_calls_08,fable,independent_calls,20,1.0,0.0,nan,20.0,1.0,0.0,0.0,0.0,1.0,1.0,0.0
fable_independent_calls_08,fable,independent_calls,50,1.0,0.0,nan,50.0,1.0,0.0,0.0,0.0,1.0,1.0,0.0
fable_independent_calls_08,fable,independent_calls,100,1.0,0.0,nan,100.0,1.0,0.0,0.0,0.0,1.0,1.0,0.0
fable_independent_calls_09,fable,independent_calls,20,1.0,0.0,nan,20.0,1.0,0.0,0.0,0.0,1.0,1.0,0.0
fable_independent_calls_09,fable,independent_calls,50,0.98,0.04081632653061224,0.2041241452319317,29.0,0.9591836734693877,0.02040816326530612,0.02040816326530612,0.0,0.9591836734693877,1.0,0.14144054254182076
fable_independent_calls_09,fable,independent_calls,100,0.98,0.04040404040404041,0.23527356058137647,63.0,0.9595959595959596,0.020202020202020204,0.020202020202020204,0.0,0.9595959595959596,1.0,0.14144054254182076
fable_independent_calls_10,fable,independent_calls,20,0.95,0.10526315789473684,0.33333333333333365,18.0,0.8947368421052632,0.05263157894736842,0.05263157894736842,0.0,0.8947368421052632,1.0,0.2863969571159563
fable_independent_calls_10,fable,independent_calls,50,0.98,0.04081632653061224,0.2041241452319317,48.0,0.9591836734693877,0.02040816326530612,0.02040816326530612,0.0,0.9591836734693877,1.0,0.14144054254182076
fable_independent_calls_10,fable,independent_calls,100,0.99,0.020202020202020204,0.142857142857143,98.0,0.9797979797979798,0.010101010101010102,0.010101010101010102,0.0,0.9797979797979798,1.0,0.08079313589591124
fable_independent_calls_11,fable,independent_calls,20,1.0,0.0,nan,20.0,1.0,0.0,0.0,0.0,1.0,1.0,0.0
fable_independent_calls_11,fable,independent_calls,50,0.98,0.04081632653061224,0.2041241452319317,28.0,0.9591836734693877,0.02040816326530612,0.02040816326530612,0.0,0.9591836734693877,1.0,0.14144054254182076
fable_independent_calls_11,fable,independent_calls,100,0.99,0.020202020202020204,0.142857142857143,71.0,0.9797979797979798,0.010101010101010102,0.010101010101010102,0.0,0.9797979797979798,1.0,0.08079313589591124
fable_independent_calls_12,fable,independent_calls,20,1.0,0.0,nan,20.0,1.0,0.0,0.0,0.0,1.0,1.0,0.0
fable_independent_calls_12,fable,independent_calls,50,1.0,0.0,nan,50.0,1.0,0.0,0.0,0.0,1.0,1.0,0.0
fable_independent_calls_12,fable,independent_calls,100,0.98,0.04040404040404041,0.23527356058137647,82.0,0.9595959595959596,0.020202020202020204,0.020202020202020204,0.0,0.9595959595959596,1.0,0.14144054254182076
fable_independent_calls_13,fable,independent_calls,20,0.95,0.10526315789473684,0.33333333333333365,17.0,0.8947368421052632,0.05263157894736842,0.05263157894736842,0.0,0.8947368421052632,1.0,0.2863969571159563
fable_independent_calls_13,fable,independent_calls,50,0.98,0.04081632653061224,0.2041241452319317,32.0,0.9591836734693877,0.02040816326530612,0.02040816326530612,0.0,0.9591836734693877,1.0,0.14144054254182076
fable_independent_calls_13,fable,independent_calls,100,0.98,0.04040404040404041,0.23527356058137647,61.0,0.9595959595959596,0.020202020202020204,0.020202020202020204,0.0,0.9595959595959596,1.0,0.14144054254182076
fable_independent_calls_14,fable,independent_calls,20,1.0,0.0,nan,20.0,1.0,0.0,0.0,0.0,1.0,1.0,0.0
fable_independent_calls_14,fable,independent_calls,50,1.0,0.0,nan,50.0,1.0,0.0,0.0,0.0,1.0,1.0,0.0
fable_independent_calls_14,fable,independent_calls,100,1.0,0.0,nan,100.0,1.0,0.0,0.0,0.0,1.0,1.0,0.0
fable_independent_calls_15,fable,independent_calls,20,1.0,0.0,nan,20.0,1.0,0.0,0.0,0.0,1.0,1.0,0.0
fable_independent_calls_15,fable,independent_calls,50,1.0,0.0,nan,50.0,1.0,0.0,0.0,0.0,1.0,1.0,0.0
fable_independent_calls_15,fable,independent_calls,100,0.98,0.04040404040404041,0.23527356058137647,61.0,0.9595959595959596,0.020202020202020204,0.020202020202020204,0.0,0.9595959595959596,1.0,0.14144054254182076
fable_independent_calls_16,fable,independent_calls,20,1.0,0.0,nan,20.0,1.0,0.0,0.0,0.0,1.0,1.0,0.0
fable_independent_calls_16,fable,independent_calls,50,1.0,0.0,nan,50.0,1.0,0.0,0.0,0.0,1.0,1.0,0.0
fable_independent_calls_16,fable,independent_calls,100,1.0,0.0,nan,100.0,1.0,0.0,0.0,0.0,1.0,1.0,0.0
fable_independent_calls_17,fable,independent_calls,20,1.0,0.0,nan,20.0,1.0,0.0,0.0,0.0,1.0,1.0,0.0
fable_independent_calls_17,fable,independent_calls,50,1.0,0.0,nan,50.0,1.0,0.0,0.0,0.0,1.0,1.0,0.0
fable_independent_calls_17,fable,independent_calls,100,1.0,0.0,nan,100.0,1.0,0.0,0.0,0.0,1.0,1.0,0.0
fable_independent_calls_18,fable,independent_calls,20,0.95,0.10526315789473684,0.33333333333333365,17.0,0.8947368421052632,0.05263157894736842,0.05263157894736842,0.0,0.8947368421052632,1.0,0.2863969571159563
fable_independent_calls_18,fable,independent_calls,50,0.98,0.04081632653061224,0.2041241452319317,47.0,0.9591836734693877,0.02040816326530612,0.02040816326530612,0.0,0.9591836734693877,1.0,0.14144054254182076
fable_independent_calls_18,fable,independent_calls,100,0.99,0.020202020202020204,0.142857142857143,97.0,0.9797979797979798,0.010101010101010102,0.010101010101010102,0.0,0.9797979797979798,1.0,0.08079313589591124
fable_independent_calls_19,fable,independent_calls,20,1.0,0.0,nan,20.0,1.0,0.0,0.0,0.0,1.0,1.0,0.0
fable_independent_calls_19,fable,independent_calls,50,1.0,0.0,nan,50.0,1.0,0.0,0.0,0.0,1.0,1.0,0.0
fable_independent_calls_19,fable,independent_calls,100,1.0,0.0,nan,100.0,1.0,0.0,0.0,0.0,1.0,1.0,0.0
mimo_batch_00,mimo,batch,20,0.45,0.6842105263157895,1.439547148809065,3.0,0.10526315789473684,0.3684210526315789,0.3157894736842105,0.21052631578947367,0.3157894736842105,1.0,0.9927744539878083
mimo_batch_00,mimo,batch,50,0.48,0.7142857142857143,2.8738629631523804,3.0,0.12244897959183673,0.3673469387755102,0.3469387755102041,0.16326530612244897,0.2857142857142857,1.0,0.9988455359952018
mimo_batch_00,mimo,batch,100,0.49,0.6868686868686869,3.6238053986042926,3.0,0.1414141414141414,0.3434343434343434,0.3434343434343434,0.1717171717171717,0.31313131313131315,1.0,0.9997114417528099
mimo_batch_01,mimo,batch,20,0.55,0.631578947368421,0.9751771008061407,2.0,0.21052631578947367,0.3157894736842105,0.3157894736842105,0.15789473684210525,0.368421052631579,1.0,0.9927744539878083
mimo_batch_01,mimo,batch,50,0.52,0.6530612244897959,2.0151389701785614,2.0,0.1836734693877551,0.32653061224489793,0.32653061224489793,0.16326530612244897,0.34693877551020413,1.0,0.9988455359952018
mimo_batch_01,mimo,batch,100,0.5,0.6363636363636364,2.613231637615911,3.0,0.18181818181818182,0.32323232323232326,0.31313131313131315,0.18181818181818182,0.36363636363636365,1.0,1.0
mimo_batch_02,mimo,batch,20,0.5,0.7368421052631579,1.837873166945363,2.0,0.10526315789473684,0.3684210526315789,0.3684210526315789,0.15789473684210525,0.26315789473684215,1.0,1.0
mimo_batch_02,mimo,batch,50,0.5,0.7142857142857143,2.857738033247041,2.0,0.14285714285714285,0.3673469387755102,0.3469387755102041,0.14285714285714285,0.2857142857142857,1.0,1.0
mimo_batch_02,mimo,batch,100,0.49,0.6767676767676768,3.422706319880414,3.0,0.15151515151515152,0.3434343434343434,0.3333333333333333,0.1717171717171717,0.3232323232323232,1.0,0.9997114417528099
mimo_batch_03,mimo,batch,20,0.45,0.5789473684210527,0.5108070528032165,3.0,0.15789473684210525,0.3157894736842105,0.2631578947368421,0.2631578947368421,0.42105263157894735,1.0,0.9927744539878083
mimo_batch_03,mimo,batch,50,0.46,0.5918367346938775,1.1966370613382367,3.0,0.16326530612244897,0.30612244897959184,0.2857142857142857,0.24489795918367346,0.40816326530612246,1.0,0.9953784388202257
mimo_batch_03,mimo,batch,100,0.49,0.5858585858585859,1.6128146113655069,3.0,0.1919191919191919,0.29292929292929293,0.29292929292929293,0.2222222222222222,0.41414141414141414,1.0,0.9997114417528099
mimo_batch_04,mimo,batch,20,0.55,0.5263157894736842,0.04643700480029226,3.0,0.2631578947368421,0.2631578947368421,0.2631578947368421,0.21052631578947367,0.4736842105263158,1.0,0.9927744539878083
mimo_batch_04,mimo,batch,50,0.5,0.5714285714285714,0.8573214099741123,3.0,0.20408163265306123,0.2857142857142857,0.2857142857142857,0.22448979591836735,0.4285714285714286,1.0,1.0
mimo_batch_04,mimo,batch,100,0.5,0.6060606060606061,2.0101781827814698,3.0,0.1919191919191919,0.30303030303030304,0.30303030303030304,0.20202020202020202,0.3939393939393939,1.0,1.0
mimo_batch_05,mimo,batch,20,0.45,0.5789473684210527,0.5108070528032165,3.0,0.15789473684210525,0.3157894736842105,0.2631578947368421,0.2631578947368421,0.42105263157894735,1.0,0.9927744539878083
mimo_batch_05,mimo,batch,50,0.48,0.6122448979591837,1.4426563081960155,3.0,0.16326530612244897,0.30612244897959184,0.30612244897959184,0.22448979591836735,0.3877551020408163,1.0,0.9988455359952018
mimo_batch_05,mimo,batch,100,0.48,0.5757575757575758,1.425510243626009,3.0,0.1919191919191919,0.29292929292929293,0.2828282828282828,0.23232323232323232,0.4242424242424242,1.0,0.9988455359952018
mimo_batch_06,mimo,batch,20,0.45,0.631578947368421,0.9751771008061407,4.0,0.10526315789473684,0.3157894736842105,0.3157894736842105,0.2631578947368421,0.368421052631579,1.0,0.9927744539878083
mimo_batch_06,mimo,batch,50,0.46,0.6530612244897959,2.059596480572542,4.0,0.12244897959183673,0.32653061224489793,0.32653061224489793,0.22448979591836735,0.34693877551020413,1.0,0.9953784388202257
mimo_batch_06,mimo,batch,100,0.48,0.6666666666666666,3.237599536370936,4.0,0.1414141414141414,0.3333333333333333,0.3333333333333333,0.1919191919191919,0.33333333333333337,1.0,0.9988455359952018
mimo_batch_07,mimo,batch,20,0.5,0.5263157894736842,0.0,4.0,0.21052631578947367,0.2631578947368421,0.2631578947368421,0.2631578947368421,0.4736842105263158,1.0,1.0
mimo_batch_07,mimo,batch,50,0.5,0.6326530612244898,1.7146428199482247,4.0,0.1836734693877551,0.32653061224489793,0.30612244897959184,0.1836734693877551,0.36734693877551017,1.0,1.0
mimo_batch_07,mimo,batch,100,0.47,0.6464646464646465,2.8608367694544254,4.0,0.1414141414141414,0.32323232323232326,0.32323232323232326,0.21212121212121213,0.3535353535353535,1.0,0.9974015885677396
mimo_batch_08,mimo,batch,20,0.55,0.631578947368421,0.9751771008061407,3.0,0.21052631578947367,0.3157894736842105,0.3157894736842105,0.15789473684210525,0.368421052631579,1.0,0.9927744539878083
mimo_batch_08,mimo,batch,50,0.5,0.5918367346938775,1.1430952132988164,3.0,0.20408163265306123,0.30612244897959184,0.2857142857142857,0.20408163265306123,0.40816326530612246,1.0,1.0
mimo_batch_08,mimo,batch,100,0.49,0.6363636363636364,2.6183100049848997,3.0,0.1717171717171717,0.32323232323232326,0.31313131313131315,0.1919191919191919,0.36363636363636365,1.0,0.9997114417528099
mimo_batch_09,mimo,batch,20,0.55,0.631578947368421,0.9751771008061407,3.0,0.21052631578947367,0.3157894736842105,0.3157894736842105,0.15789473684210525,0.368421052631579,1.0,0.9927744539878083
mimo_batch_09,mimo,batch,50,0.48,0.5306122448979592,0.29769098423092366,4.0,0.20408163265306123,0.2653061224489796,0.2653061224489796,0.2653061224489796,0.4693877551020408,1.0,0.9988455359952018
mimo_batch_09,mimo,batch,100,0.46,0.5555555555555556,1.0763738822006221,4.0,0.18181818181818182,0.2828282828282828,0.2727272727272727,0.26262626262626265,0.4444444444444444,1.0,0.9953784388202257
mimo_batch_10,mimo,batch,20,0.6,0.631578947368421,1.1513389576266573,3.0,0.2631578947368421,0.3157894736842105,0.3157894736842105,0.10526315789473684,0.368421052631579,1.0,0.9709505944546686
mimo_batch_10,mimo,batch,50,0.52,0.6326530612244898,1.7288976391872886,3.0,0.20408163265306123,0.32653061224489793,0.30612244897959184,0.16326530612244897,0.36734693877551017,1.0,0.9988455359952018
mimo_batch_10,mimo,batch,100,0.51,0.6666666666666666,3.2216072411565353,3.0,0.1717171717171717,0.3333333333333333,0.3333333333333333,0.16161616161616163,0.33333333333333337,1.0,0.9997114417528099
mimo_batch_11,mimo,batch,20,0.5,0.5789473684210527,0.45946829173634074,3.0,0.21052631578947367,0.3157894736842105,0.2631578947368421,0.21052631578947367,0.42105263157894735,1.0,1.0
mimo_batch_11,mimo,batch,50,0.52,0.5918367346938775,1.1564149772047425,3.0,0.22448979591836735,0.30612244897959184,0.2857142857142857,0.1836734693877551,0.40816326530612246,1.0,0.9988455359952018
mimo_batch_11,mimo,batch,100,0.55,0.5757575757575758,1.5230192477004287,3.0,0.26262626262626265,0.29292929292929293,0.2828282828282828,0.16161616161616163,0.4242424242424242,1.0,0.9927744539878083
mimo_batch_12,mimo,batch,20,0.5,0.5789473684210527,0.45946829173634074,3.0,0.21052631578947367,0.3157894736842105,0.2631578947368421,0.21052631578947367,0.42105263157894735,1.0,1.0
mimo_batch_12,mimo,batch,50,0.48,0.6326530612244898,1.7288976391872886,3.0,0.16326530612244897,0.32653061224489793,0.30612244897959184,0.20408163265306123,0.36734693877551017,1.0,0.9988455359952018
mimo_batch_12,mimo,batch,100,0.48,0.6161616161616161,2.2308832626237542,3.0,0.1717171717171717,0.31313131313131315,0.30303030303030304,0.21212121212121213,0.38383838383838387,1.0,0.9988455359952018
mimo_batch_13,mimo,batch,20,0.5,0.631578947368421,0.9189365834726815,3.0,0.15789473684210525,0.3157894736842105,0.3157894736842105,0.21052631578947367,0.368421052631579,1.0,1.0
mimo_batch_13,mimo,batch,50,0.48,0.673469387755102,2.3013803011698344,3.0,0.14285714285714285,0.3469387755102041,0.32653061224489793,0.1836734693877551,0.326530612244898,1.0,0.9988455359952018
mimo_batch_13,mimo,batch,100,0.49,0.696969696969697,3.824904477328171,3.0,0.1414141414141414,0.35353535353535354,0.3434343434343434,0.16161616161616163,0.303030303030303,1.0,0.9997114417528099
mimo_batch_14,mimo,batch,20,0.5,0.631578947368421,0.9189365834726815,3.0,0.15789473684210525,0.3157894736842105,0.3157894736842105,0.21052631578947367,0.368421052631579,1.0,1.0
mimo_batch_14,mimo,batch,50,0.48,0.5918367346938775,1.1564149772047425,3.0,0.1836734693877551,0.30612244897959184,0.2857142857142857,0.22448979591836735,0.40816326530612246,1.0,0.9988455359952018
mimo_batch_14,mimo,batch,100,0.5,0.5959595959595959,1.809160364503323,3.0,0.20202020202020202,0.30303030303030304,0.29292929292929293,0.20202020202020202,0.4040404040404041,1.0,1.0
mimo_batch_15,mimo,batch,20,0.5,0.5263157894736842,0.0,3.0,0.21052631578947367,0.2631578947368421,0.2631578947368421,0.2631578947368421,0.4736842105263158,1.0,1.0
mimo_batch_15,mimo,batch,50,0.5,0.5918367346938775,1.1430952132988164,4.0,0.20408163265306123,0.30612244897959184,0.2857142857142857,0.20408163265306123,0.40816326530612246,1.0,1.0
mimo_batch_15,mimo,batch,100,0.48,0.6464646464646465,2.834913026872063,4.0,0.15151515151515152,0.32323232323232326,0.32323232323232326,0.20202020202020202,0.3535353535353535,1.0,0.9988455359952018
mimo_batch_16,mimo,batch,20,0.45,0.5789473684210527,0.5108070528032165,3.0,0.15789473684210525,0.3157894736842105,0.2631578947368421,0.2631578947368421,0.42105263157894735,1.0,0.9927744539878083
mimo_batch_16,mimo,batch,50,0.48,0.5510204081632653,0.5839323152221966,5.0,0.20408163265306123,0.2857142857142857,0.2653061224489796,0.24489795918367346,0.44897959183673475,1.0,0.9988455359952018
mimo_batch_16,mimo,batch,100,0.48,0.6363636363636364,2.6335697721226268,5.0,0.16161616161616163,0.32323232323232326,0.31313131313131315,0.20202020202020202,0.36363636363636365,1.0,0.9988455359952018
mimo_batch_17,mimo,batch,20,0.5,0.5263157894736842,0.0,4.0,0.21052631578947367,0.2631578947368421,0.2631578947368421,0.2631578947368421,0.4736842105263158,1.0,1.0
mimo_batch_17,mimo,batch,50,0.5,0.5306122448979592,0.2857738033247041,5.0,0.22448979591836735,0.2653061224489796,0.2653061224489796,0.24489795918367346,0.4693877551020408,1.0,1.0
mimo_batch_17,mimo,batch,100,0.48,0.5555555555555556,1.0228237341271362,5.0,0.20202020202020202,0.2828282828282828,0.2727272727272727,0.24242424242424243,0.4444444444444444,1.0,0.9988455359952018
mimo_batch_18,mimo,batch,20,0.5,0.5789473684210527,0.45946829173634074,3.0,0.21052631578947367,0.3157894736842105,0.2631578947368421,0.21052631578947367,0.42105263157894735,1.0,1.0
mimo_batch_18,mimo,batch,50,0.48,0.6530612244897959,2.0151389701785614,3.0,0.14285714285714285,0.32653061224489793,0.32653061224489793,0.20408163265306123,0.34693877551020413,1.0,0.9988455359952018
mimo_batch_18,mimo,batch,100,0.48,0.6565656565656566,3.0362562816214997,3.0,0.15151515151515152,0.3333333333333333,0.32323232323232326,0.1919191919191919,0.3434343434343434,1.0,0.9988455359952018
mimo_batch_19,mimo,batch,20,0.45,0.5789473684210527,0.5108070528032165,4.0,0.15789473684210525,0.3157894736842105,0.2631578947368421,0.2631578947368421,0.42105263157894735,1.0,0.9927744539878083
mimo_batch_19,mimo,batch,50,0.48,0.5714285714285714,0.8701736462134696,4.0,0.1836734693877551,0.2857142857142857,0.2857142857142857,0.24489795918367346,0.4285714285714286,1.0,0.9988455359952018
mimo_batch_19,mimo,batch,100,0.45,0.5555555555555556,1.116880781646981,4.0,0.1717171717171717,0.2828282828282828,0.2727272727272727,0.2727272727272727,0.4444444444444444,1.0,0.9927744539878083
mimo_history_conditioned_00,mimo,history_conditioned,20,0.65,0.631578947368421,1.4723518039132162,4.0,0.3157894736842105,0.3157894736842105,0.3157894736842105,0.05263157894736842,0.368421052631579,1.0,0.934068055375491
mimo_history_conditioned_00,mimo,history_conditioned,50,0.6,0.5714285714285714,1.191759143062248,6.0,0.30612244897959184,0.2857142857142857,0.2857142857142857,0.12244897959183673,0.4285714285714286,1.0,0.9709505944546686
mimo_history_conditioned_00,mimo,history_conditioned,100,0.65,0.494949494949495,0.7739268924891363,6.0,0.40404040404040403,0.25252525252525254,0.24242424242424243,0.10101010101010101,0.505050505050505,1.0,0.934068055375491
mimo_history_conditioned_01,mimo,history_conditioned,20,0.55,0.631578947368421,0.9751771008061407,3.0,0.21052631578947367,0.3157894736842105,0.3157894736842105,0.15789473684210525,0.368421052631579,1.0,0.9927744539878083
mimo_history_conditioned_01,mimo,history_conditioned,50,0.66,0.5510204081632653,1.4552548852582223,5.0,0.3877551020408163,0.2857142857142857,0.2653061224489796,0.061224489795918366,0.44897959183673475,1.0,0.92481870497303
mimo_history_conditioned_01,mimo,history_conditioned,100,0.71,0.46464646464646464,1.179007311097585,8.0,0.47474747474747475,0.23232323232323232,0.23232323232323232,0.06060606060606061,0.5353535353535354,1.0,0.8687212463394046
mimo_history_conditioned_02,mimo,history_conditioned,20,0.65,0.631578947368421,1.4723518039132162,4.0,0.3157894736842105,0.3157894736842105,0.3157894736842105,0.05263157894736842,0.368421052631579,1.0,0.934068055375491
mimo_history_conditioned_02,mimo,history_conditioned,50,0.58,0.5306122448979592,0.48124566100733607,5.0,0.30612244897959184,0.2653061224489796,0.2653061224489796,0.16326530612244897,0.4693877551020408,1.0,0.9814538950336537
mimo_history_conditioned_02,mimo,history_conditioned,100,0.6,0.45454545454545453,-0.6284479361972941,8.0,0.37373737373737376,0.23232323232323232,0.2222222222222222,0.1717171717171717,0.5454545454545454,1.0,0.9709505944546686
mimo_history_conditioned_03,mimo,history_conditioned,20,0.65,0.5263157894736842,0.45693676673168787,6.0,0.3684210526315789,0.2631578947368421,0.2631578947368421,0.10526315789473684,0.4736842105263158,1.0,0.934068055375491
mimo_history_conditioned_03,mimo,history_conditioned,50,0.66,0.4489795918367347,-0.14041933103368856,9.0,0.42857142857142855,0.22448979591836735,0.22448979591836735,0.12244897959183673,0.5510204081632653,1.0,0.92481870497303
mimo_history_conditioned_03,mimo,history_conditioned,100,0.68,0.4444444444444444,0.11102422835454401,9.0,0.45454545454545453,0.2222222222222222,0.2222222222222222,0.10101010101010101,0.5555555555555556,1.0,0.9043814577244937
mimo_history_conditioned_05,mimo,history_conditioned,20,0.55,0.47368421052631576,-0.41793304320263197,4.0,0.3157894736842105,0.2631578947368421,0.21052631578947367,0.21052631578947367,0.5263157894736843,1.0,0.9927744539878083
mimo_history_conditioned_05,mimo,history_conditioned,50,0.56,0.4897959183673469,-0.1856239141434175,6.0,0.30612244897959184,0.24489795918367346,0.24489795918367346,0.20408163265306123,0.5102040816326531,1.0,0.9895875212220556
mimo_history_conditioned_05,mimo,history_conditioned,100,0.6,0.5151515151515151,0.6284479361972941,6.0,0.3434343434343434,0.26262626262626265,0.25252525252525254,0.1414141414141414,0.48484848484848486,1.0,0.9709505944546686
mimo_history_conditioned_06,mimo,history_conditioned,20,0.5,0.47368421052631576,-0.45946829173634074,5.0,0.2631578947368421,0.2631578947368421,0.21052631578947367,0.2631578947368421,0.5263157894736843,1.0,1.0
mimo_history_conditioned_06,mimo,history_conditioned,50,0.52,0.4489795918367347,-0.8472743397341682,6.0,0.2857142857142857,0.22448979591836735,0.22448979591836735,0.2653061224489796,0.5510204081632653,1.0,0.9988455359952018
mimo_history_conditioned_06,mimo,history_conditioned,100,0.51,0.47474747474747475,-0.5992752545971575,6.0,0.2727272727272727,0.24242424242424243,0.23232323232323232,0.25252525252525254,0.5252525252525253,1.0,0.9997114417528099
mimo_history_conditioned_07,mimo,history_conditioned,20,0.6,0.631578947368421,1.1513389576266573,3.0,0.2631578947368421,0.3157894736842105,0.3157894736842105,0.10526315789473684,0.368421052631579,1.0,0.9709505944546686
mimo_history_conditioned_07,mimo,history_conditioned,50,0.64,0.5306122448979592,0.9194809134679751,4.0,0.3673469387755102,0.2653061224489796,0.2653061224489796,0.10204081632653061,0.4693877551020408,1.0,0.9426831892554922
mimo_history_conditioned_07,mimo,history_conditioned,100,0.67,0.5151515151515151,1.5431052213508707,6.0,0.41414141414141414,0.26262626262626265,0.25252525252525254,0.0707070707070707,0.48484848484848486,1.0,0.9149263727797274
mimo_history_conditioned_10,mimo,history_conditioned,20,0.6,0.7368421052631579,2.110788088982205,2.0,0.21052631578947367,0.3684210526315789,0.3684210526315789,0.05263157894736842,0.26315789473684215,1.0,0.9709505944546686
mimo_history_conditioned_10,mimo,history_conditioned,50,0.64,0.6530612244897959,2.7832935759030595,5.0,0.30612244897959184,0.32653061224489793,0.32653061224489793,0.04081632653061224,0.34693877551020413,1.0,0.9426831892554922
mimo_history_conditioned_10,mimo,history_conditioned,100,0.67,0.5050505050505051,1.315508581033633,8.0,0.41414141414141414,0.25252525252525254,0.25252525252525254,0.08080808080808081,0.4949494949494949,1.0,0.9149263727797274
mimo_history_conditioned_11,mimo,history_conditioned,20,0.55,0.6842105263157895,1.439547148809065,3.0,0.21052631578947367,0.3684210526315789,0.3157894736842105,0.10526315789473684,0.3157894736842105,1.0,0.9927744539878083
mimo_history_conditioned_11,mimo,history_conditioned,50,0.54,0.5510204081632653,0.6213307818486998,5.0,0.2653061224489796,0.2857142857142857,0.2653061224489796,0.1836734693877551,0.44897959183673475,1.0,0.9953784388202257
mimo_history_conditioned_11,mimo,history_conditioned,100,0.52,0.5656565656565656,1.2241669888765725,5.0,0.23232323232323232,0.2828282828282828,0.2828282828282828,0.20202020202020202,0.43434343434343436,1.0,0.9988455359952018
mimo_history_conditioned_12,mimo,history_conditioned,20,0.65,0.5263157894736842,0.45693676673168787,6.0,0.42105263157894735,0.2631578947368421,0.2631578947368421,0.05263157894736842,0.4736842105263158,0.0,0.934068055375491
mimo_history_conditioned_12,mimo,history_conditioned,50,0.68,0.40816326530612246,-0.5796523324168168,8.0,0.4897959183673469,0.20408163265306123,0.20408163265306123,0.10204081632653061,0.5918367346938775,0.0,0.9043814577244937
mimo_history_conditioned_12,mimo,history_conditioned,100,0.73,0.35353535353535354,-1.130063574345476,13.0,0.5555555555555556,0.1717171717171717,0.18181818181818182,0.09090909090909091,0.6464646464646464,0.0,0.8414646362081757
mimo_history_conditioned_13,mimo,history_conditioned,20,0.7,0.5263157894736842,0.8845884820054929,4.0,0.42105263157894735,0.2631578947368421,0.2631578947368421,0.05263157894736842,0.4736842105263158,1.0,0.8812908992306927
mimo_history_conditioned_13,mimo,history_conditioned,50,0.66,0.4897959183673469,0.49785035548307577,5.0,0.40816326530612246,0.24489795918367346,0.24489795918367346,0.10204081632653061,0.5102040816326531,1.0,0.92481870497303
mimo_history_conditioned_13,mimo,history_conditioned,100,0.65,0.5050505050505051,0.9950488617717466,7.0,0.3939393939393939,0.25252525252525254,0.25252525252525254,0.10101010101010101,0.4949494949494949,1.0,0.934068055375491
mimo_history_conditioned_15,mimo,history_conditioned,20,0.75,0.5263157894736842,1.5607361839521232,6.0,0.47368421052631576,0.2631578947368421,0.2631578947368421,0.0,0.4736842105263158,1.0,0.8112781244591328
mimo_history_conditioned_15,mimo,history_conditioned,50,0.66,0.4489795918367347,-0.14041933103368856,6.0,0.42857142857142855,0.22448979591836735,0.22448979591836735,0.12244897959183673,0.5510204081632653,1.0,0.92481870497303
mimo_history_conditioned_15,mimo,history_conditioned,100,0.58,0.47474747474747475,-0.35492957324145163,6.0,0.3434343434343434,0.24242424242424243,0.23232323232323232,0.18181818181818182,0.5252525252525253,1.0,0.9814538950336537
mimo_history_conditioned_18,mimo,history_conditioned,20,0.6,0.631578947368421,1.1513389576266573,4.0,0.2631578947368421,0.3157894736842105,0.3157894736842105,0.10526315789473684,0.368421052631579,1.0,0.9709505944546686
mimo_history_conditioned_18,mimo,history_conditioned,50,0.58,0.6122448979591837,1.6550155659032773,5.0,0.2653061224489796,0.30612244897959184,0.30612244897959184,0.12244897959183673,0.3877551020408163,1.0,0.9814538950336537
mimo_history_conditioned_18,mimo,history_conditioned,100,0.59,0.5656565656565656,1.5835876583561133,5.0,0.30303030303030304,0.2828282828282828,0.2828282828282828,0.13131313131313133,0.43434343434343436,1.0,0.976500468757824
mimo_history_conditioned_20,mimo,history_conditioned,20,0.6,0.7368421052631579,2.110788088982205,3.0,0.21052631578947367,0.3684210526315789,0.3684210526315789,0.05263157894736842,0.26315789473684215,1.0,0.9709505944546686
mimo_history_conditioned_20,mimo,history_conditioned,50,0.62,0.5102040816326531,0.4372233438750602,8.0,0.3673469387755102,0.2653061224489796,0.24489795918367346,0.12244897959183673,0.4897959183673469,1.0,0.9580420222262995
mimo_history_conditioned_20,mimo,history_conditioned,100,0.66,0.48484848484848486,0.6995398470713611,10.0,0.41414141414141414,0.24242424242424243,0.24242424242424243,0.10101010101010101,0.5151515151515151,1.0,0.92481870497303
mimo_history_conditioned_21,mimo,history_conditioned,20,0.65,0.6842105263157895,1.9800593225039802,4.0,0.3157894736842105,0.3684210526315789,0.3157894736842105,0.0,0.3157894736842105,1.0,0.934068055375491
mimo_history_conditioned_21,mimo,history_conditioned,50,0.58,0.5510204081632653,0.7746881372313213,6.0,0.30612244897959184,0.2857142857142857,0.2653061224489796,0.14285714285714285,0.44897959183673475,1.0,0.9814538950336537
mimo_history_conditioned_21,mimo,history_conditioned,100,0.64,0.4444444444444444,-0.45408038642740933,9.0,0.41414141414141414,0.2222222222222222,0.2222222222222222,0.1414141414141414,0.5555555555555556,1.0,0.9426831892554922
mimo_history_conditioned_22,mimo,history_conditioned,20,0.6,0.7368421052631579,2.110788088982205,3.0,0.21052631578947367,0.3684210526315789,0.3684210526315789,0.05263157894736842,0.26315789473684215,1.0,0.9709505944546686
mimo_history_conditioned_22,mimo,history_conditioned,50,0.6,0.6326530612244898,2.085578500358934,5.0,0.2857142857142857,0.32653061224489793,0.30612244897959184,0.08163265306122448,0.36734693877551017,1.0,0.9709505944546686
mimo_history_conditioned_22,mimo,history_conditioned,100,0.58,0.5858585858585859,1.9149688602794614,5.0,0.2828282828282828,0.29292929292929293,0.29292929292929293,0.13131313131313133,0.41414141414141414,1.0,0.9814538950336537
mimo_history_conditioned_23,mimo,history_conditioned,20,0.6,0.631578947368421,1.1513389576266573,3.0,0.2631578947368421,0.3157894736842105,0.3157894736842105,0.10526315789473684,0.368421052631579,1.0,0.9709505944546686
mimo_history_conditioned_23,mimo,history_conditioned,50,0.6,0.6122448979591837,1.787638714593372,5.0,0.2857142857142857,0.30612244897959184,0.30612244897959184,0.10204081632653061,0.3877551020408163,1.0,0.9709505944546686
mimo_history_conditioned_23,mimo,history_conditioned,100,0.63,0.6060606060606061,2.886755059569656,6.0,0.32323232323232326,0.30303030303030304,0.30303030303030304,0.0707070707070707,0.3939393939393939,1.0,0.9506720926870659
mimo_history_conditioned_24,mimo,history_conditioned,20,0.65,0.7368421052631579,2.487766841094744,4.0,0.2631578947368421,0.3684210526315789,0.3684210526315789,0.0,0.26315789473684215,1.0,0.934068055375491
mimo_history_conditioned_24,mimo,history_conditioned,50,0.6,0.5510204081632653,0.893819357296686,7.0,0.32653061224489793,0.2857142857142857,0.2653061224489796,0.12244897959183673,0.44897959183673475,1.0,0.9709505944546686
mimo_history_conditioned_24,mimo,history_conditioned,100,0.67,0.494949494949495,1.0879119407163955,7.0,0.42424242424242425,0.25252525252525254,0.24242424242424243,0.08080808080808081,0.505050505050505,1.0,0.9149263727797274
mimo_history_conditioned_25,mimo,history_conditioned,20,0.55,0.7894736842105263,2.3682872448149133,2.0,0.15789473684210525,0.42105263157894735,0.3684210526315789,0.05263157894736842,0.21052631578947367,1.0,0.9927744539878083
mimo_history_conditioned_25,mimo,history_conditioned,50,0.66,0.6122448979591837,2.4126594150333687,7.0,0.3469387755102041,0.30612244897959184,0.30612244897959184,0.04081632653061224,0.3877551020408163,1.0,0.92481870497303
mimo_history_conditioned_25,mimo,history_conditioned,100,0.64,0.5353535353535354,1.510690516383498,9.0,0.37373737373737376,0.2727272727272727,0.26262626262626265,0.09090909090909091,0.46464646464646464,1.0,0.9426831892554922
mimo_history_conditioned_26,mimo,history_conditioned,20,0.65,0.47368421052631576,-0.05077075185907623,5.0,0.42105263157894735,0.2631578947368421,0.21052631578947367,0.10526315789473684,0.5263157894736843,1.0,0.934068055375491
mimo_history_conditioned_26,mimo,history_conditioned,50,0.64,0.4897959183673469,0.29821002598961377,6.0,0.3877551020408163,0.24489795918367346,0.24489795918367346,0.12244897959183673,0.5102040816326531,1.0,0.9426831892554922
mimo_history_conditioned_26,mimo,history_conditioned,100,0.68,0.46464646464646464,0.5736251798318137,7.0,0.4444444444444444,0.23232323232323232,0.23232323232323232,0.09090909090909091,0.5353535353535354,1.0,0.9043814577244937
mimo_independent_calls_00,mimo,independent_calls,20,0.95,0.05263157894736842,-3.0,19.0,0.9473684210526315,0.0,0.05263157894736842,0.0,0.9473684210526316,0.0,0.2863969571159563
mimo_independent_calls_00,mimo,independent_calls,50,0.94,0.10204081632653061,-0.8757486403618457,24.0,0.8979591836734694,0.04081632653061224,0.061224489795918366,0.0,0.8979591836734694,0.0,0.32744491915447643
mimo_independent_calls_00,mimo,independent_calls,100,0.9,0.15151515151515152,-1.7063893769835632,24.0,0.8282828282828283,0.0707070707070707,0.08080808080808081,0.020202020202020204,0.8484848484848485,0.0,0.4689955935892811
mimo_independent_calls_01,mimo,independent_calls,20,0.95,0.05263157894736842,-3.0,19.0,0.9473684210526315,0.0,0.05263157894736842,0.0,0.9473684210526316,0.0,0.2863969571159563
mimo_independent_calls_01,mimo,independent_calls,50,0.9,0.1836734693877551,0.0,33.0,0.8163265306122449,0.08163265306122448,0.10204081632653061,0.0,0.8163265306122449,0.0,0.4689955935892811
mimo_independent_calls_01,mimo,independent_calls,100,0.87,0.25252525252525254,1.0708297029445635,33.0,0.7474747474747475,0.12121212121212122,0.13131313131313133,0.0,0.7474747474747474,0.0,0.557438185027989
mimo_independent_calls_02,mimo,independent_calls,20,0.95,0.10526315789473684,0.33333333333333365,18.0,0.8947368421052632,0.05263157894736842,0.05263157894736842,0.0,0.8947368421052632,1.0,0.2863969571159563
mimo_independent_calls_02,mimo,independent_calls,50,0.92,0.16326530612244897,0.6548028319281476,21.0,0.8367346938775511,0.08163265306122448,0.08163265306122448,0.0,0.8367346938775511,1.0,0.40217919020227266
mimo_independent_calls_02,mimo,independent_calls,100,0.9,0.1919191919191919,0.568796458994521,21.0,0.8080808080808081,0.10101010101010101,0.09090909090909091,0.0,0.8080808080808081,1.0,0.4689955935892811
mimo_independent_calls_03,mimo,independent_calls,20,0.8,0.3157894736842105,-0.29658550700087005,5.0,0.631578947368421,0.15789473684210525,0.15789473684210525,0.05263157894736842,0.6842105263157895,1.0,0.7219280948873623
mimo_independent_calls_03,mimo,independent_calls,50,0.84,0.24489795918367346,-0.7795620833523412,16.0,0.7142857142857143,0.12244897959183673,0.12244897959183673,0.04081632653061224,0.7551020408163265,1.0,0.6343095546405662
mimo_independent_calls_03,mimo,independent_calls,100,0.85,0.2222222222222222,-1.393261092038472,16.0,0.7373737373737373,0.1111111111111111,0.1111111111111111,0.04040404040404041,0.7777777777777778,1.0,0.6098403047164005
mimo_independent_calls_04,mimo,independent_calls,20,0.85,0.2631578947368421,-0.09532345699695206,10.0,0.7368421052631579,0.10526315789473684,0.15789473684210525,0.0,0.736842105263158,0.0,0.6098403047164005
mimo_independent_calls_04,mimo,independent_calls,50,0.86,0.2653061224489796,0.5828697180246127,18.0,0.7346938775510204,0.12244897959183673,0.14285714285714285,0.0,0.7346938775510203,0.0,0.584238811642856
mimo_independent_calls_04,mimo,independent_calls,100,0.89,0.21212121212121213,0.7407586697627345,30.0,0.7878787878787878,0.10101010101010101,0.1111111111111111,0.0,0.7878787878787878,0.0,0.49991595816452794
mimo_independent_calls_05,mimo,independent_calls,20,0.85,0.15789473684210525,-2.001792596936,12.0,0.7894736842105263,0.05263157894736842,0.10526315789473684,0.05263157894736842,0.8421052631578947,0.0,0.6098403047164005
mimo_independent_calls_05,mimo,independent_calls,50,0.82,0.30612244897959184,0.11788454892243307,12.0,0.673469387755102,0.14285714285714285,0.16326530612244897,0.02040816326530612,0.6938775510204082,0.0,0.6800770457282799
mimo_independent_calls_05,mimo,independent_calls,100,0.88,0.21212121212121213,-0.05792124632074113,16.0,0.7777777777777778,0.10101010101010101,0.1111111111111111,0.010101010101010102,0.7878787878787878,0.0,0.5293608652873644
mimo_independent_calls_06,mimo,independent_calls,20,0.9,0.21052631578947367,0.5699002761767408,10.0,0.7894736842105263,0.10526315789473684,0.10526315789473684,0.0,0.7894736842105263,1.0,0.4689955935892811
mimo_independent_calls_06,mimo,independent_calls,50,0.92,0.16326530612244897,0.6548028319281476,15.0,0.8367346938775511,0.08163265306122448,0.08163265306122448,0.0,0.8367346938775511,1.0,0.40217919020227266
mimo_independent_calls_06,mimo,independent_calls,100,0.9,0.16161616161616163,-1.137592917989042,25.0,0.8181818181818182,0.08080808080808081,0.08080808080808081,0.020202020202020204,0.8383838383838383,1.0,0.4689955935892811
mimo_independent_calls_07,mimo,independent_calls,20,0.9,0.21052631578947367,0.5699002761767408,9.0,0.7894736842105263,0.10526315789473684,0.10526315789473684,0.0,0.7894736842105263,1.0,0.4689955935892811
mimo_independent_calls_07,mimo,independent_calls,50,0.88,0.24489795918367346,1.0032279586466226,16.0,0.7551020408163265,0.12244897959183673,0.12244897959183673,0.0,0.7551020408163265,1.0,0.5293608652873644
mimo_independent_calls_07,mimo,independent_calls,100,0.85,0.24242424242424243,-0.5971118965879165,28.0,0.7272727272727273,0.12121212121212122,0.12121212121212122,0.030303030303030304,0.7575757575757576,1.0,0.6098403047164005
mimo_independent_calls_08,mimo,independent_calls,20,0.7,0.47368421052631576,0.3317206807520597,4.0,0.47368421052631576,0.21052631578947367,0.2631578947368421,0.05263157894736842,0.5263157894736843,0.0,0.8812908992306927
mimo_independent_calls_08,mimo,independent_calls,50,0.84,0.2653061224489796,-0.23819952546877077,20.0,0.7142857142857143,0.12244897959183673,0.14285714285714285,0.02040816326530612,0.7346938775510203,0.0,0.6343095546405662
mimo_independent_calls_08,mimo,independent_calls,100,0.86,0.21212121212121213,-1.2999365960547622,20.0,0.7575757575757576,0.10101010101010101,0.1111111111111111,0.030303030303030304,0.7878787878787878,0.0,0.584238811642856
mimo_independent_calls_09,mimo,independent_calls,20,1.0,0.0,nan,20.0,1.0,0.0,0.0,0.0,1.0,1.0,0.0
mimo_independent_calls_09,mimo,independent_calls,50,0.94,0.12244897959183673,0.4926086102035389,25.0,0.8775510204081632,0.061224489795918366,0.061224489795918366,0.0,0.8775510204081632,1.0,0.32744491915447643
mimo_independent_calls_09,mimo,independent_calls,100,0.9,0.18181818181818182,0.0,25.0,0.8080808080808081,0.09090909090909091,0.09090909090909091,0.010101010101010102,0.8181818181818181,1.0,0.4689955935892811
mimo_independent_calls_10,mimo,independent_calls,20,0.75,0.21052631578947367,-2.1850306575329723,8.0,0.631578947368421,0.10526315789473684,0.10526315789473684,0.15789473684210525,0.7894736842105263,1.0,0.8112781244591328
mimo_independent_calls_10,mimo,independent_calls,50,0.8,0.2857142857142857,-0.9036961141150639,14.0,0.6530612244897959,0.14285714285714285,0.14285714285714285,0.061224489795918366,0.7142857142857143,1.0,0.7219280948873623
mimo_independent_calls_10,mimo,independent_calls,100,0.75,0.32323232323232326,-1.4791704450398717,14.0,0.5858585858585859,0.16161616161616163,0.16161616161616163,0.09090909090909091,0.6767676767676767,1.0,0.8112781244591328
mimo_independent_calls_11,mimo,independent_calls,20,0.85,0.3157894736842105,0.8579111129725719,6.0,0.6842105263157895,0.15789473684210525,0.15789473684210525,0.0,0.6842105263157895,1.0,0.6098403047164005
mimo_independent_calls_11,mimo,independent_calls,50,0.76,0.42857142857142855,1.0894970893403235,7.0,0.5510204081632653,0.22448979591836735,0.20408163265306123,0.02040816326530612,0.5714285714285714,1.0,0.7950402793845223
mimo_independent_calls_11,mimo,independent_calls,100,0.81,0.36363636363636365,1.7155028577031692,15.0,0.6262626262626263,0.18181818181818182,0.18181818181818182,0.010101010101010102,0.6363636363636364,1.0,0.7014714598838974
mimo_independent_calls_12,mimo,independent_calls,20,0.8,0.42105263157894735,1.1863420280034789,6.0,0.5789473684210527,0.21052631578947367,0.21052631578947367,0.0,0.5789473684210527,1.0,0.7219280948873623
mimo_independent_calls_12,mimo,independent_calls,50,0.8,0.3673469387755102,0.9036961141150639,7.0,0.6122448979591837,0.1836734693877551,0.1836734693877551,0.02040816326530612,0.6326530612244898,1.0,0.7219280948873623
mimo_independent_calls_12,mimo,independent_calls,100,0.83,0.30303030303030304,0.6390208586754967,19.0,0.6767676767676768,0.15151515151515152,0.15151515151515152,0.020202020202020204,0.696969696969697,1.0,0.6577047787442195
mimo_independent_calls_13,mimo,independent_calls,20,0.95,0.10526315789473684,0.33333333333333365,15.0,0.8947368421052632,0.05263157894736842,0.05263157894736842,0.0,0.8947368421052632,1.0,0.2863969571159563
mimo_independent_calls_13,mimo,independent_calls,50,0.88,0.12244897959183673,-3.176888535714306,16.0,0.8163265306122449,0.061224489795918366,0.061224489795918366,0.061224489795918366,0.8775510204081632,1.0,0.5293608652873644
mimo_independent_calls_13,mimo,independent_calls,100,0.86,0.20202020202020202,-1.7219939324361788,17.0,0.7575757575757576,0.10101010101010101,0.10101010101010101,0.04040404040404041,0.797979797979798,1.0,0.584238811642856
mimo_independent_calls_14,mimo,independent_calls,20,0.85,0.3157894736842105,0.8579111129725719,6.0,0.6842105263157895,0.15789473684210525,0.15789473684210525,0.0,0.6842105263157895,1.0,0.6098403047164005
mimo_independent_calls_14,mimo,independent_calls,50,0.76,0.4489795918367347,1.4842424115650783,6.0,0.5306122448979592,0.22448979591836735,0.22448979591836735,0.02040816326530612,0.5510204081632653,1.0,0.7950402793845223
mimo_independent_calls_14,mimo,independent_calls,100,0.83,0.32323232323232326,1.3570218234794251,15.0,0.6666666666666666,0.16161616161616163,0.16161616161616163,0.010101010101010102,0.6767676767676767,1.0,0.6577047787442195
mimo_independent_calls_15,mimo,independent_calls,20,0.8,0.3157894736842105,-0.29658550700087005,7.0,0.631578947368421,0.15789473684210525,0.15789473684210525,0.05263157894736842,0.6842105263157895,1.0,0.7219280948873623
mimo_independent_calls_15,mimo,independent_calls,50,0.74,0.3469387755102041,-0.8370108881627618,7.0,0.5714285714285714,0.1836734693877551,0.16326530612244897,0.08163265306122448,0.653061224489796,1.0,0.8267463724926178
mimo_independent_calls_15,mimo,independent_calls,100,0.78,0.3434343434343434,-0.09415457766532975,10.0,0.6060606060606061,0.1717171717171717,0.1717171717171717,0.050505050505050504,0.6565656565656566,1.0,0.7601675029619656
mimo_independent_calls_16,mimo,independent_calls,20,0.7,0.5263157894736842,0.8845884820054929,4.0,0.42105263157894735,0.2631578947368421,0.2631578947368421,0.05263157894736842,0.4736842105263158,1.0,0.8812908992306927
mimo_independent_calls_16,mimo,independent_calls,50,0.84,0.2857142857142857,0.30316303241479975,21.0,0.6938775510204082,0.14285714285714285,0.14285714285714285,0.02040816326530612,0.7142857142857143,1.0,0.6343095546405662
mimo_independent_calls_16,mimo,independent_calls,100,0.87,0.2222222222222222,-0.27895563690152547,35.0,0.7575757575757576,0.1111111111111111,0.1111111111111111,0.020202020202020204,0.7777777777777778,1.0,0.557438185027989
mimo_independent_calls_17,mimo,independent_calls,20,0.75,0.3157894736842105,-0.9364417103712739,7.0,0.5789473684210527,0.15789473684210525,0.15789473684210525,0.10526315789473684,0.6842105263157895,1.0,0.8112781244591328
mimo_independent_calls_17,mimo,independent_calls,50,0.8,0.24489795918367346,-1.8073922282301278,15.0,0.673469387755102,0.12244897959183673,0.12244897959183673,0.08163265306122448,0.7551020408163265,1.0,0.7219280948873623
mimo_independent_calls_17,mimo,independent_calls,100,0.88,0.16161616161616163,-2.471306509684935,24.0,0.797979797979798,0.08080808080808081,0.08080808080808081,0.04040404040404041,0.8383838383838383,1.0,0.5293608652873644
mimo_independent_calls_18,mimo,independent_calls,20,0.95,0.10526315789473684,0.33333333333333365,11.0,0.8947368421052632,0.05263157894736842,0.05263157894736842,0.0,0.8947368421052632,1.0,0.2863969571159563
mimo_independent_calls_18,mimo,independent_calls,50,0.94,0.12244897959183673,0.4926086102035389,21.0,0.8775510204081632,0.061224489795918366,0.061224489795918366,0.0,0.8775510204081632,1.0,0.32744491915447643
mimo_independent_calls_18,mimo,independent_calls,100,0.91,0.16161616161616163,-0.23821333948186713,27.0,0.8282828282828283,0.08080808080808081,0.08080808080808081,0.010101010101010102,0.8383838383838383,1.0,0.4364698170641028
mimo_independent_calls_19,mimo,independent_calls,20,0.9,0.21052631578947367,0.5699002761767408,9.0,0.7894736842105263,0.10526315789473684,0.10526315789473684,0.0,0.7894736842105263,1.0,0.4689955935892811
mimo_independent_calls_19,mimo,independent_calls,50,0.9,0.20408163265306123,0.8249579113843054,14.0,0.7959183673469388,0.10204081632653061,0.10204081632653061,0.0,0.7959183673469388,1.0,0.4689955935892811
mimo_independent_calls_19,mimo,independent_calls,100,0.88,0.2222222222222222,0.4247558063520976,31.0,0.7676767676767676,0.1111111111111111,0.1111111111111111,0.010101010101010102,0.7777777777777778,1.0,0.5293608652873644
