slot_id,task,judge,parent_id,pair_id,condition,order,polarity,prompt,status,valid,parse_reason,strict_valid,wrapped,value,brier_loss,primary,cost_usd,finish_reason
fix:completion:astra:02,fixture_completion,astra,,,withheld,,,,completed,True,ok,True,False,"[0.9995121951219512, 0.9995121951219512, 0.9995121951219512, 0.9995121951219512, 0.9995121951219512, 0.9995121951219512, 0.9995121951219512, 0.9995121951219512, 0.9995121951219512, 0.9995121951219512]",,False,0.00894,stop
fix:completion:astra:01,fixture_completion,astra,,,known,,,,completed,True,ok,True,False,"[0.9995121951219512, 0.9995121951219512, 0.9995121951219512, 0.9995121951219512, 0.9995121951219512, 0.9995121951219512, 0.9995121951219512, 0.9995121951219512, 0.9995121951219512, 0.9995121951219512]",,False,0.01153,stop
fix:completion:astra:07,fixture_completion,astra,,,withheld,,,,completed,True,ok,True,False,"[0.9995121951219512, 0.0004878048780487805, 0.9995121951219512, 0.0004878048780487805, 0.9995121951219512, 0.0004878048780487805, 0.9995121951219512, 0.0004878048780487805, 0.9995121951219512, 0.0004878048780487805]",,False,0.00979,stop
fix:completion:astra:03,fixture_completion,astra,,,withheld,,,,completed,True,ok,True,False,"[0.9995121951219512, 0.9995121951219512, 0.9995121951219512, 0.9995121951219512, 0.9995121951219512, 0.9995121951219512, 0.9995121951219512, 0.9995121951219512, 0.9995121951219512, 0.9995121951219512]",,False,0.00889,stop
fix:completion:astra:06,fixture_completion,astra,,,withheld,,,,completed,True,ok,True,False,"[0.9995121951219512, 0.0004878048780487805, 0.9995121951219512, 0.0004878048780487805, 0.9995121951219512, 0.0004878048780487805, 0.9995121951219512, 0.0004878048780487805, 0.9995121951219512, 0.0004878048780487805]",,False,0.01059,stop
fix:completion:astra:05,fixture_completion,astra,,,known,,,,completed,True,ok,True,False,"[0.9995121951219512, 0.0004878048780487805, 0.9995121951219512, 0.0004878048780487805, 0.9995121951219512, 0.0004878048780487805, 0.9995121951219512, 0.0004878048780487805, 0.9995121951219512, 0.0004878048780487805]",,False,0.01248,stop
fix:completion:astra:00,fixture_completion,astra,,,known,,,,completed,True,ok,True,False,"[0.9995121951219512, 0.9995121951219512, 0.9995121951219512, 0.9995121951219512, 0.9995121951219512, 0.9995121951219512, 0.9995121951219512, 0.9995121951219512, 0.9995121951219512, 0.9995121951219512]",,False,0.00983,stop
fix:completion:astra:09,fixture_completion,astra,,,known,,,,completed,True,ok,True,False,"[0.5, 0.5, 0.5, 0.5, 0.5, 0.5, 0.5, 0.5, 0.5, 0.5]",,False,0.00474,stop
fix:completion:astra:08,fixture_completion,astra,,,known,,,,completed,True,ok,True,False,"[0.5, 0.5, 0.5, 0.5, 0.5, 0.5, 0.5, 0.5, 0.5, 0.5]",,False,0.00474,stop
fix:completion:astra:10,fixture_completion,astra,,,withheld,,,,completed,True,ok,True,False,"[0.5, 0.5, 0.5, 0.5, 0.5, 0.5, 0.5, 0.5, 0.5, 0.5]",,False,0.00475,stop
fix:completion:astra:11,fixture_completion,astra,,,withheld,,,,completed,True,ok,True,False,"[0.5, 0.5, 0.5, 0.5, 0.5, 0.5, 0.5, 0.5, 0.5, 0.5]",,False,0.00475,stop
fix:completion:astra:04,fixture_completion,astra,,,known,,,,completed,True,ok,True,False,"[0.9995121951219512, 0.0004878048780487805, 0.9995121951219512, 0.0004878048780487805, 0.9995121951219512, 0.0004878048780487805, 0.9995121951219512, 0.0004878048780487805, 0.9995121951219512, 0.0004878048780487805]",,False,0.01283,stop
fix:pair:astra:02,fixture_pair,astra,,,,,,,completed,True,ok,True,False,1.0,,False,0.00367,stop
fix:pair:astra:04,fixture_pair,astra,,,,,,,completed,True,ok,True,False,1.0,,False,0.00381,stop
fix:pair:astra:06,fixture_pair,astra,,,,,,,completed,True,ok,True,False,1.9073449948406318e-06,,False,0.00687,stop
fix:pair:astra:01,fixture_pair,astra,,,,,,,completed,True,ok,True,False,0.9999990463265931,,False,0.00815,stop
fix:pair:astra:11,fixture_pair,astra,,,,,,,completed,True,ok,True,False,0.5,,False,0.00244,stop
fix:pair:astra:10,fixture_pair,astra,,,,,,,completed,True,ok,True,False,0.5,,False,0.00244,stop
fix:pair:astra:03,fixture_pair,astra,,,,,,,completed,True,ok,True,False,0.9999990463265931,,False,0.009,stop
fix:pair:astra:05,fixture_pair,astra,,,,,,,completed,True,ok,True,False,1.818985934102e-12,,False,0.01115,stop
fix:pair:astra:00,fixture_pair,astra,,,,,,,completed,True,ok,True,False,0.9999990463265931,,False,0.01445,stop
fix:completion:fable:02,fixture_completion,fable,,,withheld,,,,completed,True,ok,False,True,"[0.99951, 0.99951, 0.99951, 0.99951, 0.99951, 0.99951, 0.99951, 0.99951, 0.99951, 0.99951]",,False,0.01199,stop
fix:pair:astra:07,fixture_pair,astra,,,,,,,completed,True,ok,True,False,1.9073449948406318e-06,,False,0.00927,stop
fix:pair:astra:09,fixture_pair,astra,,,,,,,completed,True,ok,True,False,1.818985934102213e-12,,False,0.01325,stop
fix:pair:astra:08,fixture_pair,astra,,,,,,,completed,True,ok,True,False,1.9073449948406318e-06,,False,0.01041,stop
fix:completion:fable:03,fixture_completion,fable,,,withheld,,,,completed,True,ok,False,True,"[0.99951, 0.99951, 0.99951, 0.99951, 0.99951, 0.99951, 0.99951, 0.99951, 0.99951, 0.99951]",,False,0.01186,stop
fix:completion:fable:00,fixture_completion,fable,,,known,,,,completed,True,ok,True,False,"[0.9995, 0.9995, 0.9995, 0.9995, 0.9995, 0.9995, 0.9995, 0.9995, 0.9995, 0.9995]",,False,0.01786,stop
fix:completion:fable:06,fixture_completion,fable,,,withheld,,,,completed,True,ok,False,True,"[0.99951, 0.00049, 0.99951, 0.00049, 0.99951, 0.00049, 0.99951, 0.00049, 0.99951, 0.00049]",,False,0.01389,stop
fix:completion:fable:01,fixture_completion,fable,,,known,,,,completed,True,ok,True,False,"[0.9995, 0.9995, 0.9995, 0.9995, 0.9995, 0.9995, 0.9995, 0.9995, 0.9995, 0.9995]",,False,0.02033,stop
fix:completion:fable:08,fixture_completion,fable,,,known,,,,completed,True,ok,True,False,"[0.5, 0.5, 0.5, 0.5, 0.5, 0.5, 0.5, 0.5, 0.5, 0.5]",,False,0.0057,stop
fix:completion:fable:09,fixture_completion,fable,,,known,,,,completed,True,ok,False,True,"[0.5, 0.5, 0.5, 0.5, 0.5, 0.5, 0.5, 0.5, 0.5, 0.5]",,False,0.00825,stop
fix:completion:fable:07,fixture_completion,fable,,,withheld,,,,completed,True,ok,False,True,"[0.99951, 0.00049, 0.99951, 0.00049, 0.99951, 0.00049, 0.99951, 0.00049, 0.99951, 0.00049]",,False,0.01479,stop
fix:completion:fable:10,fixture_completion,fable,,,withheld,,,,completed,True,ok,False,True,"[0.5, 0.5, 0.5, 0.5, 0.5, 0.5, 0.5, 0.5, 0.5, 0.5]",,False,0.0082,stop
fix:completion:fable:11,fixture_completion,fable,,,withheld,,,,completed,True,ok,False,True,"[0.5, 0.5, 0.5, 0.5, 0.5, 0.5, 0.5, 0.5, 0.5, 0.5]",,False,0.00909,stop
fix:completion:fable:04,fixture_completion,fable,,,known,,,,completed,True,ok,True,False,"[1.0, 0.0, 1.0, 0.0, 1.0, 0.0, 1.0, 0.0, 1.0, 0.0]",,False,0.02991,stop
fix:pair:fable:04,fixture_pair,fable,,,,,,,completed,False,multiple_or_no_numbers,False,False,,,False,0.00732,stop
fix:pair:fable:02,fixture_pair,fable,,,,,,,completed,False,multiple_or_no_numbers,False,False,,,False,0.00917,stop
fix:pair:fable:00,fixture_pair,fable,,,,,,,completed,False,multiple_or_no_numbers,False,False,,,False,0.02057,stop
fix:pair:fable:03,fixture_pair,fable,,,,,,,completed,False,multiple_or_no_numbers,False,False,,,False,0.01839,stop
fix:pair:fable:01,fixture_pair,fable,,,,,,,completed,False,multiple_or_no_numbers,False,False,,,False,0.01822,stop
fix:completion:fable:05,fixture_completion,fable,,,known,,,,completed,True,ok,True,False,"[0.9995, 0.0005, 0.9995, 0.0005, 0.9995, 0.0005, 0.9995, 0.0005, 0.9995, 0.0005]",,False,0.03307,stop
fix:pair:fable:05,fixture_pair,fable,,,,,,,completed,False,multiple_or_no_numbers,False,False,,,False,0.02233,stop
fix:pair:fable:06,fixture_pair,fable,,,,,,,completed,False,multiple_or_no_numbers,False,False,,,False,0.02202,stop
fix:pair:fable:10,fixture_pair,fable,,,,,,,completed,True,ok,False,True,0.5,,False,0.00608,stop
fix:completion:mimo:01,fixture_completion,mimo,,,known,,,,completed,True,ok,True,False,"[1.0, 1.0, 1.0, 1.0, 1.0, 1.0, 1.0, 1.0, 1.0, 1.0]",,False,0.000119625,stop
fix:pair:fable:11,fixture_pair,fable,,,,,,,completed,True,ok,False,True,0.5,,False,0.00683,stop
fix:pair:fable:08,fixture_pair,fable,,,,,,,completed,False,multiple_or_no_numbers,False,False,,,False,0.01948,stop
fix:completion:mimo:00,fixture_completion,mimo,,,known,,,,completed,True,ok,True,False,"[1.0, 1.0, 1.0, 1.0, 1.0, 1.0, 1.0, 1.0, 1.0, 1.0]",,False,0.000119625,stop
fix:pair:fable:07,fixture_pair,fable,,,,,,,completed,False,multiple_or_no_numbers,False,False,,,False,0.02423,stop
fix:completion:mimo:02,fixture_completion,mimo,,,withheld,,,,completed,True,ok,True,False,"[1.0, 0.5, 1.0, 0.5, 1.0, 0.5, 1.0, 0.5, 1.0, 0.5]",,False,0.00012876,stop
fix:completion:mimo:04,fixture_completion,mimo,,,known,,,,completed,True,ok,True,False,"[0.0, 1.0, 0.0, 1.0, 0.0, 1.0, 0.0, 1.0, 0.0, 1.0]",,False,0.000119625,stop
fix:pair:fable:09,fixture_pair,fable,,,,,,,completed,False,multiple_or_no_numbers,False,False,,,False,0.02503,stop
fix:completion:mimo:05,fixture_completion,mimo,,,known,,,,completed,True,ok,True,False,"[0.0, 1.0, 0.0, 1.0, 0.0, 1.0, 0.0, 1.0, 0.0, 1.0]",,False,0.000119625,stop
fix:completion:mimo:03,fixture_completion,mimo,,,withheld,,,,completed,True,ok,True,False,"[0.9999999999999998, 2e-16, 0.9999999999999998, 2e-16, 0.9999999999999998, 2e-16, 0.9999999999999998, 2e-16, 0.9999999999999998, 2e-16]",,False,0.00026796,stop
fix:completion:mimo:06,fixture_completion,mimo,,,withheld,,,,completed,True,ok,True,False,"[0.5, 0.5, 0.5, 0.5, 0.5, 0.5, 0.5, 0.5, 0.5, 0.5]",,False,0.00013746,stop
fix:completion:mimo:07,fixture_completion,mimo,,,withheld,,,,completed,True,ok,True,False,"[1.0, 0.0, 1.0, 0.0, 1.0, 0.0, 1.0, 0.0, 1.0, 0.0]",,False,0.00013746,stop
fix:completion:mimo:08,fixture_completion,mimo,,,known,,,,completed,True,ok,True,False,"[0.5, 0.5, 0.5, 0.5, 0.5, 0.5, 0.5, 0.5, 0.5, 0.5]",,False,0.000137025,stop
fix:pair:mimo:00,fixture_pair,mimo,,,,,,,completed,True,ok,True,False,0.5,,False,8.9175e-05,stop
fix:completion:mimo:09,fixture_completion,mimo,,,known,,,,completed,True,ok,True,False,"[0.5, 0.5, 0.5, 0.5, 0.5, 0.5, 0.5, 0.5, 0.5, 0.5]",,False,0.000137025,stop
fix:pair:mimo:01,fixture_pair,mimo,,,,,,,completed,True,ok,True,False,0.9999999999999998,,False,0.000102225,stop
fix:pair:mimo:05,fixture_pair,mimo,,,,,,,completed,True,ok,True,False,0.3333333333333333,,False,0.000102225,stop
fix:pair:mimo:02,fixture_pair,mimo,,,,,,,completed,True,ok,True,False,0.3333333333333333,,False,0.000103095,stop
fix:pair:mimo:03,fixture_pair,mimo,,,,,,,completed,True,ok,True,False,0.8,,False,8.9175e-05,stop
fix:pair:mimo:06,fixture_pair,mimo,,,,,,,completed,True,ok,True,False,0.3333333333333333,,False,0.00010266,stop
fix:completion:mimo:10,fixture_completion,mimo,,,withheld,,,,completed,True,ok,True,False,"[0.9999999999999998, 2e-16, 0.9999999999999998, 2e-16, 0.9999999999999998, 2e-16, 0.9999999999999998, 2e-16, 0.9999999999999998, 2e-16]",,False,0.000268395,stop
fix:pair:mimo:10,fixture_pair,mimo,,,,,,,completed,True,ok,True,False,0.5,,False,9.396e-05,stop
fix:pair:mimo:07,fixture_pair,mimo,,,,,,,completed,True,ok,True,False,0.25,,False,9.048e-05,stop
fix:completion:mimo:11,fixture_completion,mimo,,,withheld,,,,completed,True,ok,True,False,"[0.5, 0.5, 0.5, 0.5, 0.5, 0.5, 0.5, 0.5, 0.5, 0.5]",,False,0.00013746,stop
fix:pair:mimo:11,fixture_pair,mimo,,,,,,,completed,True,ok,True,False,0.5,,False,9.396e-05,stop
fix:pair:mimo:04,fixture_pair,mimo,,,,,,,completed,False,truncated_length,False,False,,,False,0.003566565,length
fix:pair:mimo:08,fixture_pair,mimo,,,,,,,completed,False,truncated_length,False,False,,,False,0.003566565,length
fix:pair:mimo:09,fixture_pair,mimo,,,,,,,completed,False,truncated_length,False,False,,,False,0.003565695,length
rehearsal_completion:Pf080d2152ae8:mimo:known,rehearsal_completion,mimo,Pf080d2152ae8,,known,,H,plain,completed,True,ok,True,False,"[0.5, 0.5, 0.5, 0.5, 0.5, 0.5, 0.5, 0.5, 0.5, 0.5]",,False,0.000136155,stop
rehearsal_completion:P9863953a0560:mimo:known,rehearsal_completion,mimo,P9863953a0560,,known,,H,fair,completed,True,ok,True,False,"[0.5, 0.5, 0.5, 0.5, 0.5, 0.5, 0.5, 0.5, 0.5, 0.5]",,False,0.00013659,stop
rehearsal_completion:Pf4056cdfcf28:astra:known,rehearsal_completion,astra,Pf4056cdfcf28,,known,,H,fair,completed,True,ok,True,False,"[0.5, 0.5, 0.5, 0.5, 0.5, 0.5, 0.5, 0.5, 0.5, 0.5]",,False,0.00466,stop
rehearsal_completion:Pf080d2152ae8:fable:known,rehearsal_completion,fable,Pf080d2152ae8,,known,,H,plain,completed,True,ok,True,False,"[0.52, 0.5, 0.52, 0.5, 0.5, 0.52, 0.5, 0.5, 0.52, 0.5]",,False,0.00577,stop
rehearsal_completion:P1ed927053d09:fable:known,rehearsal_completion,fable,P1ed927053d09,,known,,H,fair,completed,True,ok,True,False,"[0.5, 0.5, 0.5, 0.5, 0.5, 0.5, 0.5, 0.5, 0.5, 0.5]",,False,0.00582,stop
rehearsal_completion:P410f6d3a7d14:fable:known,rehearsal_completion,fable,P410f6d3a7d14,,known,,H,fair,completed,True,ok,True,False,"[0.5, 0.5, 0.5, 0.5, 0.5, 0.5, 0.5, 0.5, 0.5, 0.5]",,False,0.00579,stop
rehearsal_completion:Pab74dca30323:mimo:known,rehearsal_completion,mimo,Pab74dca30323,,known,,H,plain,completed,True,ok,True,False,"[0.5, 0.5, 0.5, 0.5, 0.5, 0.5, 0.5, 0.5, 0.5, 0.5]",,False,0.000137025,stop
rehearsal_completion:Pf4056cdfcf28:mimo:known,rehearsal_completion,mimo,Pf4056cdfcf28,,known,,H,fair,completed,True,ok,True,False,"[0.5, 0.5, 0.5, 0.5, 0.5, 0.5, 0.5, 0.5, 0.5, 0.5]",,False,0.000137025,stop
rehearsal_completion:Pf080d2152ae8:astra:known,rehearsal_completion,astra,Pf080d2152ae8,,known,,H,plain,completed,True,ok,True,False,"[0.5, 0.5, 0.5, 0.5, 0.5, 0.5, 0.5, 0.5, 0.5, 0.5]",,False,0.00464,stop
rehearsal_completion:Pea489d686328:mimo:known,rehearsal_completion,mimo,Pea489d686328,,known,,H,fair,completed,True,ok,True,False,"[0.5, 0.5, 0.5, 0.5, 0.5, 0.5, 0.5, 0.5, 0.5, 0.5]",,False,0.000137025,stop
rehearsal_completion:P209b3489c639:mimo:known,rehearsal_completion,mimo,P209b3489c639,,known,,H,plain,completed,True,ok,True,False,"[0.5, 0.5, 0.5, 0.5, 0.5, 0.5, 0.5, 0.5, 0.5, 0.5]",,False,0.00013659,stop
rehearsal_completion:P1ed927053d09:mimo:known,rehearsal_completion,mimo,P1ed927053d09,,known,,H,fair,completed,True,ok,True,False,"[0.5, 0.5, 0.5, 0.5, 0.5, 0.5, 0.5, 0.5, 0.5, 0.5]",,False,0.00013746,stop
rehearsal_completion:P4a74e0dde96c:astra:known,rehearsal_completion,astra,P4a74e0dde96c,,known,,H,fair,completed,True,ok,True,False,"[0.5, 0.5, 0.5, 0.5, 0.5, 0.5, 0.5, 0.5, 0.5, 0.5]",,False,0.00469,stop
rehearsal_completion:P410f6d3a7d14:astra:known,rehearsal_completion,astra,P410f6d3a7d14,,known,,H,fair,completed,True,ok,True,False,"[0.5, 0.5, 0.5, 0.5, 0.5, 0.5, 0.5, 0.5, 0.5, 0.5]",,False,0.00468,stop
rehearsal_completion:P82eadef0cebf:astra:known,rehearsal_completion,astra,P82eadef0cebf,,known,,H,plain,completed,True,ok,True,False,"[0.5, 0.5, 0.5, 0.5, 0.5, 0.5, 0.5, 0.5, 0.5, 0.5]",,False,0.00468,stop
rehearsal_completion:Pab74dca30323:astra:known,rehearsal_completion,astra,Pab74dca30323,,known,,H,plain,completed,True,ok,True,False,"[0.5, 0.5, 0.5, 0.5, 0.5, 0.5, 0.5, 0.5, 0.5, 0.5]",,False,0.00563,stop
rehearsal_completion:P1e0ca55b3dbd:astra:known,rehearsal_completion,astra,P1e0ca55b3dbd,,known,,H,plain,completed,True,ok,True,False,"[0.5, 0.5, 0.5, 0.5, 0.5, 0.5, 0.5, 0.5, 0.5, 0.5]",,False,0.00467,stop
rehearsal_completion:Pc7f88c242e51:mimo:known,rehearsal_completion,mimo,Pc7f88c242e51,,known,,H,plain,completed,True,ok,True,False,"[0.5, 0.5, 0.5, 0.5, 0.5, 0.5, 0.5, 0.5, 0.5, 0.5]",,False,0.00013659,stop
rehearsal_completion:Pc7f88c242e51:fable:known,rehearsal_completion,fable,Pc7f88c242e51,,known,,H,plain,completed,True,ok,True,False,"[0.5, 0.5, 0.5, 0.5, 0.5, 0.5, 0.5, 0.5, 0.5, 0.5]",,False,0.00578,stop
rehearsal_completion:P209b3489c639:astra:known,rehearsal_completion,astra,P209b3489c639,,known,,H,plain,completed,True,ok,True,False,"[0.5, 0.5, 0.5, 0.5, 0.5, 0.5, 0.5, 0.5, 0.5, 0.5]",,False,0.0054,stop
rehearsal_completion:P1e0ca55b3dbd:fable:known,rehearsal_completion,fable,P1e0ca55b3dbd,,known,,H,plain,completed,True,ok,True,False,"[0.5, 0.52, 0.48, 0.5, 0.52, 0.5, 0.48, 0.5, 0.5, 0.52]",,False,0.00535,stop
rehearsal_completion:Pab74dca30323:fable:known,rehearsal_completion,fable,Pab74dca30323,,known,,H,plain,completed,True,ok,True,False,"[0.5, 0.5, 0.5, 0.5, 0.5, 0.5, 0.5, 0.5, 0.5, 0.5]",,False,0.00533,stop
rehearsal_completion:Pea489d686328:fable:known,rehearsal_completion,fable,Pea489d686328,,known,,H,fair,completed,True,ok,True,False,"[0.5, 0.5, 0.5, 0.5, 0.5, 0.5, 0.5, 0.5, 0.5, 0.5]",,False,0.0058,stop
rehearsal_completion:Pf4056cdfcf28:fable:known,rehearsal_completion,fable,Pf4056cdfcf28,,known,,H,fair,completed,True,ok,True,False,"[0.5, 0.5, 0.5, 0.5, 0.5, 0.5, 0.5, 0.5, 0.5, 0.5]",,False,0.00579,stop
rehearsal_completion:Pc7f88c242e51:astra:known,rehearsal_completion,astra,Pc7f88c242e51,,known,,H,plain,completed,True,ok,True,False,"[0.5, 0.5, 0.5, 0.5, 0.5, 0.5, 0.5, 0.5, 0.5, 0.5]",,False,0.00572,stop
rehearsal_completion:P1ed927053d09:astra:known,rehearsal_completion,astra,P1ed927053d09,,known,,H,fair,completed,True,ok,True,False,"[0.5, 0.5, 0.5, 0.5, 0.5, 0.5, 0.5, 0.5, 0.5, 0.5]",,False,0.00469,stop
rehearsal_completion:P209b3489c639:fable:known,rehearsal_completion,fable,P209b3489c639,,known,,H,plain,completed,True,ok,True,False,"[0.5, 0.5, 0.5, 0.5, 0.5, 0.5, 0.5, 0.5, 0.5, 0.5]",,False,0.00577,stop
rehearsal_completion:P82eadef0cebf:mimo:known,rehearsal_completion,mimo,P82eadef0cebf,,known,,H,plain,completed,True,ok,True,False,"[0.5, 0.5, 0.5, 0.5, 0.5, 0.5, 0.5, 0.5, 0.5, 0.5]",,False,0.000137025,stop
rehearsal_completion:P4a74e0dde96c:mimo:known,rehearsal_completion,mimo,P4a74e0dde96c,,known,,H,fair,completed,True,ok,True,False,"[0.5, 0.5, 0.5, 0.5, 0.5, 0.5, 0.5, 0.5, 0.5, 0.5]",,False,0.00013746,stop
rehearsal_completion:P4a74e0dde96c:fable:known,rehearsal_completion,fable,P4a74e0dde96c,,known,,H,fair,completed,True,ok,True,False,"[0.5, 0.5, 0.5, 0.5, 0.5, 0.5, 0.5, 0.5, 0.5, 0.5]",,False,0.00583,stop
rehearsal_completion:P9863953a0560:astra:known,rehearsal_completion,astra,P9863953a0560,,known,,H,fair,completed,True,ok,True,False,"[0.5, 0.5, 0.5, 0.5, 0.5, 0.5, 0.5, 0.5, 0.5, 0.5]",,False,0.00465,stop
rehearsal_completion:P9863953a0560:fable:known,rehearsal_completion,fable,P9863953a0560,,known,,H,fair,completed,True,ok,True,False,"[0.5, 0.5, 0.5, 0.5, 0.5, 0.5, 0.5, 0.5, 0.5, 0.5]",,False,0.00579,stop
rehearsal_completion:P410f6d3a7d14:mimo:known,rehearsal_completion,mimo,P410f6d3a7d14,,known,,H,fair,completed,True,ok,True,False,"[0.5, 0.5, 0.5, 0.5, 0.5, 0.5, 0.5, 0.5, 0.5, 0.5]",,False,0.000137025,stop
rehearsal_completion:P1e0ca55b3dbd:mimo:known,rehearsal_completion,mimo,P1e0ca55b3dbd,,known,,H,plain,completed,True,ok,True,False,"[0.5, 0.5, 0.5, 0.5, 0.5, 0.5, 0.5, 0.5, 0.5, 0.5]",,False,0.00013659,stop
rehearsal_completion:Pea489d686328:astra:known,rehearsal_completion,astra,Pea489d686328,,known,,H,fair,completed,True,ok,True,False,"[0.5, 0.5, 0.5, 0.5, 0.5, 0.5, 0.5, 0.5, 0.5, 0.5]",,False,0.00468,stop
rehearsal_completion:P82eadef0cebf:fable:known,rehearsal_completion,fable,P82eadef0cebf,,known,,H,plain,completed,True,ok,True,False,"[0.5, 0.52, 0.5, 0.5, 0.52, 0.5, 0.5, 0.52, 0.5, 0.5]",,False,0.00581,stop
rehearsal_pairs:PR254f9feedb2a:designated:fable,rehearsal_pairs,fable,,PR254f9feedb2a,,designated,SAME,plain,completed,True,ok,True,False,0.5,,False,0.00235,stop
rehearsal_pairs:PR5ed0c49fcf56:designated:mimo,rehearsal_pairs,mimo,,PR5ed0c49fcf56,,designated,SAME,fair,completed,True,ok,True,False,0.5,,False,6.3075e-05,stop
rehearsal_pairs:PR6cb5a504496b:designated:astra,rehearsal_pairs,astra,,PR6cb5a504496b,,designated,SAME,plain,completed,True,ok,True,False,0.5,,False,0.00286,stop
rehearsal_pairs:PR410067cd07d4:designated:astra,rehearsal_pairs,astra,,PR410067cd07d4,,designated,SAME,plain,completed,True,ok,True,False,0.5,,False,0.00263,stop
rehearsal_pairs:PR3c54b728c7bd:designated:mimo,rehearsal_pairs,mimo,,PR3c54b728c7bd,,designated,SAME,fair,completed,True,ok,True,False,0.5,,False,6.264e-05,stop
rehearsal_pairs:PR254f9feedb2a:designated:astra,rehearsal_pairs,astra,,PR254f9feedb2a,,designated,SAME,plain,completed,True,ok,True,False,0.5,,False,0.00267,stop
rehearsal_pairs:PRb39e1f89ba09:designated:mimo,rehearsal_pairs,mimo,,PRb39e1f89ba09,,designated,SAME,fair,completed,True,ok,True,False,0.5,,False,6.3075e-05,stop
rehearsal_pairs:PRbb6727e63005:designated:fable,rehearsal_pairs,fable,,PRbb6727e63005,,designated,SAME,fair,completed,True,ok,True,False,0.62,,False,0.00237,stop
rehearsal_pairs:PR1860ceb4d42f:designated:fable,rehearsal_pairs,fable,,PR1860ceb4d42f,,designated,SAME,fair,completed,True,ok,True,False,0.55,,False,0.00238,stop
rehearsal_pairs:PR1860ceb4d42f:designated:mimo,rehearsal_pairs,mimo,,PR1860ceb4d42f,,designated,SAME,fair,completed,True,ok,True,False,0.5,,False,6.264e-05,stop
rehearsal_pairs:PR6cb5a504496b:designated:fable,rehearsal_pairs,fable,,PR6cb5a504496b,,designated,SAME,plain,completed,True,ok,True,False,0.55,,False,0.00236,stop
rehearsal_pairs:PR5ed0c49fcf56:designated:fable,rehearsal_pairs,fable,,PR5ed0c49fcf56,,designated,SAME,fair,completed,True,ok,True,False,0.6,,False,0.00237,stop
rehearsal_pairs:PR63681c0d8459:designated:fable,rehearsal_pairs,fable,,PR63681c0d8459,,designated,SAME,plain,completed,True,ok,True,False,0.55,,False,0.00235,stop
rehearsal_pairs:PR3c54b728c7bd:designated:fable,rehearsal_pairs,fable,,PR3c54b728c7bd,,designated,SAME,fair,completed,True,ok,True,False,0.6,,False,0.00237,stop
rehearsal_pairs:PR6cb5a504496b:designated:mimo,rehearsal_pairs,mimo,,PR6cb5a504496b,,designated,SAME,plain,completed,True,ok,True,False,0.5,,False,6.2205e-05,stop
rehearsal_pairs:PR254f9feedb2a:designated:mimo,rehearsal_pairs,mimo,,PR254f9feedb2a,,designated,SAME,plain,completed,True,ok,True,False,0.5,,False,6.264e-05,stop
rehearsal_pairs:PRb39e1f89ba09:designated:astra,rehearsal_pairs,astra,,PRb39e1f89ba09,,designated,SAME,fair,completed,True,ok,True,False,0.5,,False,0.00283,stop
rehearsal_pairs:PRe87fb6a1e391:designated:fable,rehearsal_pairs,fable,,PRe87fb6a1e391,,designated,SAME,plain,completed,True,ok,True,False,0.9,,False,0.00236,stop
rehearsal_pairs:PR410067cd07d4:designated:mimo,rehearsal_pairs,mimo,,PR410067cd07d4,,designated,SAME,plain,completed,True,ok,True,False,0.5,,False,6.3075e-05,stop
rehearsal_pairs:PR7c505c683cd0:designated:mimo,rehearsal_pairs,mimo,,PR7c505c683cd0,,designated,SAME,fair,completed,True,ok,True,False,0.5,,False,6.2205e-05,stop
rehearsal_pairs:PRe87fb6a1e391:designated:astra,rehearsal_pairs,astra,,PRe87fb6a1e391,,designated,SAME,plain,completed,True,ok,True,False,0.5,,False,0.0068,stop
rehearsal_pairs:PRbb6727e63005:designated:mimo,rehearsal_pairs,mimo,,PRbb6727e63005,,designated,SAME,fair,completed,True,ok,True,False,0.5,,False,6.2205e-05,stop
rehearsal_pairs:PR7c505c683cd0:designated:astra,rehearsal_pairs,astra,,PR7c505c683cd0,,designated,SAME,fair,completed,True,ok,True,False,0.5,,False,0.00296,stop
rehearsal_pairs:PR5ed0c49fcf56:designated:astra,rehearsal_pairs,astra,,PR5ed0c49fcf56,,designated,SAME,fair,completed,True,ok,True,False,0.5,,False,0.00283,stop
rehearsal_pairs:PR3c54b728c7bd:designated:astra,rehearsal_pairs,astra,,PR3c54b728c7bd,,designated,SAME,fair,completed,True,ok,True,False,0.5,,False,0.00287,stop
rehearsal_pairs:PRbb6727e63005:designated:astra,rehearsal_pairs,astra,,PRbb6727e63005,,designated,SAME,fair,completed,True,ok,True,False,0.5,,False,0.00271,stop
rehearsal_pairs:PR7c505c683cd0:designated:fable,rehearsal_pairs,fable,,PR7c505c683cd0,,designated,SAME,fair,completed,True,ok,True,False,0.6,,False,0.00237,stop
rehearsal_pairs:PR410067cd07d4:designated:fable,rehearsal_pairs,fable,,PR410067cd07d4,,designated,SAME,plain,completed,True,ok,True,False,0.68,,False,0.00236,stop
rehearsal_pairs:PRe87fb6a1e391:designated:mimo,rehearsal_pairs,mimo,,PRe87fb6a1e391,,designated,SAME,plain,completed,True,ok,True,False,0.5,,False,6.177e-05,stop
rehearsal_pairs:PR8d628d7d8ea9:designated:astra,rehearsal_pairs,astra,,PR8d628d7d8ea9,,designated,SAME,plain,completed,True,ok,True,False,0.5,,False,0.00346,stop
rehearsal_pairs:PR63681c0d8459:designated:mimo,rehearsal_pairs,mimo,,PR63681c0d8459,,designated,SAME,plain,completed,True,ok,True,False,0.5,,False,6.2205e-05,stop
rehearsal_pairs:PRb39e1f89ba09:designated:fable,rehearsal_pairs,fable,,PRb39e1f89ba09,,designated,SAME,fair,completed,True,ok,True,False,0.5,,False,0.00238,stop
rehearsal_pairs:PR8d628d7d8ea9:designated:fable,rehearsal_pairs,fable,,PR8d628d7d8ea9,,designated,SAME,plain,completed,True,ok,True,False,0.62,,False,0.00236,stop
rehearsal_pairs:PR1860ceb4d42f:designated:astra,rehearsal_pairs,astra,,PR1860ceb4d42f,,designated,SAME,fair,completed,True,ok,True,False,0.5,,False,0.00292,stop
rehearsal_pairs:PR8d628d7d8ea9:designated:mimo,rehearsal_pairs,mimo,,PR8d628d7d8ea9,,designated,SAME,plain,completed,True,ok,True,False,0.5,,False,6.2205e-05,stop
rehearsal_pairs:PR63681c0d8459:designated:astra,rehearsal_pairs,astra,,PR63681c0d8459,,designated,SAME,plain,completed,True,ok,True,False,0.5,,False,0.00281,stop
rehearsal_completion:P4a74e0dde96c:mimo:withheld,rehearsal_completion,mimo,P4a74e0dde96c,,withheld,,H,fair,completed,True,ok,True,False,"[0.5, 0.5, 0.5, 0.5, 0.5, 0.5, 0.5, 0.5, 0.5, 0.5]",,False,0.000136155,stop
rehearsal_completion:P1ed927053d09:astra:withheld,rehearsal_completion,astra,P1ed927053d09,,withheld,,H,fair,completed,True,ok,True,False,"[0.5, 0.5, 0.5, 0.5, 0.5, 0.5, 0.5, 0.5, 0.5, 0.5]",,False,0.00466,stop
rehearsal_completion:P9863953a0560:astra:withheld,rehearsal_completion,astra,P9863953a0560,,withheld,,H,fair,completed,True,ok,True,False,"[0.5, 0.5, 0.5, 0.5, 0.5, 0.5, 0.5, 0.5, 0.5, 0.5]",,False,0.00465,stop
rehearsal_completion:Pc7f88c242e51:mimo:withheld,rehearsal_completion,mimo,Pc7f88c242e51,,withheld,,H,plain,completed,True,ok,True,False,"[0.5, 0.5, 0.5, 0.5, 0.5, 0.5, 0.5, 0.5, 0.5, 0.5]",,False,0.000135285,stop
rehearsal_completion:Pf4056cdfcf28:fable:withheld,rehearsal_completion,fable,Pf4056cdfcf28,,withheld,,H,fair,completed,True,ok,True,False,"[0.5, 0.5, 0.5, 0.5, 0.5, 0.5, 0.5, 0.5, 0.5, 0.5]",,False,0.00533,stop
rehearsal_completion:P82eadef0cebf:fable:withheld,rehearsal_completion,fable,P82eadef0cebf,,withheld,,H,plain,completed,True,ok,True,False,"[0.5, 0.5, 0.5, 0.5, 0.5, 0.5, 0.5, 0.5, 0.5, 0.5]",,False,0.00576,stop
rehearsal_completion:P4a74e0dde96c:astra:withheld,rehearsal_completion,astra,P4a74e0dde96c,,withheld,,H,fair,completed,True,ok,True,False,"[0.5, 0.5, 0.5, 0.5, 0.5, 0.5, 0.5, 0.5, 0.5, 0.5]",,False,0.00561,stop
rehearsal_completion:Pea489d686328:fable:withheld,rehearsal_completion,fable,Pea489d686328,,withheld,,H,fair,completed,True,ok,True,False,"[0.52, 0.5, 0.5, 0.52, 0.5, 0.5, 0.52, 0.5, 0.5, 0.5]",,False,0.00578,stop
rehearsal_completion:P410f6d3a7d14:astra:withheld,rehearsal_completion,astra,P410f6d3a7d14,,withheld,,H,fair,completed,True,ok,True,False,"[0.5, 0.5, 0.5, 0.5, 0.5, 0.5, 0.5, 0.5, 0.5, 0.5]",,False,0.00465,stop
rehearsal_completion:P209b3489c639:mimo:withheld,rehearsal_completion,mimo,P209b3489c639,,withheld,,H,plain,completed,True,ok,True,False,"[0.5, 0.5, 0.5, 0.5, 0.5, 0.5, 0.5, 0.5, 0.5, 0.5]",,False,0.00013572,stop
rehearsal_completion:Pf080d2152ae8:fable:withheld,rehearsal_completion,fable,Pf080d2152ae8,,withheld,,H,plain,completed,True,ok,True,False,"[0.52, 0.5, 0.5, 0.52, 0.5, 0.52, 0.5, 0.5, 0.52, 0.52]",,False,0.00576,stop
rehearsal_completion:Pc7f88c242e51:fable:withheld,rehearsal_completion,fable,Pc7f88c242e51,,withheld,,H,plain,completed,True,ok,True,False,"[0.5, 0.5, 0.5, 0.5, 0.5, 0.5, 0.5, 0.5, 0.5, 0.5]",,False,0.00576,stop
rehearsal_completion:P1e0ca55b3dbd:fable:withheld,rehearsal_completion,fable,P1e0ca55b3dbd,,withheld,,H,plain,completed,True,ok,True,False,"[0.5, 0.5, 0.5, 0.5, 0.5, 0.5, 0.5, 0.5, 0.5, 0.5]",,False,0.00575,stop
rehearsal_completion:P1e0ca55b3dbd:mimo:withheld,rehearsal_completion,mimo,P1e0ca55b3dbd,,withheld,,H,plain,completed,True,ok,True,False,"[0.5, 0.5, 0.5, 0.5, 0.5, 0.5, 0.5, 0.5, 0.5, 0.5]",,False,0.000135285,stop
rehearsal_completion:P1ed927053d09:fable:withheld,rehearsal_completion,fable,P1ed927053d09,,withheld,,H,fair,completed,True,ok,True,False,"[0.5, 0.5, 0.5, 0.5, 0.5, 0.5, 0.5, 0.5, 0.5, 0.5]",,False,0.00577,stop
rehearsal_completion:P410f6d3a7d14:fable:withheld,rehearsal_completion,fable,P410f6d3a7d14,,withheld,,H,fair,completed,True,ok,True,False,"[0.5, 0.5, 0.5, 0.5, 0.5, 0.5, 0.5, 0.5, 0.5, 0.5]",,False,0.00577,stop
rehearsal_completion:P4a74e0dde96c:fable:withheld,rehearsal_completion,fable,P4a74e0dde96c,,withheld,,H,fair,completed,True,ok,True,False,"[0.5, 0.5, 0.5, 0.5, 0.5, 0.5, 0.5, 0.5, 0.5, 0.5]",,False,0.00578,stop
rehearsal_completion:Pf080d2152ae8:astra:withheld,rehearsal_completion,astra,Pf080d2152ae8,,withheld,,H,plain,completed,True,ok,True,False,"[0.5, 0.5, 0.5, 0.5, 0.5, 0.5, 0.5, 0.5, 0.5, 0.5]",,False,0.00464,stop
rehearsal_completion:P9863953a0560:fable:withheld,rehearsal_completion,fable,P9863953a0560,,withheld,,H,fair,completed,True,ok,True,False,"[0.52, 0.5, 0.53, 0.5, 0.52, 0.5, 0.52, 0.5, 0.51, 0.5]",,False,0.00578,stop
rehearsal_completion:Pea489d686328:astra:withheld,rehearsal_completion,astra,Pea489d686328,,withheld,,H,fair,completed,True,ok,True,False,"[0.5, 0.5, 0.5, 0.5, 0.5, 0.5, 0.5, 0.5, 0.5, 0.5]",,False,0.00465,stop
rehearsal_completion:Pf4056cdfcf28:astra:withheld,rehearsal_completion,astra,Pf4056cdfcf28,,withheld,,H,fair,completed,True,ok,True,False,"[0.5, 0.5, 0.5, 0.5, 0.5, 0.5, 0.5, 0.5, 0.5, 0.5]",,False,0.00466,stop
rehearsal_completion:P82eadef0cebf:mimo:withheld,rehearsal_completion,mimo,P82eadef0cebf,,withheld,,H,plain,completed,True,ok,True,False,"[0.5, 0.5, 0.5, 0.5, 0.5, 0.5, 0.5, 0.5, 0.5, 0.5]",,False,0.00013572,stop
rehearsal_completion:P209b3489c639:astra:withheld,rehearsal_completion,astra,P209b3489c639,,withheld,,H,plain,completed,True,ok,True,False,"[0.5, 0.5, 0.5, 0.5, 0.5, 0.5, 0.5, 0.5, 0.5, 0.5]",,False,0.00545,stop
rehearsal_completion:Pea489d686328:mimo:withheld,rehearsal_completion,mimo,Pea489d686328,,withheld,,H,fair,completed,True,ok,True,False,"[0.5, 0.5, 0.5, 0.5, 0.5, 0.5, 0.5, 0.5, 0.5, 0.5]",,False,0.00013572,stop
rehearsal_completion:P1e0ca55b3dbd:astra:withheld,rehearsal_completion,astra,P1e0ca55b3dbd,,withheld,,H,plain,completed,True,ok,True,False,"[0.5, 0.5, 0.5, 0.5, 0.5, 0.5, 0.5, 0.5, 0.5, 0.5]",,False,0.00569,stop
rehearsal_completion:Pc7f88c242e51:astra:withheld,rehearsal_completion,astra,Pc7f88c242e51,,withheld,,H,plain,completed,True,ok,True,False,"[0.5, 0.5, 0.5, 0.5, 0.5, 0.5, 0.5, 0.5, 0.5, 0.5]",,False,0.00544,stop
rehearsal_completion:P82eadef0cebf:astra:withheld,rehearsal_completion,astra,P82eadef0cebf,,withheld,,H,plain,completed,True,ok,True,False,"[0.5, 0.5, 0.5, 0.5, 0.5, 0.5, 0.5, 0.5, 0.5, 0.5]",,False,0.0058,stop
rehearsal_completion:P9863953a0560:mimo:withheld,rehearsal_completion,mimo,P9863953a0560,,withheld,,H,fair,completed,True,ok,True,False,"[0.5, 0.5, 0.5, 0.5, 0.5, 0.5, 0.5, 0.5, 0.5, 0.5]",,False,0.00013572,stop
rehearsal_completion:Pf4056cdfcf28:mimo:withheld,rehearsal_completion,mimo,Pf4056cdfcf28,,withheld,,H,fair,completed,True,ok,True,False,"[0.5, 0.5, 0.5, 0.5, 0.5, 0.5, 0.5, 0.5, 0.5, 0.5]",,False,0.000136155,stop
rehearsal_completion:P209b3489c639:fable:withheld,rehearsal_completion,fable,P209b3489c639,,withheld,,H,plain,completed,True,ok,True,False,"[0.52, 0.5, 0.52, 0.5, 0.52, 0.5, 0.5, 0.52, 0.5, 0.52]",,False,0.00576,stop
rehearsal_completion:Pab74dca30323:mimo:withheld,rehearsal_completion,mimo,Pab74dca30323,,withheld,,H,plain,completed,True,ok,True,False,"[0.5, 0.5, 0.5, 0.5, 0.5, 0.5, 0.5, 0.5, 0.5, 0.5]",,False,0.00013572,stop
rehearsal_completion:P1ed927053d09:mimo:withheld,rehearsal_completion,mimo,P1ed927053d09,,withheld,,H,fair,completed,True,ok,True,False,"[0.5, 0.5, 0.5, 0.5, 0.5, 0.5, 0.5, 0.5, 0.5, 0.5]",,False,0.000136155,stop
rehearsal_completion:Pab74dca30323:fable:withheld,rehearsal_completion,fable,Pab74dca30323,,withheld,,H,plain,completed,True,ok,True,False,"[0.52, 0.5, 0.52, 0.5, 0.51, 0.49, 0.52, 0.5, 0.5, 0.49]",,False,0.00576,stop
rehearsal_completion:P410f6d3a7d14:mimo:withheld,rehearsal_completion,mimo,P410f6d3a7d14,,withheld,,H,fair,completed,True,ok,True,False,"[0.5, 0.5, 0.5, 0.5, 0.5, 0.5, 0.5, 0.5, 0.5, 0.5]",,False,0.00013572,stop
rehearsal_completion:Pab74dca30323:astra:withheld,rehearsal_completion,astra,Pab74dca30323,,withheld,,H,plain,completed,True,ok,True,False,"[0.5, 0.5, 0.5, 0.5, 0.5, 0.5, 0.5, 0.5, 0.5, 0.5]",,False,0.00555,stop
rehearsal_completion:Pf080d2152ae8:mimo:withheld,rehearsal_completion,mimo,Pf080d2152ae8,,withheld,,H,plain,completed,True,ok,True,False,"[0.5, 0.5, 0.5, 0.5, 0.5, 0.5, 0.5, 0.5, 0.5, 0.5]",,False,0.000135285,stop
completion:P9799ccdd11c6:mimo:known,completion,mimo,P9799ccdd11c6,,known,,H,fair,completed,True,ok,True,False,"[0.5, 0.5, 0.5, 0.5, 0.5, 0.5, 0.5, 0.5, 0.5, 0.5]",0.25,True,0.00013746,stop
completion:P1fbe776671a1:mimo:withheld,completion,mimo,P1fbe776671a1,,withheld,,H,plain,completed,True,ok,True,False,"[0.5, 0.5, 0.5, 0.5, 0.5, 0.5, 0.5, 0.5, 0.5, 0.5]",0.25,True,0.00013572,stop
completion:P80b013660f29:astra:withheld,completion,astra,P80b013660f29,,withheld,,H,plain,completed,True,ok,True,False,"[0.5, 0.5, 0.5, 0.5, 0.5, 0.5, 0.5, 0.5, 0.5, 0.5]",0.25,True,0.00554,stop
completion:P6da7736ec049:astra:known,completion,astra,P6da7736ec049,,known,,H,fair,completed,True,ok,True,False,"[0.5, 0.5, 0.5, 0.5, 0.5, 0.5, 0.5, 0.5, 0.5, 0.5]",0.25,True,0.00469,stop
completion:Pba7ed2d6d916:fable:known,completion,fable,Pba7ed2d6d916,,known,,H,fair,completed,True,ok,True,False,"[0.5, 0.5, 0.5, 0.5, 0.5, 0.5, 0.5, 0.5, 0.5, 0.5]",0.25,True,0.00579,stop
completion:Pe19f1b60ae5e:astra:known,completion,astra,Pe19f1b60ae5e,,known,,H,plain,completed,True,ok,True,False,"[0.5, 0.5, 0.5, 0.5, 0.5, 0.5, 0.5, 0.5, 0.5, 0.5]",0.25,True,0.00465,stop
completion:P56f4dfbe28d3:astra:withheld,completion,astra,P56f4dfbe28d3,,withheld,,H,plain,completed,True,ok,True,False,"[0.5, 0.5, 0.5, 0.5, 0.5, 0.5, 0.5, 0.5, 0.5, 0.5]",0.25,True,0.00565,stop
completion:P8a4a199d7c0d:mimo:withheld,completion,mimo,P8a4a199d7c0d,,withheld,,H,plain,completed,True,ok,True,False,"[0.5, 0.5, 0.5, 0.5, 0.5, 0.5, 0.5, 0.5, 0.5, 0.5]",0.25,True,0.00013572,stop
completion:Pf6a25a3d68ec:astra:known,completion,astra,Pf6a25a3d68ec,,known,,H,plain,completed,True,ok,True,False,"[0.5, 0.5, 0.5, 0.5, 0.5, 0.5, 0.5, 0.5, 0.5, 0.5]",0.25,True,0.00553,stop
completion:Pf91d12d82d7d:fable:withheld,completion,fable,Pf91d12d82d7d,,withheld,,H,fair,completed,True,ok,True,False,"[0.5, 0.52, 0.5, 0.52, 0.5, 0.5, 0.52, 0.5, 0.5, 0.52]",0.24616,True,0.00578,stop
completion:Pbf7569dfa38c:astra:known,completion,astra,Pbf7569dfa38c,,known,,H,plain,completed,True,ok,True,False,"[0.5, 0.5, 0.5, 0.5, 0.5, 0.5, 0.5, 0.5, 0.5, 0.5]",0.25,True,0.00577,stop
completion:P114313b6e44d:mimo:known,completion,mimo,P114313b6e44d,,known,,H,fair,completed,True,ok,True,False,"[0.5, 0.5, 0.5, 0.5, 0.5, 0.5, 0.5, 0.5, 0.5, 0.5]",0.25,True,0.000137025,stop
completion:P9799ccdd11c6:astra:known,completion,astra,P9799ccdd11c6,,known,,H,fair,completed,True,ok,True,False,"[0.5, 0.5, 0.5, 0.5, 0.5, 0.5, 0.5, 0.5, 0.5, 0.5]",0.25,True,0.00469,stop
completion:Pf414edc880f7:mimo:withheld,completion,mimo,Pf414edc880f7,,withheld,,H,plain,completed,True,ok,True,False,"[0.5, 0.5, 0.5, 0.5, 0.5, 0.5, 0.5, 0.5, 0.5, 0.5]",0.25,True,0.00013572,stop
completion:Pf55cf6e8ccb0:fable:known,completion,fable,Pf55cf6e8ccb0,,known,,H,plain,completed,True,ok,True,False,"[0.5, 0.5, 0.5, 0.5, 0.5, 0.5, 0.5, 0.5, 0.5, 0.5]",0.25,True,0.00578,stop
completion:Pf1091159de0d:mimo:withheld,completion,mimo,Pf1091159de0d,,withheld,,H,fair,completed,True,ok,True,False,"[0.5, 0.5, 0.5, 0.5, 0.5, 0.5, 0.5, 0.5, 0.5, 0.5]",0.25,True,0.00013572,stop
completion:P6fff31dd7949:astra:withheld,completion,astra,P6fff31dd7949,,withheld,,H,fair,completed,True,ok,True,False,"[0.5, 0.5, 0.5, 0.5, 0.5, 0.5, 0.5, 0.5, 0.5, 0.5]",0.25,True,0.00466,stop
completion:Pf340370ed9c4:fable:known,completion,fable,Pf340370ed9c4,,known,,H,plain,completed,True,ok,True,False,"[0.5, 0.5, 0.5, 0.5, 0.5, 0.5, 0.5, 0.5, 0.5, 0.5]",0.25,True,0.00577,stop
completion:Pf3d993a7ee4c:astra:withheld,completion,astra,Pf3d993a7ee4c,,withheld,,H,fair,completed,True,ok,True,False,"[0.5, 0.5, 0.5, 0.5, 0.5, 0.5, 0.5, 0.5, 0.5, 0.5]",0.25,True,0.00466,stop
completion:Pd1003400bc2f:astra:withheld,completion,astra,Pd1003400bc2f,,withheld,,H,plain,completed,True,ok,True,False,"[0.5, 0.5, 0.5, 0.5, 0.5, 0.5, 0.5, 0.5, 0.5, 0.5]",0.25,True,0.00545,stop
completion:P35fe2e518f05:astra:withheld,completion,astra,P35fe2e518f05,,withheld,,H,fair,completed,True,ok,True,False,"[0.5, 0.5, 0.5, 0.5, 0.5, 0.5, 0.5, 0.5, 0.5, 0.5]",0.25,True,0.00465,stop
completion:P8a4a199d7c0d:fable:withheld,completion,fable,P8a4a199d7c0d,,withheld,,H,plain,completed,True,ok,True,False,"[0.5, 0.5, 0.5, 0.5, 0.5, 0.5, 0.5, 0.5, 0.5, 0.5]",0.25,True,0.00576,stop
completion:P085b274e4e18:mimo:withheld,completion,mimo,P085b274e4e18,,withheld,,H,plain,completed,True,ok,True,False,"[0.5, 0.5, 0.5, 0.5, 0.5, 0.5, 0.5, 0.5, 0.5, 0.5]",0.25,True,0.000135285,stop
completion:Pa8923f849519:astra:known,completion,astra,Pa8923f849519,,known,,H,fair,completed,True,ok,True,False,"[0.5, 0.5, 0.5, 0.5, 0.5, 0.5, 0.5, 0.5, 0.5, 0.5]",0.25,True,0.00469,stop
completion:Pc8c003cfff1f:mimo:withheld,completion,mimo,Pc8c003cfff1f,,withheld,,H,plain,completed,True,ok,True,False,"[0.5, 0.5, 0.5, 0.5, 0.5, 0.5, 0.5, 0.5, 0.5, 0.5]",0.25,True,0.00013572,stop
completion:P6db6b290c9f7:fable:withheld,completion,fable,P6db6b290c9f7,,withheld,,H,fair,completed,True,ok,True,False,"[0.5, 0.5, 0.5, 0.5, 0.5, 0.5, 0.5, 0.5, 0.5, 0.5]",0.25,True,0.00532,stop
completion:Pb0b81d142610:fable:withheld,completion,fable,Pb0b81d142610,,withheld,,H,plain,completed,True,ok,True,False,"[0.5, 0.5, 0.5, 0.5, 0.5, 0.5, 0.5, 0.5, 0.5, 0.5]",0.25,True,0.00576,stop
completion:Pbe2c91a32679:astra:withheld,completion,astra,Pbe2c91a32679,,withheld,,H,plain,completed,True,ok,True,False,"[0.5, 0.5, 0.5, 0.5, 0.5, 0.5, 0.5, 0.5, 0.5, 0.5]",0.25,True,0.0055,stop
completion:P932a30f0b2af:astra:known,completion,astra,P932a30f0b2af,,known,,H,plain,completed,True,ok,True,False,"[0.5, 0.5, 0.5, 0.5, 0.5, 0.5, 0.5, 0.5, 0.5, 0.5]",0.25,True,0.00464,stop
completion:Pb81766b1c156:mimo:withheld,completion,mimo,Pb81766b1c156,,withheld,,H,plain,completed,True,ok,True,False,"[0.5, 0.5, 0.5, 0.5, 0.5, 0.5, 0.5, 0.5, 0.5, 0.5]",0.25,True,0.000135285,stop
completion:P311165b56986:mimo:known,completion,mimo,P311165b56986,,known,,H,fair,completed,True,ok,True,False,"[0.5, 0.5, 0.5, 0.5, 0.5, 0.5, 0.5, 0.5, 0.5, 0.5]",0.25,True,0.00013659,stop
completion:Pd1d27b041b66:astra:withheld,completion,astra,Pd1d27b041b66,,withheld,,H,plain,completed,True,ok,True,False,"[0.5, 0.5, 0.5, 0.5, 0.5, 0.5, 0.5, 0.5, 0.5, 0.5]",0.25,True,0.00464,stop
completion:P34c52e49399b:fable:known,completion,fable,P34c52e49399b,,known,,H,fair,completed,True,ok,True,False,"[0.5, 0.5, 0.5, 0.5, 0.5, 0.5, 0.5, 0.5, 0.5, 0.5]",0.25,True,0.0058,stop
completion:P01d7f0a3d5af:fable:withheld,completion,fable,P01d7f0a3d5af,,withheld,,H,plain,completed,True,ok,True,False,"[0.5, 0.5, 0.5, 0.5, 0.5, 0.5, 0.5, 0.5, 0.5, 0.5]",0.25,True,0.00576,stop
completion:Pc206c573b70f:fable:known,completion,fable,Pc206c573b70f,,known,,H,plain,completed,True,ok,True,False,"[0.5, 0.5, 0.5, 0.5, 0.5, 0.5, 0.5, 0.5, 0.5, 0.5]",0.25,True,0.00578,stop
completion:P11648d6ae270:astra:known,completion,astra,P11648d6ae270,,known,,H,plain,completed,True,ok,True,False,"[0.5, 0.5, 0.5, 0.5, 0.5, 0.5, 0.5, 0.5, 0.5, 0.5]",0.25,True,0.00557,stop
completion:P34df0d0e02ef:mimo:known,completion,mimo,P34df0d0e02ef,,known,,H,fair,completed,True,ok,True,False,"[0.5, 0.5, 0.5, 0.5, 0.5, 0.5, 0.5, 0.5, 0.5, 0.5]",0.25,True,0.00013746,stop
completion:P31c371139df3:astra:withheld,completion,astra,P31c371139df3,,withheld,,H,plain,completed,True,ok,True,False,"[0.5, 0.5, 0.5, 0.5, 0.5, 0.5, 0.5, 0.5, 0.5, 0.5]",0.25,True,0.00464,stop
completion:P39595f3e98ab:fable:withheld,completion,fable,P39595f3e98ab,,withheld,,H,fair,completed,True,ok,True,False,"[0.52, 0.5, 0.5, 0.52, 0.5, 0.5, 0.52, 0.5, 0.5, 0.52]",0.24216,True,0.00578,stop
completion:Pe165b33556bf:astra:known,completion,astra,Pe165b33556bf,,known,,H,fair,completed,True,ok,True,False,"[0.5, 0.5, 0.5, 0.5, 0.5, 0.5, 0.5, 0.5, 0.5, 0.5]",0.25,True,0.00468,stop
completion:Pafa058d985f3:mimo:known,completion,mimo,Pafa058d985f3,,known,,H,fair,completed,True,ok,True,False,"[0.5, 0.5, 0.5, 0.5, 0.5, 0.5, 0.5, 0.5, 0.5, 0.5]",0.25,True,0.00013746,stop
completion:P4c4008541209:mimo:known,completion,mimo,P4c4008541209,,known,,H,plain,completed,True,ok,True,False,"[0.5, 0.5, 0.5, 0.5, 0.5, 0.5, 0.5, 0.5, 0.5, 0.5]",0.25,True,0.000136155,stop
completion:P35fe2e518f05:fable:withheld,completion,fable,P35fe2e518f05,,withheld,,H,fair,completed,True,ok,True,False,"[0.5, 0.5, 0.5, 0.5, 0.5, 0.5, 0.5, 0.5, 0.5, 0.5]",0.25,True,0.00578,stop
completion:P9952e845d04d:fable:withheld,completion,fable,P9952e845d04d,,withheld,,H,fair,completed,True,ok,True,False,"[0.5, 0.5, 0.5, 0.5, 0.5, 0.5, 0.5, 0.5, 0.5, 0.5]",0.25,True,0.00578,stop
completion:Pf912b277130e:astra:known,completion,astra,Pf912b277130e,,known,,H,plain,completed,True,ok,True,False,"[0.5, 0.5, 0.5, 0.5, 0.5, 0.5, 0.5, 0.5, 0.5, 0.5]",0.25,True,0.00464,stop
completion:Pe19f1b60ae5e:mimo:known,completion,mimo,Pe19f1b60ae5e,,known,,H,plain,completed,True,ok,True,False,"[0.5, 0.5, 0.5, 0.5, 0.5, 0.5, 0.5, 0.5, 0.5, 0.5]",0.25,True,0.00013659,stop
completion:P35fe2e518f05:mimo:withheld,completion,mimo,P35fe2e518f05,,withheld,,H,fair,completed,True,ok,True,False,"[0.5, 0.5, 0.5, 0.5, 0.5, 0.5, 0.5, 0.5, 0.5, 0.5]",0.25,True,0.00013572,stop
completion:P2601a4c91e0e:mimo:known,completion,mimo,P2601a4c91e0e,,known,,H,plain,completed,True,ok,True,False,"[0.5, 0.5, 0.5, 0.5, 0.5, 0.5, 0.5, 0.5, 0.5, 0.5]",0.25,True,0.000137025,stop
completion:P9333131fafea:mimo:withheld,completion,mimo,P9333131fafea,,withheld,,H,fair,completed,True,ok,True,False,"[0.5, 0.5, 0.5, 0.5, 0.5, 0.5, 0.5, 0.5, 0.5, 0.5]",0.25,True,0.000136155,stop
completion:Pf4b50baaac55:mimo:known,completion,mimo,Pf4b50baaac55,,known,,H,plain,completed,True,ok,True,False,"[0.5, 0.5, 0.5, 0.5, 0.5, 0.5, 0.5, 0.5, 0.5, 0.5]",0.25,True,0.00013659,stop
completion:Pa6fe7cd0add6:fable:withheld,completion,fable,Pa6fe7cd0add6,,withheld,,H,plain,completed,True,ok,True,False,"[0.55, 0.55, 0.5, 0.55, 0.55, 0.5, 0.55, 0.55, 0.5, 0.55]",0.21674999999999994,True,0.00576,stop
completion:Pc0fd2996d5e3:astra:known,completion,astra,Pc0fd2996d5e3,,known,,H,fair,completed,True,ok,True,False,"[0.5, 0.5, 0.5, 0.5, 0.5, 0.5, 0.5, 0.5, 0.5, 0.5]",0.25,True,0.00554,stop
completion:Pe8e0638e8b6a:mimo:withheld,completion,mimo,Pe8e0638e8b6a,,withheld,,H,plain,completed,True,ok,True,False,"[0.5, 0.5, 0.5, 0.5, 0.5, 0.5, 0.5, 0.5, 0.5, 0.5]",0.25,True,0.00013572,stop
completion:P82b888a78b63:astra:withheld,completion,astra,P82b888a78b63,,withheld,,H,plain,completed,True,ok,True,False,"[0.5, 0.5, 0.5, 0.5, 0.5, 0.5, 0.5, 0.5, 0.5, 0.5]",0.25,True,0.00545,stop
completion:Pafa058d985f3:fable:known,completion,fable,Pafa058d985f3,,known,,H,fair,completed,True,ok,True,False,"[0.5, 0.5, 0.5, 0.5, 0.5, 0.5, 0.5, 0.5, 0.5, 0.5]",0.25,True,0.00583,stop
completion:Pb017ce1672ef:astra:known,completion,astra,Pb017ce1672ef,,known,,H,plain,completed,True,ok,True,False,"[0.5, 0.5, 0.5, 0.5, 0.5, 0.5, 0.5, 0.5, 0.5, 0.5]",0.25,True,0.00558,stop
completion:P80afc9796590:mimo:withheld,completion,mimo,P80afc9796590,,withheld,,H,fair,completed,True,ok,True,False,"[0.5, 0.5, 0.5, 0.5, 0.5, 0.5, 0.5, 0.5, 0.5, 0.5]",0.25,True,0.000136155,stop
completion:Pac1e59009057:fable:known,completion,fable,Pac1e59009057,,known,,H,plain,completed,True,ok,True,False,"[0.5, 0.52, 0.5, 0.52, 0.5, 0.5, 0.52, 0.5, 0.52, 0.5]",0.25416,True,0.00578,stop
completion:P158904262452:astra:withheld,completion,astra,P158904262452,,withheld,,H,fair,completed,True,ok,True,False,"[0.5, 0.5, 0.5, 0.5, 0.5, 0.5, 0.5, 0.5, 0.5, 0.5]",0.25,True,0.00465,stop
completion:Pabd1e6d7f795:astra:known,completion,astra,Pabd1e6d7f795,,known,,H,fair,completed,True,ok,True,False,"[0.5, 0.5, 0.5, 0.5, 0.5, 0.5, 0.5, 0.5, 0.5, 0.5]",0.25,True,0.00468,stop
completion:P252befd2665e:fable:withheld,completion,fable,P252befd2665e,,withheld,,H,plain,completed,True,ok,True,False,"[0.52, 0.5, 0.5, 0.52, 0.5, 0.51, 0.5, 0.51, 0.5, 0.5]",0.2541,True,0.00576,stop
completion:P987914eb2fe5:astra:known,completion,astra,P987914eb2fe5,,known,,H,plain,completed,True,ok,True,False,"[0.5, 0.5, 0.5, 0.5, 0.5, 0.5, 0.5, 0.5, 0.5, 0.5]",0.25,True,0.00465,stop
completion:P6508b3b0ad8d:astra:known,completion,astra,P6508b3b0ad8d,,known,,H,fair,completed,True,ok,True,False,"[0.5, 0.5, 0.5, 0.5, 0.5, 0.5, 0.5, 0.5, 0.5, 0.5]",0.25,True,0.00468,stop
completion:P1b14967de0e4:mimo:known,completion,mimo,P1b14967de0e4,,known,,H,plain,completed,True,ok,True,False,"[0.5, 0.5, 0.5, 0.5, 0.5, 0.5, 0.5, 0.5, 0.5, 0.5]",0.25,True,0.000137025,stop
completion:P31c371139df3:mimo:withheld,completion,mimo,P31c371139df3,,withheld,,H,plain,completed,True,ok,True,False,"[0.5, 0.5, 0.5, 0.5, 0.5, 0.5, 0.5, 0.5, 0.5, 0.5]",0.25,True,0.000135285,stop
completion:Peec48f90044c:astra:withheld,completion,astra,Peec48f90044c,,withheld,,H,plain,completed,True,ok,True,False,"[0.5, 0.5, 0.5, 0.5, 0.5, 0.5, 0.5, 0.5, 0.5, 0.5]",0.25,True,0.00465,stop
completion:P34c52e49399b:mimo:known,completion,mimo,P34c52e49399b,,known,,H,fair,completed,True,ok,True,False,"[0.5, 0.5, 0.5, 0.5, 0.5, 0.5, 0.5, 0.5, 0.5, 0.5]",0.25,True,0.00013746,stop
completion:Pcf8e49786697:fable:withheld,completion,fable,Pcf8e49786697,,withheld,,H,plain,completed,True,ok,True,False,"[0.5, 0.5, 0.5, 0.5, 0.5, 0.5, 0.5, 0.5, 0.5, 0.5]",0.25,True,0.00576,stop
completion:P1461349dd16d:mimo:known,completion,mimo,P1461349dd16d,,known,,H,fair,completed,True,ok,True,False,"[0.5, 0.5, 0.5, 0.5, 0.5, 0.5, 0.5, 0.5, 0.5, 0.5]",0.25,True,0.00013746,stop
completion:Pd25809680f86:mimo:known,completion,mimo,Pd25809680f86,,known,,H,fair,completed,True,ok,True,False,"[0.5, 0.5, 0.5, 0.5, 0.5, 0.5, 0.5, 0.5, 0.5, 0.5]",0.25,True,0.00013659,stop
completion:P633cce82bfa2:astra:withheld,completion,astra,P633cce82bfa2,,withheld,,H,fair,completed,True,ok,True,False,"[0.5, 0.5, 0.5, 0.5, 0.5, 0.5, 0.5, 0.5, 0.5, 0.5]",0.25,True,0.00576,stop
completion:Pcf8e49786697:mimo:withheld,completion,mimo,Pcf8e49786697,,withheld,,H,plain,completed,True,ok,True,False,"[0.5, 0.5, 0.5, 0.5, 0.5, 0.5, 0.5, 0.5, 0.5, 0.5]",0.25,True,0.00013572,stop
completion:P08efdd7d726e:fable:withheld,completion,fable,P08efdd7d726e,,withheld,,H,fair,completed,True,ok,True,False,"[0.5, 0.52, 0.5, 0.48, 0.52, 0.5, 0.48, 0.52, 0.5, 0.48]",0.26224000000000003,True,0.00578,stop
completion:P2b92865fe28a:astra:known,completion,astra,P2b92865fe28a,,known,,H,plain,completed,True,ok,True,False,"[0.5, 0.5, 0.5, 0.5, 0.5, 0.5, 0.5, 0.5, 0.5, 0.5]",0.25,True,0.00558,stop
completion:P50b87a09560e:astra:known,completion,astra,P50b87a09560e,,known,,H,plain,completed,True,ok,True,False,"[0.5, 0.5, 0.5, 0.5, 0.5, 0.5, 0.5, 0.5, 0.5, 0.5]",0.25,True,0.00563,stop
completion:Pee79f212bea4:fable:withheld,completion,fable,Pee79f212bea4,,withheld,,H,fair,completed,True,ok,True,False,"[0.5, 0.5, 0.5, 0.5, 0.5, 0.5, 0.5, 0.5, 0.5, 0.5]",0.25,True,0.00578,stop
completion:P9bcd6a4ebe2e:fable:withheld,completion,fable,P9bcd6a4ebe2e,,withheld,,H,fair,completed,True,ok,True,False,"[0.5, 0.5, 0.5, 0.5, 0.5, 0.5, 0.5, 0.5, 0.5, 0.5]",0.25,True,0.00578,stop
completion:P114313b6e44d:astra:known,completion,astra,P114313b6e44d,,known,,H,fair,completed,True,ok,True,False,"[0.5, 0.5, 0.5, 0.5, 0.5, 0.5, 0.5, 0.5, 0.5, 0.5]",0.25,True,0.00466,stop
completion:P9bcd6a4ebe2e:mimo:withheld,completion,mimo,P9bcd6a4ebe2e,,withheld,,H,fair,completed,True,ok,True,False,"[0.5, 0.5, 0.5, 0.5, 0.5, 0.5, 0.5, 0.5, 0.5, 0.5]",0.25,True,0.00013572,stop
completion:P482e641d1ec6:mimo:withheld,completion,mimo,P482e641d1ec6,,withheld,,H,plain,completed,True,ok,True,False,"[0.5, 0.5, 0.5, 0.5, 0.5, 0.5, 0.5, 0.5, 0.5, 0.5]",0.25,True,0.00013572,stop
completion:P200d4085da52:fable:known,completion,fable,P200d4085da52,,known,,H,plain,completed,True,ok,True,False,"[0.52, 0.5, 0.5, 0.52, 0.5, 0.5, 0.52, 0.5, 0.5, 0.5]",0.24411999999999998,True,0.00578,stop
completion:Pf1091159de0d:astra:withheld,completion,astra,Pf1091159de0d,,withheld,,H,fair,completed,True,ok,True,False,"[0.5, 0.5, 0.5, 0.5, 0.5, 0.5, 0.5, 0.5, 0.5, 0.5]",0.25,True,0.00465,stop
completion:P9623d498f378:mimo:withheld,completion,mimo,P9623d498f378,,withheld,,H,plain,completed,True,ok,True,False,"[0.5, 0.5, 0.5, 0.5, 0.5, 0.5, 0.5, 0.5, 0.5, 0.5]",0.25,True,0.00013572,stop
completion:Pfb1fbd01a972:astra:known,completion,astra,Pfb1fbd01a972,,known,,H,plain,completed,True,ok,True,False,"[0.5, 0.5, 0.5, 0.5, 0.5, 0.5, 0.5, 0.5, 0.5, 0.5]",0.25,True,0.00548,stop
completion:Pc434b1c8d803:mimo:known,completion,mimo,Pc434b1c8d803,,known,,H,fair,completed,True,ok,True,False,"[0.5, 0.5, 0.5, 0.5, 0.5, 0.5, 0.5, 0.5, 0.5, 0.5]",0.25,True,0.00013659,stop
completion:P8a52e2dbb002:fable:known,completion,fable,P8a52e2dbb002,,known,,H,fair,completed,True,ok,True,False,"[0.5, 0.5, 0.5, 0.5, 0.5, 0.5, 0.5, 0.5, 0.5, 0.5]",0.25,True,0.00579,stop
completion:Pf2e94fd041d7:fable:known,completion,fable,Pf2e94fd041d7,,known,,H,fair,completed,True,ok,True,False,"[0.5, 0.5, 0.5, 0.5, 0.5, 0.5, 0.5, 0.5, 0.5, 0.5]",0.25,True,0.00534,stop
completion:Pefa8f3467812:mimo:known,completion,mimo,Pefa8f3467812,,known,,H,fair,completed,True,ok,True,False,"[0.5, 0.5, 0.5, 0.5, 0.5, 0.5, 0.5, 0.5, 0.5, 0.5]",0.25,True,0.000137025,stop
completion:Pb017ce1672ef:mimo:known,completion,mimo,Pb017ce1672ef,,known,,H,plain,completed,True,ok,True,False,"[0.5, 0.5, 0.5, 0.5, 0.5, 0.5, 0.5, 0.5, 0.5, 0.5]",0.25,True,0.000137025,stop
completion:Pf414edc880f7:fable:withheld,completion,fable,Pf414edc880f7,,withheld,,H,plain,completed,True,ok,True,False,"[0.52, 0.5, 0.53, 0.5, 0.52, 0.5, 0.52, 0.5, 0.52, 0.48]",0.25329,True,0.00576,stop
completion:P085b274e4e18:astra:withheld,completion,astra,P085b274e4e18,,withheld,,H,plain,completed,True,ok,True,False,"[0.5, 0.5, 0.5, 0.5, 0.5, 0.5, 0.5, 0.5, 0.5, 0.5]",0.25,True,0.00549,stop
completion:P0390e23f1797:mimo:known,completion,mimo,P0390e23f1797,,known,,H,plain,completed,True,ok,True,False,"[0.5, 0.5, 0.5, 0.5, 0.5, 0.5, 0.5, 0.5, 0.5, 0.5]",0.25,True,0.000137025,stop
completion:P158904262452:mimo:withheld,completion,mimo,P158904262452,,withheld,,H,fair,completed,True,ok,True,False,"[0.5, 0.5, 0.5, 0.5, 0.5, 0.5, 0.5, 0.5, 0.5, 0.5]",0.25,True,0.00013572,stop
completion:Pf55cf6e8ccb0:mimo:known,completion,mimo,Pf55cf6e8ccb0,,known,,H,plain,completed,True,ok,True,False,"[0.5, 0.5, 0.5, 0.5, 0.5, 0.5, 0.5, 0.5, 0.5, 0.5]",0.25,True,0.000137025,stop
completion:P154ffb63867c:fable:withheld,completion,fable,P154ffb63867c,,withheld,,H,plain,completed,True,ok,True,False,"[0.5, 0.5, 0.5, 0.5, 0.5, 0.5, 0.5, 0.5, 0.5, 0.5]",0.25,True,0.00576,stop
completion:Pb079280de9bf:mimo:known,completion,mimo,Pb079280de9bf,,known,,H,plain,completed,True,ok,True,False,"[0.5, 0.5, 0.5, 0.5, 0.5, 0.5, 0.5, 0.5, 0.5, 0.5]",0.25,True,0.000137025,stop
completion:P5979a50c624a:astra:withheld,completion,astra,P5979a50c624a,,withheld,,H,plain,completed,True,ok,True,False,"[0.5, 0.5, 0.5, 0.5, 0.5, 0.5, 0.5, 0.5, 0.5, 0.5]",0.25,True,0.00465,stop
completion:P0390e23f1797:astra:known,completion,astra,P0390e23f1797,,known,,H,plain,completed,True,ok,True,False,"[0.5, 0.5, 0.5, 0.5, 0.5, 0.5, 0.5, 0.5, 0.5, 0.5]",0.25,True,0.00563,stop
completion:Pcdbf8dc970db:fable:known,completion,fable,Pcdbf8dc970db,,known,,H,plain,completed,True,ok,True,False,"[0.5, 0.5, 0.52, 0.5, 0.5, 0.5, 0.52, 0.5, 0.5, 0.5]",0.24608,True,0.00581,stop
completion:Pbd9a30ecefb0:astra:known,completion,astra,Pbd9a30ecefb0,,known,,H,fair,completed,True,ok,True,False,"[0.5, 0.5, 0.5, 0.5, 0.5, 0.5, 0.5, 0.5, 0.5, 0.5]",0.25,True,0.00466,stop
completion:P6da7736ec049:mimo:known,completion,mimo,P6da7736ec049,,known,,H,fair,completed,True,ok,True,False,"[0.5, 0.5, 0.5, 0.5, 0.5, 0.5, 0.5, 0.5, 0.5, 0.5]",0.25,True,0.00013746,stop
completion:Pf2e94fd041d7:astra:known,completion,astra,Pf2e94fd041d7,,known,,H,fair,completed,True,ok,True,False,"[0.5, 0.5, 0.5, 0.5, 0.5, 0.5, 0.5, 0.5, 0.5, 0.5]",0.25,True,0.00465,stop
completion:P9f41bf196202:mimo:withheld,completion,mimo,P9f41bf196202,,withheld,,H,plain,completed,True,ok,True,False,"[0.5, 0.5, 0.5, 0.5, 0.5, 0.5, 0.5, 0.5, 0.5, 0.5]",0.25,True,0.00013572,stop
completion:Pde0906d9007c:astra:withheld,completion,astra,Pde0906d9007c,,withheld,,H,plain,completed,True,ok,True,False,"[0.5, 0.5, 0.5, 0.5, 0.5, 0.5, 0.5, 0.5, 0.5, 0.5]",0.25,True,0.00464,stop
completion:P633cce82bfa2:mimo:withheld,completion,mimo,P633cce82bfa2,,withheld,,H,fair,completed,True,ok,True,False,"[0.5, 0.5, 0.5, 0.5, 0.5, 0.5, 0.5, 0.5, 0.5, 0.5]",0.25,True,0.000136155,stop
completion:Pa8923f849519:mimo:known,completion,mimo,Pa8923f849519,,known,,H,fair,completed,True,ok,True,False,"[0.5, 0.5, 0.5, 0.5, 0.5, 0.5, 0.5, 0.5, 0.5, 0.5]",0.25,True,0.00013746,stop
completion:Pd9f29d3be7f9:fable:withheld,completion,fable,Pd9f29d3be7f9,,withheld,,H,plain,completed,True,ok,True,False,"[0.5, 0.5, 0.5, 0.5, 0.5, 0.5, 0.5, 0.5, 0.5, 0.5]",0.25,True,0.00576,stop
completion:P087b9bc9c757:fable:withheld,completion,fable,P087b9bc9c757,,withheld,,H,fair,completed,True,ok,True,False,"[0.52, 0.5, 0.5, 0.52, 0.5, 0.5, 0.52, 0.5, 0.5, 0.5]",0.24411999999999998,True,0.00578,stop
completion:Pf55cf6e8ccb0:astra:known,completion,astra,Pf55cf6e8ccb0,,known,,H,plain,completed,True,ok,True,False,"[0.5, 0.5, 0.5, 0.5, 0.5, 0.5, 0.5, 0.5, 0.5, 0.5]",0.25,True,0.00553,stop
completion:Pafa058d985f3:astra:known,completion,astra,Pafa058d985f3,,known,,H,fair,completed,True,ok,True,False,"[0.5, 0.5, 0.5, 0.5, 0.5, 0.5, 0.5, 0.5, 0.5, 0.5]",0.25,True,0.00469,stop
completion:P9333131fafea:fable:withheld,completion,fable,P9333131fafea,,withheld,,H,fair,completed,True,ok,True,False,"[0.5, 0.5, 0.5, 0.5, 0.5, 0.5, 0.5, 0.5, 0.5, 0.5]",0.25,True,0.00578,stop
completion:P80b013660f29:mimo:withheld,completion,mimo,P80b013660f29,,withheld,,H,plain,completed,True,ok,True,False,"[0.5, 0.5, 0.5, 0.5, 0.5, 0.5, 0.5, 0.5, 0.5, 0.5]",0.25,True,0.000135285,stop
completion:P9aa5b2d197cd:mimo:withheld,completion,mimo,P9aa5b2d197cd,,withheld,,H,fair,completed,True,ok,True,False,"[0.5, 0.5, 0.5, 0.5, 0.5, 0.5, 0.5, 0.5, 0.5, 0.5]",0.25,True,0.000136155,stop
completion:Pc434b1c8d803:astra:known,completion,astra,Pc434b1c8d803,,known,,H,fair,completed,True,ok,True,False,"[0.5, 0.5, 0.5, 0.5, 0.5, 0.5, 0.5, 0.5, 0.5, 0.5]",0.25,True,0.00465,stop
completion:Pb728176c80b0:mimo:withheld,completion,mimo,Pb728176c80b0,,withheld,,H,plain,completed,True,ok,True,False,"[0.5, 0.5, 0.5, 0.5, 0.5, 0.5, 0.5, 0.5, 0.5, 0.5]",0.25,True,0.000135285,stop
completion:P9bb52487a24b:mimo:known,completion,mimo,P9bb52487a24b,,known,,H,fair,completed,True,ok,True,False,"[0.5, 0.5, 0.5, 0.5, 0.5, 0.5, 0.5, 0.5, 0.5, 0.5]",0.25,True,0.00013746,stop
completion:Peec48f90044c:mimo:withheld,completion,mimo,Peec48f90044c,,withheld,,H,plain,completed,True,ok,True,False,"[0.5, 0.5, 0.5, 0.5, 0.5, 0.5, 0.5, 0.5, 0.5, 0.5]",0.25,True,0.00013572,stop
completion:P6206e64a1a46:mimo:withheld,completion,mimo,P6206e64a1a46,,withheld,,H,fair,completed,True,ok,True,False,"[0.5, 0.5, 0.5, 0.5, 0.5, 0.5, 0.5, 0.5, 0.5, 0.5]",0.25,True,0.00013572,stop
completion:P9a81728eb902:fable:known,completion,fable,P9a81728eb902,,known,,H,plain,completed,True,ok,True,False,"[0.52, 0.5, 0.52, 0.5, 0.5, 0.52, 0.5, 0.5, 0.52, 0.48]",0.24420000000000003,True,0.00578,stop
completion:Pf6a25a3d68ec:mimo:known,completion,mimo,Pf6a25a3d68ec,,known,,H,plain,completed,True,ok,True,False,"[0.5, 0.5, 0.5, 0.5, 0.5, 0.5, 0.5, 0.5, 0.5, 0.5]",0.25,True,0.000137025,stop
completion:Pe165b33556bf:fable:known,completion,fable,Pe165b33556bf,,known,,H,fair,completed,True,ok,True,False,"[0.5, 0.5, 0.5, 0.5, 0.5, 0.5, 0.5, 0.5, 0.5, 0.5]",0.25,True,0.0058,stop
completion:Pbf7569dfa38c:mimo:known,completion,mimo,Pbf7569dfa38c,,known,,H,plain,completed,True,ok,True,False,"[0.5, 0.5, 0.5, 0.5, 0.5, 0.5, 0.5, 0.5, 0.5, 0.5]",0.25,True,0.00013659,stop
completion:Pf3d993a7ee4c:fable:withheld,completion,fable,Pf3d993a7ee4c,,withheld,,H,fair,completed,True,ok,True,False,"[0.5, 0.5, 0.5, 0.5, 0.5, 0.5, 0.5, 0.5, 0.5, 0.5]",0.25,True,0.00578,stop
completion:P9799ccdd11c6:fable:known,completion,fable,P9799ccdd11c6,,known,,H,fair,completed,True,ok,True,False,"[0.5, 0.5, 0.5, 0.5, 0.5, 0.5, 0.5, 0.5, 0.5, 0.5]",0.25,True,0.0058,stop
completion:Pc206c573b70f:astra:known,completion,astra,Pc206c573b70f,,known,,H,plain,completed,True,ok,True,False,"[0.5, 0.5, 0.5, 0.5, 0.5, 0.5, 0.5, 0.5, 0.5, 0.5]",0.25,True,0.00577,stop
completion:P82c20dad2b44:fable:known,completion,fable,P82c20dad2b44,,known,,H,plain,completed,True,ok,True,False,"[0.5, 0.5, 0.5, 0.5, 0.5, 0.5, 0.5, 0.5, 0.5, 0.5]",0.25,True,0.00532,stop
completion:Pd1003400bc2f:fable:withheld,completion,fable,Pd1003400bc2f,,withheld,,H,plain,completed,True,ok,True,False,"[0.5, 0.5, 0.5, 0.5, 0.5, 0.5, 0.5, 0.5, 0.5, 0.5]",0.25,True,0.00576,stop
completion:Paaa1ab9c9991:mimo:withheld,completion,mimo,Paaa1ab9c9991,,withheld,,H,plain,completed,True,ok,True,False,"[0.5, 0.5, 0.5, 0.5, 0.5, 0.5, 0.5, 0.5, 0.5, 0.5]",0.25,True,0.00013572,stop
completion:P085b274e4e18:fable:withheld,completion,fable,P085b274e4e18,,withheld,,H,plain,completed,True,ok,True,False,"[0.52, 0.5, 0.5, 0.52, 0.5, 0.52, 0.5, 0.5, 0.52, 0.5]",0.25016,True,0.00576,stop
completion:P80b013660f29:fable:withheld,completion,fable,P80b013660f29,,withheld,,H,plain,completed,True,ok,True,False,"[0.5, 0.5, 0.5, 0.5, 0.5, 0.5, 0.5, 0.5, 0.5, 0.5]",0.25,True,0.00576,stop
completion:P6fff31dd7949:fable:withheld,completion,fable,P6fff31dd7949,,withheld,,H,fair,completed,True,ok,True,False,"[0.5, 0.5, 0.5, 0.5, 0.5, 0.5, 0.5, 0.5, 0.5, 0.5]",0.25,True,0.00578,stop
completion:P9952e845d04d:astra:withheld,completion,astra,P9952e845d04d,,withheld,,H,fair,completed,True,ok,True,False,"[0.5, 0.5, 0.5, 0.5, 0.5, 0.5, 0.5, 0.5, 0.5, 0.5]",0.25,True,0.00466,stop
completion:P50b87a09560e:fable:known,completion,fable,P50b87a09560e,,known,,H,plain,completed,True,ok,True,False,"[0.52, 0.5, 0.48, 0.52, 0.5, 0.5, 0.52, 0.48, 0.5, 0.5]",0.24820000000000003,True,0.00578,stop
completion:Pdb930800115e:mimo:known,completion,mimo,Pdb930800115e,,known,,H,plain,completed,True,ok,True,False,"[0.5, 0.5, 0.5, 0.5, 0.5, 0.5, 0.5, 0.5, 0.5, 0.5]",0.25,True,0.000137025,stop
completion:P34df0d0e02ef:fable:known,completion,fable,P34df0d0e02ef,,known,,H,fair,completed,True,ok,True,False,"[0.5, 0.5, 0.5, 0.5, 0.5, 0.5, 0.5, 0.5, 0.5, 0.5]",0.25,True,0.0058,stop
completion:Pfb1fbd01a972:mimo:known,completion,mimo,Pfb1fbd01a972,,known,,H,plain,completed,True,ok,True,False,"[0.5, 0.5, 0.5, 0.5, 0.5, 0.5, 0.5, 0.5, 0.5, 0.5]",0.25,True,0.000137025,stop
completion:Pefa8f3467812:astra:known,completion,astra,Pefa8f3467812,,known,,H,fair,completed,True,ok,True,False,"[0.5, 0.5, 0.5, 0.5, 0.5, 0.5, 0.5, 0.5, 0.5, 0.5]",0.25,True,0.00538,stop
completion:Pde0906d9007c:fable:withheld,completion,fable,Pde0906d9007c,,withheld,,H,plain,completed,True,ok,True,False,"[0.52, 0.5, 0.52, 0.5, 0.52, 0.5, 0.5, 0.52, 0.5, 0.5]",0.25016,True,0.00576,stop
completion:Pac1e59009057:astra:known,completion,astra,Pac1e59009057,,known,,H,plain,completed,True,ok,True,False,"[0.5, 0.5, 0.5, 0.5, 0.5, 0.5, 0.5, 0.5, 0.5, 0.5]",0.25,True,0.00468,stop
completion:Pdf2b3d9b2d24:astra:known,completion,astra,Pdf2b3d9b2d24,,known,,H,fair,completed,True,ok,True,False,"[0.5, 0.5, 0.5, 0.5, 0.5, 0.5, 0.5, 0.5, 0.5, 0.5]",0.25,True,0.0059,stop
completion:Pf4b50baaac55:astra:known,completion,astra,Pf4b50baaac55,,known,,H,plain,completed,True,ok,True,False,"[0.5, 0.5, 0.5, 0.5, 0.5, 0.5, 0.5, 0.5, 0.5, 0.5]",0.25,True,0.00422,stop
completion:P912e764d7a17:mimo:withheld,completion,mimo,P912e764d7a17,,withheld,,H,plain,completed,True,ok,True,False,"[0.5, 0.5, 0.5, 0.5, 0.5, 0.5, 0.5, 0.5, 0.5, 0.5]",0.25,True,8.05008e-05,stop
completion:P6508b3b0ad8d:fable:known,completion,fable,P6508b3b0ad8d,,known,,H,fair,completed,True,ok,True,False,"[0.5, 0.5, 0.5, 0.5, 0.5, 0.5, 0.5, 0.5, 0.5, 0.5]",0.25,True,0.00535,stop
completion:P677417766022:fable:known,completion,fable,P677417766022,,known,,H,plain,completed,True,ok,True,False,"[0.5, 0.5, 0.5, 0.5, 0.5, 0.5, 0.5, 0.5, 0.5, 0.5]",0.25,True,0.00577,stop
completion:Pdf2b3d9b2d24:fable:known,completion,fable,Pdf2b3d9b2d24,,known,,H,fair,completed,True,ok,True,False,"[0.52, 0.5, 0.51, 0.5, 0.52, 0.5, 0.5, 0.51, 0.5, 0.5]",0.2481,True,0.00579,stop
completion:P6206e64a1a46:astra:withheld,completion,astra,P6206e64a1a46,,withheld,,H,fair,completed,True,ok,True,False,"[0.5, 0.5, 0.5, 0.5, 0.5, 0.5, 0.5, 0.5, 0.5, 0.5]",0.25,True,0.00465,stop
completion:Pb0b81d142610:mimo:withheld,completion,mimo,Pb0b81d142610,,withheld,,H,plain,completed,True,ok,True,False,"[0.5, 0.5, 0.5, 0.5, 0.5, 0.5, 0.5, 0.5, 0.5, 0.5]",0.25,True,0.00013572,stop
completion:P9bcd6a4ebe2e:astra:withheld,completion,astra,P9bcd6a4ebe2e,,withheld,,H,fair,completed,True,ok,True,False,"[0.5, 0.5, 0.5, 0.5, 0.5, 0.5, 0.5, 0.5, 0.5, 0.5]",0.25,True,0.00465,stop
completion:P677417766022:astra:known,completion,astra,P677417766022,,known,,H,plain,completed,True,ok,True,False,"[0.5, 0.5, 0.5, 0.5, 0.5, 0.5, 0.5, 0.5, 0.5, 0.5]",0.25,True,0.0057,stop
completion:P6508b3b0ad8d:mimo:known,completion,mimo,P6508b3b0ad8d,,known,,H,fair,completed,True,ok,True,False,"[0.5, 0.5, 0.5, 0.5, 0.5, 0.5, 0.5, 0.5, 0.5, 0.5]",0.25,True,8.18058e-05,stop
completion:P37dcdba54f8a:mimo:known,completion,mimo,P37dcdba54f8a,,known,,H,plain,completed,True,ok,True,False,"[0.5, 0.5, 0.5, 0.5, 0.5, 0.5, 0.5, 0.5, 0.5, 0.5]",0.25,True,0.000137025,stop
completion:Pcdc1f778b578:fable:known,completion,fable,Pcdc1f778b578,,known,,H,fair,completed,True,ok,True,False,"[0.5, 0.5, 0.5, 0.5, 0.5, 0.5, 0.5, 0.5, 0.5, 0.5]",0.25,True,0.00583,stop
completion:P37dcdba54f8a:astra:known,completion,astra,P37dcdba54f8a,,known,,H,plain,completed,True,ok,True,False,"[0.5, 0.5, 0.5, 0.5, 0.5, 0.5, 0.5, 0.5, 0.5, 0.5]",0.25,True,0.00583,stop
completion:Pa8923f849519:fable:known,completion,fable,Pa8923f849519,,known,,H,fair,completed,True,ok,True,False,"[0.5, 0.5, 0.5, 0.5, 0.5, 0.5, 0.5, 0.5, 0.5, 0.5]",0.25,True,0.00583,stop
completion:P8d5c033a6c9d:fable:known,completion,fable,P8d5c033a6c9d,,known,,H,plain,completed,True,ok,True,False,"[0.5, 0.5, 0.5, 0.5, 0.5, 0.5, 0.5, 0.5, 0.5, 0.5]",0.25,True,0.00577,stop
completion:P2bc62689bf73:fable:known,completion,fable,P2bc62689bf73,,known,,H,fair,completed,True,ok,False,True,"[0.46, 0.48, 0.47, 0.49, 0.47, 0.48, 0.47, 0.48, 0.47, 0.46]",0.24981,True,0.00908,stop
completion:P8ca0d4cc96b1:fable:known,completion,fable,P8ca0d4cc96b1,,known,,H,plain,completed,True,ok,True,False,"[0.5, 0.5, 0.5, 0.5, 0.5, 0.5, 0.5, 0.5, 0.5, 0.5]",0.25,True,0.00578,stop
completion:Pfefe7f7bbcc9:astra:known,completion,astra,Pfefe7f7bbcc9,,known,,H,plain,completed,True,ok,True,False,"[0.5, 0.5, 0.5, 0.5, 0.5, 0.5, 0.5, 0.5, 0.5, 0.5]",0.25,True,0.00468,stop
completion:Pa6fe7cd0add6:mimo:withheld,completion,mimo,Pa6fe7cd0add6,,withheld,,H,plain,completed,True,ok,True,False,"[0.5, 0.5, 0.5, 0.5, 0.5, 0.5, 0.5, 0.5, 0.5, 0.5]",0.25,True,0.00013572,stop
completion:P339318dfb86f:fable:known,completion,fable,P339318dfb86f,,known,,H,plain,completed,True,ok,True,False,"[0.5, 0.5, 0.5, 0.5, 0.5, 0.5, 0.5, 0.5, 0.5, 0.5]",0.25,True,0.00577,stop
completion:Pa10056f1a764:fable:known,completion,fable,Pa10056f1a764,,known,,H,plain,completed,True,ok,True,False,"[0.52, 0.5, 0.51, 0.5, 0.52, 0.49, 0.51, 0.5, 0.51, 0.5]",0.24811999999999998,True,0.00578,stop
completion:P2601a4c91e0e:fable:known,completion,fable,P2601a4c91e0e,,known,,H,plain,completed,True,ok,True,False,"[0.5, 0.5, 0.5, 0.5, 0.5, 0.5, 0.5, 0.5, 0.5, 0.5]",0.25,True,0.00581,stop
completion:P7e2d234eb35f:astra:withheld,completion,astra,P7e2d234eb35f,,withheld,,H,fair,completed,True,ok,True,False,"[0.5, 0.5, 0.5, 0.5, 0.5, 0.5, 0.5, 0.5, 0.5, 0.5]",0.25,True,0.00465,stop
completion:Pe8e0638e8b6a:fable:withheld,completion,fable,Pe8e0638e8b6a,,withheld,,H,plain,completed,True,ok,True,False,"[0.5, 0.52, 0.5, 0.52, 0.5, 0.5, 0.52, 0.5, 0.5, 0.5]",0.25212,True,0.00576,stop
completion:P4355c1f030d6:mimo:known,completion,mimo,P4355c1f030d6,,known,,H,fair,completed,True,ok,True,False,"[0.5, 0.5, 0.5, 0.5, 0.5, 0.5, 0.5, 0.5, 0.5, 0.5]",0.25,True,0.000137025,stop
completion:Pb81766b1c156:fable:withheld,completion,fable,Pb81766b1c156,,withheld,,H,plain,completed,True,ok,True,False,"[0.5, 0.5, 0.5, 0.5, 0.5, 0.5, 0.5, 0.5, 0.5, 0.5]",0.25,True,0.00531,stop
completion:P030bc4e6312a:astra:withheld,completion,astra,P030bc4e6312a,,withheld,,H,plain,completed,True,ok,True,False,"[0.5, 0.5, 0.5, 0.5, 0.5, 0.5, 0.5, 0.5, 0.5, 0.5]",0.25,True,0.0062,stop
completion:Pce14028dab81:fable:withheld,completion,fable,Pce14028dab81,,withheld,,H,fair,completed,True,ok,True,False,"[0.52, 0.5, 0.5, 0.51, 0.5, 0.5, 0.5, 0.51, 0.5, 0.49]",0.24906999999999999,True,0.00578,stop
completion:P9bc7c6621612:astra:withheld,completion,astra,P9bc7c6621612,,withheld,,H,plain,completed,True,ok,True,False,"[0.5, 0.5, 0.5, 0.5, 0.5, 0.5, 0.5, 0.5, 0.5, 0.5]",0.25,True,0.00465,stop
completion:Pf414edc880f7:astra:withheld,completion,astra,Pf414edc880f7,,withheld,,H,plain,completed,True,ok,True,False,"[0.5, 0.5, 0.5, 0.5, 0.5, 0.5, 0.5, 0.5, 0.5, 0.5]",0.25,True,0.0055,stop
completion:Pdb930800115e:astra:known,completion,astra,Pdb930800115e,,known,,H,plain,completed,True,ok,True,False,"[0.5, 0.5, 0.5, 0.5, 0.5, 0.5, 0.5, 0.5, 0.5, 0.5]",0.25,True,0.00568,stop
completion:Pbe2c91a32679:mimo:withheld,completion,mimo,Pbe2c91a32679,,withheld,,H,plain,completed,True,ok,True,False,"[0.5, 0.5, 0.5, 0.5, 0.5, 0.5, 0.5, 0.5, 0.5, 0.5]",0.25,True,0.00013572,stop
completion:Pce14028dab81:astra:withheld,completion,astra,Pce14028dab81,,withheld,,H,fair,completed,True,ok,True,False,"[0.5, 0.5, 0.5, 0.5, 0.5, 0.5, 0.5, 0.5, 0.5, 0.5]",0.25,True,0.0055,stop
completion:Pf912b277130e:fable:known,completion,fable,Pf912b277130e,,known,,H,plain,completed,True,ok,True,False,"[0.5, 0.5, 0.5, 0.5, 0.5, 0.5, 0.5, 0.5, 0.5, 0.5]",0.25,True,0.00577,stop
completion:P5979a50c624a:fable:withheld,completion,fable,P5979a50c624a,,withheld,,H,plain,completed,True,ok,True,False,"[0.52, 0.5, 0.5, 0.52, 0.5, 0.5, 0.52, 0.5, 0.5, 0.5]",0.24811999999999998,True,0.00576,stop
completion:P56f4dfbe28d3:mimo:withheld,completion,mimo,P56f4dfbe28d3,,withheld,,H,plain,completed,True,ok,True,False,"[0.5, 0.5, 0.5, 0.5, 0.5, 0.5, 0.5, 0.5, 0.5, 0.5]",0.25,True,0.00013572,stop
completion:Pb0b81d142610:astra:withheld,completion,astra,Pb0b81d142610,,withheld,,H,plain,completed,True,ok,True,False,"[0.5, 0.5, 0.5, 0.5, 0.5, 0.5, 0.5, 0.5, 0.5, 0.5]",0.25,True,0.00565,stop
completion:P08efdd7d726e:mimo:withheld,completion,mimo,P08efdd7d726e,,withheld,,H,fair,completed,True,ok,True,False,"[0.5, 0.5, 0.5, 0.5, 0.5, 0.5, 0.5, 0.5, 0.5, 0.5]",0.25,True,0.00013572,stop
completion:P9aa5b2d197cd:astra:withheld,completion,astra,P9aa5b2d197cd,,withheld,,H,fair,completed,True,ok,True,False,"[0.5, 0.5, 0.5, 0.5, 0.5, 0.5, 0.5, 0.5, 0.5, 0.5]",0.25,True,0.00466,stop
completion:P9aa5b2d197cd:fable:withheld,completion,fable,P9aa5b2d197cd,,withheld,,H,fair,completed,True,ok,True,False,"[0.5, 0.52, 0.5, 0.52, 0.5, 0.5, 0.52, 0.5, 0.5, 0.5]",0.25212,True,0.00578,stop
completion:Pce14028dab81:mimo:withheld,completion,mimo,Pce14028dab81,,withheld,,H,fair,completed,True,ok,True,False,"[0.5, 0.5, 0.5, 0.5, 0.5, 0.5, 0.5, 0.5, 0.5, 0.5]",0.25,True,0.00013572,stop
completion:Pf1ad18af4dc4:mimo:withheld,completion,mimo,Pf1ad18af4dc4,,withheld,,H,fair,completed,True,ok,True,False,"[0.5, 0.5, 0.5, 0.5, 0.5, 0.5, 0.5, 0.5, 0.5, 0.5]",0.25,True,0.00013572,stop
completion:Pa56b8b5bd462:mimo:known,completion,mimo,Pa56b8b5bd462,,known,,H,fair,completed,True,ok,True,False,"[0.5, 0.5, 0.5, 0.5, 0.5, 0.5, 0.5, 0.5, 0.5, 0.5]",0.25,True,0.00013746,stop
completion:P483ac6ab3bf0:astra:known,completion,astra,P483ac6ab3bf0,,known,,H,fair,completed,True,ok,True,False,"[0.5, 0.5, 0.5, 0.5, 0.5, 0.5, 0.5, 0.5, 0.5, 0.5]",0.25,True,0.00465,stop
completion:P80afc9796590:fable:withheld,completion,fable,P80afc9796590,,withheld,,H,fair,completed,True,ok,True,False,"[0.5, 0.5, 0.5, 0.5, 0.5, 0.5, 0.5, 0.5, 0.5, 0.5]",0.25,True,0.00578,stop
completion:Pabd1e6d7f795:fable:known,completion,fable,Pabd1e6d7f795,,known,,H,fair,completed,True,ok,True,False,"[0.5, 0.5, 0.5, 0.5, 0.5, 0.5, 0.5, 0.5, 0.5, 0.5]",0.25,True,0.0058,stop
completion:Pf70272b70c32:mimo:withheld,completion,mimo,Pf70272b70c32,,withheld,,H,fair,completed,True,ok,True,False,"[0.5, 0.5, 0.5, 0.5, 0.5, 0.5, 0.5, 0.5, 0.5, 0.5]",0.25,True,0.00013572,stop
completion:Pb30f63c422d5:fable:withheld,completion,fable,Pb30f63c422d5,,withheld,,H,plain,completed,True,ok,True,False,"[0.5, 0.5, 0.5, 0.5, 0.5, 0.5, 0.5, 0.5, 0.5, 0.5]",0.25,True,0.00575,stop
completion:Pf91d12d82d7d:mimo:withheld,completion,mimo,Pf91d12d82d7d,,withheld,,H,fair,completed,True,ok,True,False,"[0.5, 0.5, 0.5, 0.5, 0.5, 0.5, 0.5, 0.5, 0.5, 0.5]",0.25,True,0.000136155,stop
completion:P4c4008541209:fable:known,completion,fable,P4c4008541209,,known,,H,plain,completed,True,ok,True,False,"[0.5, 0.5, 0.5, 0.5, 0.5, 0.5, 0.5, 0.5, 0.5, 0.5]",0.25,True,0.00577,stop
completion:P5ca0318e86f9:astra:known,completion,astra,P5ca0318e86f9,,known,,H,fair,completed,True,ok,True,False,"[0.5, 0.5, 0.5, 0.5, 0.5, 0.5, 0.5, 0.5, 0.5, 0.5]",0.25,True,0.00465,stop
completion:P7e2d234eb35f:mimo:withheld,completion,mimo,P7e2d234eb35f,,withheld,,H,fair,completed,True,ok,True,False,"[0.5, 0.5, 0.5, 0.5, 0.5, 0.5, 0.5, 0.5, 0.5, 0.5]",0.25,True,0.00013572,stop
completion:Pc0fd2996d5e3:fable:known,completion,fable,Pc0fd2996d5e3,,known,,H,fair,completed,True,ok,True,False,"[0.5, 0.5, 0.5, 0.5, 0.5, 0.5, 0.5, 0.5, 0.5, 0.5]",0.25,True,0.0058,stop
completion:P6e7386996121:fable:withheld,completion,fable,P6e7386996121,,withheld,,H,fair,completed,True,ok,True,False,"[0.52, 0.5, 0.5, 0.52, 0.5, 0.5, 0.5, 0.5, 0.52, 0.5]",0.24411999999999998,True,0.00578,stop
completion:P9952e845d04d:mimo:withheld,completion,mimo,P9952e845d04d,,withheld,,H,fair,completed,True,ok,True,False,"[0.5, 0.5, 0.5, 0.5, 0.5, 0.5, 0.5, 0.5, 0.5, 0.5]",0.25,True,0.000136155,stop
completion:P200d4085da52:astra:known,completion,astra,P200d4085da52,,known,,H,plain,completed,True,ok,True,False,"[0.5, 0.5, 0.5, 0.5, 0.5, 0.5, 0.5, 0.5, 0.5, 0.5]",0.25,True,0.00612,stop
completion:P912e764d7a17:fable:withheld,completion,fable,P912e764d7a17,,withheld,,H,plain,completed,True,ok,True,False,"[0.5, 0.5, 0.5, 0.5, 0.5, 0.5, 0.5, 0.5, 0.5, 0.5]",0.25,True,0.00576,stop
completion:P44c3132dd9c8:mimo:withheld,completion,mimo,P44c3132dd9c8,,withheld,,H,fair,completed,True,ok,True,False,"[0.5, 0.5, 0.5, 0.5, 0.5, 0.5, 0.5, 0.5, 0.5, 0.5]",0.25,True,8.05008e-05,stop
completion:P5ca0318e86f9:mimo:known,completion,mimo,P5ca0318e86f9,,known,,H,fair,completed,True,ok,True,False,"[0.5, 0.5, 0.5, 0.5, 0.5, 0.5, 0.5, 0.5, 0.5, 0.5]",0.25,True,0.00013659,stop
completion:Pf70272b70c32:astra:withheld,completion,astra,Pf70272b70c32,,withheld,,H,fair,completed,True,ok,True,False,"[0.5, 0.5, 0.5, 0.5, 0.5, 0.5, 0.5, 0.5, 0.5, 0.5]",0.25,True,0.00465,stop
completion:P31c371139df3:fable:withheld,completion,fable,P31c371139df3,,withheld,,H,plain,completed,True,ok,True,False,"[0.52, 0.5, 0.5, 0.52, 0.5, 0.48, 0.52, 0.5, 0.5, 0.48]",0.24820000000000003,True,0.00575,stop
completion:P44c3132dd9c8:fable:withheld,completion,fable,P44c3132dd9c8,,withheld,,H,fair,completed,True,ok,True,False,"[0.5, 0.5, 0.5, 0.5, 0.5, 0.5, 0.5, 0.5, 0.5, 0.5]",0.25,True,0.00578,stop
completion:P2bc62689bf73:astra:known,completion,astra,P2bc62689bf73,,known,,H,fair,completed,True,ok,True,False,"[0.5, 0.5, 0.5, 0.5, 0.5, 0.5, 0.5, 0.5, 0.5, 0.5]",0.25,True,0.0042,stop
completion:P6db6b290c9f7:mimo:withheld,completion,mimo,P6db6b290c9f7,,withheld,,H,fair,completed,True,ok,True,False,"[0.5, 0.5, 0.5, 0.5, 0.5, 0.5, 0.5, 0.5, 0.5, 0.5]",0.25,True,0.000136155,stop
completion:P339318dfb86f:mimo:known,completion,mimo,P339318dfb86f,,known,,H,plain,completed,True,ok,True,False,"[0.5, 0.5, 0.5, 0.5, 0.5, 0.5, 0.5, 0.5, 0.5, 0.5]",0.25,True,0.000136155,stop
completion:P987914eb2fe5:mimo:known,completion,mimo,P987914eb2fe5,,known,,H,plain,completed,True,ok,True,False,"[0.5, 0.5, 0.5, 0.5, 0.5, 0.5, 0.5, 0.5, 0.5, 0.5]",0.25,True,0.00013659,stop
completion:Pc59a35412461:mimo:known,completion,mimo,Pc59a35412461,,known,,H,plain,completed,True,ok,True,False,"[0.5, 0.5, 0.5, 0.5, 0.5, 0.5, 0.5, 0.5, 0.5, 0.5]",0.25,True,0.000136155,stop
completion:P56f4dfbe28d3:fable:withheld,completion,fable,P56f4dfbe28d3,,withheld,,H,plain,completed,True,ok,True,False,"[0.5, 0.5, 0.5, 0.5, 0.5, 0.5, 0.5, 0.5, 0.5, 0.5]",0.25,True,0.00576,stop
completion:Pe8e0638e8b6a:astra:withheld,completion,astra,Pe8e0638e8b6a,,withheld,,H,plain,completed,True,ok,True,False,"[0.5, 0.5, 0.5, 0.5, 0.5, 0.5, 0.5, 0.5, 0.5, 0.5]",0.25,True,0.00465,stop
completion:Pf4b50baaac55:fable:known,completion,fable,Pf4b50baaac55,,known,,H,plain,completed,True,ok,True,False,"[0.5, 0.52, 0.5, 0.5, 0.52, 0.5, 0.5, 0.52, 0.5, 0.5]",0.25212,True,0.00578,stop
completion:P1fbe776671a1:fable:withheld,completion,fable,P1fbe776671a1,,withheld,,H,plain,completed,True,ok,True,False,"[0.5, 0.5, 0.5, 0.5, 0.5, 0.5, 0.5, 0.5, 0.5, 0.5]",0.25,True,0.00576,stop
completion:P800e489acf12:astra:withheld,completion,astra,P800e489acf12,,withheld,,H,plain,completed,True,ok,True,False,"[0.5, 0.5, 0.5, 0.5, 0.5, 0.5, 0.5, 0.5, 0.5, 0.5]",0.25,True,0.00565,stop
completion:Pa6fe7cd0add6:astra:withheld,completion,astra,Pa6fe7cd0add6,,withheld,,H,plain,completed,True,ok,True,False,"[0.5, 0.5, 0.5, 0.5, 0.5, 0.5, 0.5, 0.5, 0.5, 0.5]",0.25,True,0.00535,stop
completion:P50b87a09560e:mimo:known,completion,mimo,P50b87a09560e,,known,,H,plain,completed,True,ok,True,False,"[0.5, 0.5, 0.5, 0.5, 0.5, 0.5, 0.5, 0.5, 0.5, 0.5]",0.25,True,0.000137025,stop
completion:P677417766022:mimo:known,completion,mimo,P677417766022,,known,,H,plain,completed,True,ok,True,False,"[0.5, 0.5, 0.5, 0.5, 0.5, 0.5, 0.5, 0.5, 0.5, 0.5]",0.25,True,0.00013659,stop
completion:P9333131fafea:astra:withheld,completion,astra,P9333131fafea,,withheld,,H,fair,completed,True,ok,True,False,"[0.5, 0.5, 0.5, 0.5, 0.5, 0.5, 0.5, 0.5, 0.5, 0.5]",0.25,True,0.00466,stop
completion:P158904262452:fable:withheld,completion,fable,P158904262452,,withheld,,H,fair,completed,True,ok,True,False,"[0.55, 0.5, 0.52, 0.52, 0.5, 0.5, 0.52, 0.5, 0.5, 0.5]",0.24337,True,0.00578,stop
completion:Pde0906d9007c:mimo:withheld,completion,mimo,Pde0906d9007c,,withheld,,H,plain,completed,True,ok,True,False,"[0.5, 0.5, 0.5, 0.5, 0.5, 0.5, 0.5, 0.5, 0.5, 0.5]",0.25,True,8.00658e-05,stop
completion:Pba7ed2d6d916:mimo:known,completion,mimo,Pba7ed2d6d916,,known,,H,fair,completed,True,ok,True,False,"[0.5, 0.5, 0.5, 0.5, 0.5, 0.5, 0.5, 0.5, 0.5, 0.5]",0.25,True,0.00013659,stop
completion:P34c52e49399b:astra:known,completion,astra,P34c52e49399b,,known,,H,fair,completed,True,ok,True,False,"[0.5, 0.5, 0.5, 0.5, 0.5, 0.5, 0.5, 0.5, 0.5, 0.5]",0.25,True,0.00469,stop
completion:P5979a50c624a:mimo:withheld,completion,mimo,P5979a50c624a,,withheld,,H,plain,completed,True,ok,True,False,"[0.5, 0.5, 0.5, 0.5, 0.5, 0.5, 0.5, 0.5, 0.5, 0.5]",0.25,True,0.00013572,stop
completion:Pc59a35412461:astra:known,completion,astra,Pc59a35412461,,known,,H,plain,completed,True,ok,True,False,"[0.5, 0.5, 0.5, 0.5, 0.5, 0.5, 0.5, 0.5, 0.5, 0.5]",0.25,True,0.00559,stop
completion:P38d4da757e9b:fable:withheld,completion,fable,P38d4da757e9b,,withheld,,H,fair,completed,True,ok,True,False,"[0.52, 0.5, 0.51, 0.5, 0.52, 0.5, 0.51, 0.5, 0.51, 0.5]",0.24511,True,0.00578,stop
completion:P1fbe776671a1:astra:withheld,completion,astra,P1fbe776671a1,,withheld,,H,plain,completed,True,ok,True,False,"[0.5, 0.5, 0.5, 0.5, 0.5, 0.5, 0.5, 0.5, 0.5, 0.5]",0.25,True,0.00465,stop
completion:P6db6b290c9f7:astra:withheld,completion,astra,P6db6b290c9f7,,withheld,,H,fair,completed,True,ok,True,False,"[0.5, 0.5, 0.5, 0.5, 0.5, 0.5, 0.5, 0.5, 0.5, 0.5]",0.25,True,0.00466,stop
completion:Pd25809680f86:astra:known,completion,astra,Pd25809680f86,,known,,H,fair,completed,True,ok,True,False,"[0.5, 0.5, 0.5, 0.5, 0.5, 0.5, 0.5, 0.5, 0.5, 0.5]",0.25,True,0.00465,stop
completion:P4c4008541209:astra:known,completion,astra,P4c4008541209,,known,,H,plain,completed,True,ok,True,False,"[0.5, 0.5, 0.5, 0.5, 0.5, 0.5, 0.5, 0.5, 0.5, 0.5]",0.25,True,0.00559,stop
completion:P800e489acf12:mimo:withheld,completion,mimo,P800e489acf12,,withheld,,H,plain,completed,True,ok,True,False,"[0.5, 0.5, 0.5, 0.5, 0.5, 0.5, 0.5, 0.5, 0.5, 0.5]",0.25,True,0.00013572,stop
completion:P01d7f0a3d5af:mimo:withheld,completion,mimo,P01d7f0a3d5af,,withheld,,H,plain,completed,True,ok,True,False,"[0.5, 0.5, 0.5, 0.5, 0.5, 0.5, 0.5, 0.5, 0.5, 0.5]",0.25,True,0.00013572,stop
completion:Pc8c003cfff1f:fable:withheld,completion,fable,Pc8c003cfff1f,,withheld,,H,plain,completed,True,ok,True,False,"[0.5, 0.5, 0.5, 0.5, 0.5, 0.5, 0.5, 0.5, 0.5, 0.5]",0.25,True,0.00576,stop
completion:P48b6ce201a09:fable:known,completion,fable,P48b6ce201a09,,known,,H,plain,completed,True,ok,True,False,"[0.5, 0.5, 0.5, 0.5, 0.5, 0.5, 0.5, 0.5, 0.5, 0.5]",0.25,True,0.00577,stop
completion:Pb079280de9bf:astra:known,completion,astra,Pb079280de9bf,,known,,H,plain,completed,True,ok,True,False,"[0.5, 0.5, 0.5, 0.5, 0.5, 0.5, 0.5, 0.5, 0.5, 0.5]",0.25,True,0.00573,stop
completion:Pb81766b1c156:astra:withheld,completion,astra,Pb81766b1c156,,withheld,,H,plain,completed,True,ok,True,False,"[0.5, 0.5, 0.5, 0.5, 0.5, 0.5, 0.5, 0.5, 0.5, 0.5]",0.25,True,0.00464,stop
completion:P6e7386996121:astra:withheld,completion,astra,P6e7386996121,,withheld,,H,fair,completed,True,ok,True,False,"[0.5, 0.5, 0.5, 0.5, 0.5, 0.5, 0.5, 0.5, 0.5, 0.5]",0.25,True,0.00465,stop
completion:Pb30f63c422d5:astra:withheld,completion,astra,Pb30f63c422d5,,withheld,,H,plain,completed,True,ok,True,False,"[0.5, 0.5, 0.5, 0.5, 0.5, 0.5, 0.5, 0.5, 0.5, 0.5]",0.25,True,0.00465,stop
completion:Pd1d27b041b66:fable:withheld,completion,fable,Pd1d27b041b66,,withheld,,H,plain,completed,True,ok,True,False,"[0.52, 0.5, 0.5, 0.52, 0.5, 0.5, 0.52, 0.5, 0.5, 0.52]",0.25016,True,0.00576,stop
completion:P37dcdba54f8a:fable:known,completion,fable,P37dcdba54f8a,,known,,H,plain,completed,True,ok,True,False,"[0.5, 0.5, 0.52, 0.5, 0.5, 0.52, 0.5, 0.5, 0.5, 0.48]",0.24811999999999998,True,0.00581,stop
completion:Pc59a35412461:fable:known,completion,fable,Pc59a35412461,,known,,H,plain,completed,True,ok,True,False,"[0.5, 0.5, 0.5, 0.5, 0.5, 0.5, 0.5, 0.5, 0.5, 0.5]",0.25,True,0.00577,stop
completion:Pabd1e6d7f795:mimo:known,completion,mimo,Pabd1e6d7f795,,known,,H,fair,completed,True,ok,True,False,"[0.5, 0.5, 0.5, 0.5, 0.5, 0.5, 0.5, 0.5, 0.5, 0.5]",0.25,True,0.000137025,stop
completion:P80afc9796590:astra:withheld,completion,astra,P80afc9796590,,withheld,,H,fair,completed,True,ok,True,False,"[0.5, 0.5, 0.5, 0.5, 0.5, 0.5, 0.5, 0.5, 0.5, 0.5]",0.25,True,0.00466,stop
completion:Pfefe7f7bbcc9:fable:known,completion,fable,Pfefe7f7bbcc9,,known,,H,plain,completed,True,ok,True,False,"[0.5, 0.5, 0.5, 0.5, 0.5, 0.5, 0.5, 0.5, 0.5, 0.5]",0.25,True,0.00578,stop
completion:Pcdc1f778b578:mimo:known,completion,mimo,Pcdc1f778b578,,known,,H,fair,completed,True,ok,True,False,"[0.5, 0.5, 0.5, 0.5, 0.5, 0.5, 0.5, 0.5, 0.5, 0.5]",0.25,True,0.000137895,stop
completion:P9a81728eb902:mimo:known,completion,mimo,P9a81728eb902,,known,,H,plain,completed,True,ok,True,False,"[0.5, 0.5, 0.5, 0.5, 0.5, 0.5, 0.5, 0.5, 0.5, 0.5]",0.25,True,0.00013659,stop
completion:P8a52e2dbb002:astra:known,completion,astra,P8a52e2dbb002,,known,,H,fair,completed,True,ok,True,False,"[0.5, 0.5, 0.5, 0.5, 0.5, 0.5, 0.5, 0.5, 0.5, 0.5]",0.25,True,0.00466,stop
completion:P252befd2665e:mimo:withheld,completion,mimo,P252befd2665e,,withheld,,H,plain,completed,True,ok,True,False,"[0.5, 0.5, 0.5, 0.5, 0.5, 0.5, 0.5, 0.5, 0.5, 0.5]",0.25,True,0.000135285,stop
completion:P4355c1f030d6:astra:known,completion,astra,P4355c1f030d6,,known,,H,fair,completed,True,ok,True,False,"[0.5, 0.5, 0.5, 0.5, 0.5, 0.5, 0.5, 0.5, 0.5, 0.5]",0.25,True,0.00468,stop
completion:Pcdc1f778b578:astra:known,completion,astra,Pcdc1f778b578,,known,,H,fair,completed,True,ok,True,False,"[0.5, 0.5, 0.5, 0.5, 0.5, 0.5, 0.5, 0.5, 0.5, 0.5]",0.25,True,0.0055,stop
completion:P932a30f0b2af:mimo:known,completion,mimo,P932a30f0b2af,,known,,H,plain,completed,True,ok,True,False,"[0.5, 0.5, 0.5, 0.5, 0.5, 0.5, 0.5, 0.5, 0.5, 0.5]",0.25,True,0.000136155,stop
completion:P114313b6e44d:fable:known,completion,fable,P114313b6e44d,,known,,H,fair,completed,True,ok,True,False,"[0.5, 0.5, 0.5, 0.5, 0.5, 0.5, 0.5, 0.5, 0.5, 0.5]",0.25,True,0.00579,stop
completion:P38d4da757e9b:mimo:withheld,completion,mimo,P38d4da757e9b,,withheld,,H,fair,completed,True,ok,True,False,"[0.5, 0.5, 0.5, 0.5, 0.5, 0.5, 0.5, 0.5, 0.5, 0.5]",0.25,True,0.00013572,stop
completion:P200d4085da52:mimo:known,completion,mimo,P200d4085da52,,known,,H,plain,completed,True,ok,True,False,"[0.5, 0.5, 0.5, 0.5, 0.5, 0.5, 0.5, 0.5, 0.5, 0.5]",0.25,True,0.00013659,stop
completion:Pa10056f1a764:mimo:known,completion,mimo,Pa10056f1a764,,known,,H,plain,completed,True,ok,True,False,"[0.5, 0.5, 0.5, 0.5, 0.5, 0.5, 0.5, 0.5, 0.5, 0.5]",0.25,True,0.000137025,stop
completion:P800e489acf12:fable:withheld,completion,fable,P800e489acf12,,withheld,,H,plain,completed,True,ok,True,False,"[0.5, 0.5, 0.5, 0.5, 0.5, 0.5, 0.5, 0.5, 0.5, 0.5]",0.25,True,0.00531,stop
completion:Paa1a9013b1ec:fable:known,completion,fable,Paa1a9013b1ec,,known,,H,fair,completed,True,ok,True,False,"[0.5, 0.5, 0.5, 0.5, 0.5, 0.5, 0.5, 0.5, 0.5, 0.5]",0.25,True,0.00582,stop
completion:Pd25809680f86:fable:known,completion,fable,Pd25809680f86,,known,,H,fair,completed,True,ok,True,False,"[0.52, 0.5, 0.5, 0.52, 0.5, 0.5, 0.5, 0.52, 0.5, 0.5]",0.24811999999999998,True,0.00579,stop
completion:P2b92865fe28a:fable:known,completion,fable,P2b92865fe28a,,known,,H,plain,completed,True,ok,True,False,"[0.5, 0.52, 0.48, 0.5, 0.52, 0.48, 0.5, 0.5, 0.52, 0.48]",0.24624000000000001,True,0.00581,stop
completion:Pf6a25a3d68ec:fable:known,completion,fable,Pf6a25a3d68ec,,known,,H,plain,completed,True,ok,True,False,"[0.5, 0.5, 0.5, 0.5, 0.5, 0.5, 0.5, 0.5, 0.5, 0.5]",0.25,True,0.00578,stop
completion:P2bc62689bf73:mimo:known,completion,mimo,P2bc62689bf73,,known,,H,fair,completed,True,ok,True,False,"[0.5, 0.5, 0.5, 0.5, 0.5, 0.5, 0.5, 0.5, 0.5, 0.5]",0.25,True,0.00013659,stop
completion:P1461349dd16d:astra:known,completion,astra,P1461349dd16d,,known,,H,fair,completed,True,ok,True,False,"[0.5, 0.5, 0.5, 0.5, 0.5, 0.5, 0.5, 0.5, 0.5, 0.5]",0.25,True,0.00469,stop
completion:Pf1ad18af4dc4:fable:withheld,completion,fable,Pf1ad18af4dc4,,withheld,,H,fair,completed,True,ok,True,False,"[0.5, 0.5, 0.5, 0.5, 0.5, 0.5, 0.5, 0.5, 0.5, 0.5]",0.25,True,0.00578,stop
completion:P1b14967de0e4:astra:known,completion,astra,P1b14967de0e4,,known,,H,plain,completed,True,ok,True,False,"[0.5, 0.5, 0.5, 0.5, 0.5, 0.5, 0.5, 0.5, 0.5, 0.5]",0.25,True,0.00553,stop
completion:Pb728176c80b0:astra:withheld,completion,astra,Pb728176c80b0,,withheld,,H,plain,completed,True,ok,True,False,"[0.5, 0.5, 0.5, 0.5, 0.5, 0.5, 0.5, 0.5, 0.5, 0.5]",0.25,True,0.00574,stop
completion:Pfb1fbd01a972:fable:known,completion,fable,Pfb1fbd01a972,,known,,H,plain,completed,True,ok,True,False,"[0.5, 0.52, 0.5, 0.48, 0.52, 0.5, 0.5, 0.52, 0.48, 0.5]",0.26020000000000004,True,0.00578,stop
completion:Pc206c573b70f:mimo:known,completion,mimo,Pc206c573b70f,,known,,H,plain,completed,True,ok,True,False,"[0.5, 0.5, 0.5, 0.5, 0.5, 0.5, 0.5, 0.5, 0.5, 0.5]",0.25,True,0.00013659,stop
completion:P030bc4e6312a:fable:withheld,completion,fable,P030bc4e6312a,,withheld,,H,plain,completed,True,ok,True,False,"[0.5, 0.5, 0.5, 0.5, 0.5, 0.5, 0.5, 0.5, 0.5, 0.5]",0.25,True,0.00576,stop
completion:P339318dfb86f:astra:known,completion,astra,P339318dfb86f,,known,,H,plain,completed,True,ok,True,False,"[0.5, 0.5, 0.5, 0.5, 0.5, 0.5, 0.5, 0.5, 0.5, 0.5]",0.25,True,0.00464,stop
completion:Pb728176c80b0:fable:withheld,completion,fable,Pb728176c80b0,,withheld,,H,plain,completed,True,ok,True,False,"[0.5, 0.52, 0.5, 0.5, 0.5, 0.52, 0.5, 0.5, 0.48, 0.5]",0.25212,True,0.00576,stop
completion:P11648d6ae270:fable:known,completion,fable,P11648d6ae270,,known,,H,plain,completed,True,ok,True,False,"[0.5, 0.5, 0.5, 0.5, 0.5, 0.5, 0.5, 0.5, 0.5, 0.5]",0.25,True,0.00536,stop
completion:P1461349dd16d:fable:known,completion,fable,P1461349dd16d,,known,,H,fair,completed,True,ok,True,False,"[0.5, 0.5, 0.5, 0.5, 0.5, 0.5, 0.5, 0.5, 0.5, 0.5]",0.25,True,0.0058,stop
completion:Pc434b1c8d803:fable:known,completion,fable,Pc434b1c8d803,,known,,H,fair,completed,True,ok,True,False,"[0.5, 0.5, 0.5, 0.5, 0.5, 0.5, 0.5, 0.5, 0.5, 0.5]",0.25,True,0.00579,stop
completion:P0390e23f1797:fable:known,completion,fable,P0390e23f1797,,known,,H,plain,completed,True,ok,True,False,"[0.45, 0.55, 0.5, 0.45, 0.55, 0.5, 0.5, 0.5, 0.5, 0.5]",0.24100000000000002,True,0.00581,stop
completion:P311165b56986:fable:known,completion,fable,P311165b56986,,known,,H,fair,completed,True,ok,True,False,"[0.5, 0.5, 0.5, 0.5, 0.5, 0.5, 0.5, 0.5, 0.5, 0.5]",0.25,True,0.00579,stop
completion:Pa56b8b5bd462:fable:known,completion,fable,Pa56b8b5bd462,,known,,H,fair,completed,True,ok,True,False,"[0.5, 0.5, 0.5, 0.5, 0.5, 0.5, 0.5, 0.5, 0.5, 0.5]",0.25,True,0.00583,stop
completion:Pd9f29d3be7f9:mimo:withheld,completion,mimo,Pd9f29d3be7f9,,withheld,,H,plain,completed,True,ok,True,False,"[0.5, 0.5, 0.5, 0.5, 0.5, 0.5, 0.5, 0.5, 0.5, 0.5]",0.25,True,0.00013572,stop
completion:Pee79f212bea4:mimo:withheld,completion,mimo,Pee79f212bea4,,withheld,,H,fair,completed,True,ok,True,False,"[0.5, 0.5, 0.5, 0.5, 0.5, 0.5, 0.5, 0.5, 0.5, 0.5]",0.25,True,0.00013572,stop
completion:Pf2e94fd041d7:mimo:known,completion,mimo,Pf2e94fd041d7,,known,,H,fair,completed,True,ok,True,False,"[0.5, 0.5, 0.5, 0.5, 0.5, 0.5, 0.5, 0.5, 0.5, 0.5]",0.25,True,0.00013659,stop
completion:Paaa1ab9c9991:astra:withheld,completion,astra,Paaa1ab9c9991,,withheld,,H,plain,completed,True,ok,True,False,"[0.5, 0.5, 0.5, 0.5, 0.5, 0.5, 0.5, 0.5, 0.5, 0.5]",0.25,True,0.0058,stop
completion:P9a81728eb902:astra:known,completion,astra,P9a81728eb902,,known,,H,plain,completed,True,ok,True,False,"[0.5, 0.5, 0.5, 0.5, 0.5, 0.5, 0.5, 0.5, 0.5, 0.5]",0.25,True,0.00552,stop
completion:P6fff31dd7949:mimo:withheld,completion,mimo,P6fff31dd7949,,withheld,,H,fair,completed,True,ok,True,False,"[0.5, 0.5, 0.5, 0.5, 0.5, 0.5, 0.5, 0.5, 0.5, 0.5]",0.25,True,8.09358e-05,stop
completion:P9623d498f378:fable:withheld,completion,fable,P9623d498f378,,withheld,,H,plain,completed,True,ok,True,False,"[0.52, 0.5, 0.5, 0.52, 0.5, 0.5, 0.52, 0.5, 0.5, 0.48]",0.25016,True,0.00576,stop
completion:P482e641d1ec6:fable:withheld,completion,fable,P482e641d1ec6,,withheld,,H,plain,completed,True,ok,True,False,"[0.52, 0.5, 0.5, 0.5, 0.5, 0.5, 0.5, 0.5, 0.5, 0.5]",0.25204,True,0.00576,stop
completion:P633cce82bfa2:fable:withheld,completion,fable,P633cce82bfa2,,withheld,,H,fair,completed,True,ok,True,False,"[0.5, 0.5, 0.5, 0.5, 0.5, 0.5, 0.5, 0.5, 0.5, 0.5]",0.25,True,0.00578,stop
completion:P82c20dad2b44:astra:known,completion,astra,P82c20dad2b44,,known,,H,plain,completed,True,ok,True,False,"[0.5, 0.5, 0.5, 0.5, 0.5, 0.5, 0.5, 0.5, 0.5, 0.5]",0.25,True,0.00559,stop
completion:Pf340370ed9c4:astra:known,completion,astra,Pf340370ed9c4,,known,,H,plain,completed,True,ok,True,False,"[0.5, 0.5, 0.5, 0.5, 0.5, 0.5, 0.5, 0.5, 0.5, 0.5]",0.25,True,0.00464,stop
completion:P311165b56986:astra:known,completion,astra,P311165b56986,,known,,H,fair,completed,True,ok,True,False,"[0.5, 0.5, 0.5, 0.5, 0.5, 0.5, 0.5, 0.5, 0.5, 0.5]",0.25,True,0.00465,stop
completion:Pf91d12d82d7d:astra:withheld,completion,astra,Pf91d12d82d7d,,withheld,,H,fair,completed,True,ok,True,False,"[0.5, 0.5, 0.5, 0.5, 0.5, 0.5, 0.5, 0.5, 0.5, 0.5]",0.25,True,0.00466,stop
completion:P482e641d1ec6:astra:withheld,completion,astra,P482e641d1ec6,,withheld,,H,plain,completed,True,ok,True,False,"[0.5, 0.5, 0.5, 0.5, 0.5, 0.5, 0.5, 0.5, 0.5, 0.5]",0.25,True,0.00565,stop
completion:P8d5c033a6c9d:astra:known,completion,astra,P8d5c033a6c9d,,known,,H,plain,completed,True,ok,True,False,"[0.5, 0.5, 0.5, 0.5, 0.5, 0.5, 0.5, 0.5, 0.5, 0.5]",0.25,True,0.00595,stop
completion:P82c20dad2b44:mimo:known,completion,mimo,P82c20dad2b44,,known,,H,plain,completed,True,ok,True,False,"[0.5, 0.5, 0.5, 0.5, 0.5, 0.5, 0.5, 0.5, 0.5, 0.5]",0.25,True,0.000136155,stop
completion:P9bc7c6621612:mimo:withheld,completion,mimo,P9bc7c6621612,,withheld,,H,plain,completed,True,ok,True,False,"[0.5, 0.5, 0.5, 0.5, 0.5, 0.5, 0.5, 0.5, 0.5, 0.5]",0.25,True,0.00013572,stop
completion:P48b6ce201a09:astra:known,completion,astra,P48b6ce201a09,,known,,H,plain,completed,True,ok,True,False,"[0.5, 0.5, 0.5, 0.5, 0.5, 0.5, 0.5, 0.5, 0.5, 0.5]",0.25,True,0.00464,stop
completion:P5adfe8899512:astra:withheld,completion,astra,P5adfe8899512,,withheld,,H,fair,completed,True,ok,True,False,"[0.5, 0.5, 0.5, 0.5, 0.5, 0.5, 0.5, 0.5, 0.5, 0.5]",0.25,True,0.00466,stop
completion:Pefa8f3467812:fable:known,completion,fable,Pefa8f3467812,,known,,H,fair,completed,True,ok,True,False,"[0.5, 0.5, 0.5, 0.5, 0.5, 0.5, 0.5, 0.5, 0.5, 0.5]",0.25,True,0.0058,stop
completion:P252befd2665e:astra:withheld,completion,astra,P252befd2665e,,withheld,,H,plain,completed,True,ok,True,False,"[0.5, 0.5, 0.5, 0.5, 0.5, 0.5, 0.5, 0.5, 0.5, 0.5]",0.25,True,0.00554,stop
completion:P9bc7c6621612:fable:withheld,completion,fable,P9bc7c6621612,,withheld,,H,plain,completed,True,ok,True,False,"[0.5, 0.5, 0.5, 0.5, 0.5, 0.5, 0.5, 0.5, 0.5, 0.5]",0.25,True,0.00531,stop
completion:P871d26c0d44a:astra:known,completion,astra,P871d26c0d44a,,known,,H,plain,completed,True,ok,True,False,"[0.5, 0.5, 0.5, 0.5, 0.5, 0.5, 0.5, 0.5, 0.5, 0.5]",0.25,True,0.00598,stop
completion:P4355c1f030d6:fable:known,completion,fable,P4355c1f030d6,,known,,H,fair,completed,True,ok,True,False,"[0.5, 0.5, 0.5, 0.5, 0.5, 0.5, 0.5, 0.5, 0.5, 0.5]",0.25,True,0.0058,stop
completion:P030bc4e6312a:mimo:withheld,completion,mimo,P030bc4e6312a,,withheld,,H,plain,completed,True,ok,True,False,"[0.5, 0.5, 0.5, 0.5, 0.5, 0.5, 0.5, 0.5, 0.5, 0.5]",0.25,True,0.00013572,stop
completion:Pcdbf8dc970db:astra:known,completion,astra,Pcdbf8dc970db,,known,,H,plain,completed,True,ok,True,False,"[0.5, 0.5, 0.5, 0.5, 0.5, 0.5, 0.5, 0.5, 0.5, 0.5]",0.25,True,0.00553,stop
completion:P087b9bc9c757:astra:withheld,completion,astra,P087b9bc9c757,,withheld,,H,fair,completed,True,ok,True,False,"[0.5, 0.5, 0.5, 0.5, 0.5, 0.5, 0.5, 0.5, 0.5, 0.5]",0.25,True,0.0057,stop
completion:P9f41bf196202:astra:withheld,completion,astra,P9f41bf196202,,withheld,,H,plain,completed,True,ok,True,False,"[0.5, 0.5, 0.5, 0.5, 0.5, 0.5, 0.5, 0.5, 0.5, 0.5]",0.25,True,0.00465,stop
completion:P2601a4c91e0e:astra:known,completion,astra,P2601a4c91e0e,,known,,H,plain,completed,True,ok,True,False,"[0.5, 0.5, 0.5, 0.5, 0.5, 0.5, 0.5, 0.5, 0.5, 0.5]",0.25,True,0.00593,stop
completion:P483ac6ab3bf0:fable:known,completion,fable,P483ac6ab3bf0,,known,,H,fair,completed,True,ok,True,False,"[0.52, 0.5, 0.5, 0.52, 0.5, 0.5, 0.52, 0.5, 0.5, 0.5]",0.24811999999999998,True,0.00579,stop
completion:Pbeed48b9831a:mimo:withheld,completion,mimo,Pbeed48b9831a,,withheld,,H,fair,completed,True,ok,True,False,"[0.5, 0.5, 0.5, 0.5, 0.5, 0.5, 0.5, 0.5, 0.5, 0.5]",0.25,True,8.05008e-05,stop
completion:P8a4a199d7c0d:astra:withheld,completion,astra,P8a4a199d7c0d,,withheld,,H,plain,completed,True,ok,True,False,"[0.5, 0.5, 0.5, 0.5, 0.5, 0.5, 0.5, 0.5, 0.5, 0.5]",0.25,True,0.0055,stop
completion:P5e7d1c65c23a:fable:known,completion,fable,P5e7d1c65c23a,,known,,H,fair,completed,True,ok,False,True,"[0.85, 0.15, 0.85, 0.15, 0.85, 0.15, 0.85, 0.15, 0.85, 0.15]",0.022500000000000003,True,0.01068,stop
completion:P82b888a78b63:fable:withheld,completion,fable,P82b888a78b63,,withheld,,H,plain,completed,True,ok,True,False,"[0.5, 0.5, 0.52, 0.48, 0.5, 0.5, 0.5, 0.52, 0.5, 0.5]",0.24811999999999998,True,0.00576,stop
completion:P38d4da757e9b:astra:withheld,completion,astra,P38d4da757e9b,,withheld,,H,fair,completed,True,ok,True,False,"[0.5, 0.5, 0.5, 0.5, 0.5, 0.5, 0.5, 0.5, 0.5, 0.5]",0.25,True,0.00465,stop
completion:Pbd9a30ecefb0:mimo:known,completion,mimo,Pbd9a30ecefb0,,known,,H,fair,completed,True,ok,True,False,"[0.5, 0.5, 0.5, 0.5, 0.5, 0.5, 0.5, 0.5, 0.5, 0.5]",0.25,True,0.000137025,stop
completion:Pc0fd2996d5e3:mimo:known,completion,mimo,Pc0fd2996d5e3,,known,,H,fair,completed,True,ok,True,False,"[0.5, 0.5, 0.5, 0.5, 0.5, 0.5, 0.5, 0.5, 0.5, 0.5]",0.25,True,0.00013746,stop
completion:Pf3d993a7ee4c:mimo:withheld,completion,mimo,Pf3d993a7ee4c,,withheld,,H,fair,completed,True,ok,True,False,"[0.5, 0.5, 0.5, 0.5, 0.5, 0.5, 0.5, 0.5, 0.5, 0.5]",0.25,True,0.000136155,stop
completion:P871d26c0d44a:mimo:known,completion,mimo,P871d26c0d44a,,known,,H,plain,completed,True,ok,True,False,"[0.5, 0.5, 0.5, 0.5, 0.5, 0.5, 0.5, 0.5, 0.5, 0.5]",0.25,True,0.000137025,stop
completion:Pf1091159de0d:fable:withheld,completion,fable,Pf1091159de0d,,withheld,,H,fair,completed,True,ok,True,False,"[0.5, 0.5, 0.5, 0.5, 0.5, 0.5, 0.5, 0.5, 0.5, 0.5]",0.25,True,0.00578,stop
completion:P01d7f0a3d5af:astra:withheld,completion,astra,P01d7f0a3d5af,,withheld,,H,plain,completed,True,ok,True,False,"[0.5, 0.5, 0.5, 0.5, 0.5, 0.5, 0.5, 0.5, 0.5, 0.5]",0.25,True,0.00545,stop
completion:Pc8c003cfff1f:astra:withheld,completion,astra,Pc8c003cfff1f,,withheld,,H,plain,completed,True,ok,True,False,"[0.5, 0.5, 0.5, 0.5, 0.5, 0.5, 0.5, 0.5, 0.5, 0.5]",0.25,True,0.00545,stop
completion:P5adfe8899512:mimo:withheld,completion,mimo,P5adfe8899512,,withheld,,H,fair,completed,True,ok,True,False,"[0.5, 0.5, 0.5, 0.5, 0.5, 0.5, 0.5, 0.5, 0.5, 0.5]",0.25,True,0.000136155,stop
completion:P8ca0d4cc96b1:mimo:known,completion,mimo,P8ca0d4cc96b1,,known,,H,plain,completed,True,ok,True,False,"[0.5, 0.5, 0.5, 0.5, 0.5, 0.5, 0.5, 0.5, 0.5, 0.5]",0.25,True,0.000137025,stop
completion:P987914eb2fe5:fable:known,completion,fable,P987914eb2fe5,,known,,H,plain,completed,True,ok,True,False,"[0.5, 0.5, 0.5, 0.5, 0.5, 0.5, 0.5, 0.5, 0.5, 0.5]",0.25,True,0.00577,stop
completion:Pb017ce1672ef:fable:known,completion,fable,Pb017ce1672ef,,known,,H,plain,completed,True,ok,True,False,"[0.5, 0.5, 0.5, 0.5, 0.5, 0.5, 0.5, 0.5, 0.5, 0.5]",0.25,True,0.00581,stop
completion:P871d26c0d44a:fable:known,completion,fable,P871d26c0d44a,,known,,H,plain,completed,True,ok,True,False,"[0.5, 0.5, 0.5, 0.5, 0.5, 0.5, 0.5, 0.5, 0.5, 0.5]",0.25,True,0.00581,stop
completion:Pc5a04d251fc6:astra:withheld,completion,astra,Pc5a04d251fc6,,withheld,,H,fair,completed,True,ok,True,False,"[0.5, 0.5, 0.5, 0.5, 0.5, 0.5, 0.5, 0.5, 0.5, 0.5]",0.25,True,0.00465,stop
completion:Pb079280de9bf:fable:known,completion,fable,Pb079280de9bf,,known,,H,plain,completed,True,ok,True,False,"[0.5, 0.5, 0.5, 0.5, 0.5, 0.5, 0.5, 0.5, 0.5, 0.5]",0.25,True,0.00581,stop
completion:P154ffb63867c:astra:withheld,completion,astra,P154ffb63867c,,withheld,,H,plain,completed,True,ok,True,False,"[0.5, 0.5, 0.5, 0.5, 0.5, 0.5, 0.5, 0.5, 0.5, 0.5]",0.25,True,0.00549,stop
completion:P9bb52487a24b:fable:known,completion,fable,P9bb52487a24b,,known,,H,fair,completed,True,ok,True,False,"[0.5, 0.5, 0.5, 0.5, 0.5, 0.5, 0.5, 0.5, 0.5, 0.5]",0.25,True,0.0058,stop
completion:Pfefe7f7bbcc9:mimo:known,completion,mimo,Pfefe7f7bbcc9,,known,,H,plain,completed,True,ok,True,False,"[0.5, 0.5, 0.5, 0.5, 0.5, 0.5, 0.5, 0.5, 0.5, 0.5]",0.25,True,0.000137025,stop
completion:Pe165b33556bf:mimo:known,completion,mimo,Pe165b33556bf,,known,,H,fair,completed,True,ok,True,False,"[0.5, 0.5, 0.5, 0.5, 0.5, 0.5, 0.5, 0.5, 0.5, 0.5]",0.25,True,0.000137025,stop
completion:Pba7ed2d6d916:astra:known,completion,astra,Pba7ed2d6d916,,known,,H,fair,completed,True,ok,True,False,"[0.5, 0.5, 0.5, 0.5, 0.5, 0.5, 0.5, 0.5, 0.5, 0.5]",0.25,True,0.00465,stop
completion:Pdb930800115e:fable:known,completion,fable,Pdb930800115e,,known,,H,plain,completed,True,ok,True,False,"[0.55, 0.5, 0.5, 0.55, 0.5, 0.5, 0.5, 0.5, 0.5, 0.5]",0.2405,True,0.00581,stop
completion:Paa1a9013b1ec:astra:known,completion,astra,Paa1a9013b1ec,,known,,H,fair,completed,True,ok,True,False,"[0.5, 0.5, 0.5, 0.5, 0.5, 0.5, 0.5, 0.5, 0.5, 0.5]",0.25,True,0.00469,stop
completion:P6206e64a1a46:fable:withheld,completion,fable,P6206e64a1a46,,withheld,,H,fair,completed,True,ok,True,False,"[0.5, 0.5, 0.5, 0.5, 0.5, 0.5, 0.5, 0.5, 0.5, 0.5]",0.25,True,0.00578,stop
completion:P8ca0d4cc96b1:astra:known,completion,astra,P8ca0d4cc96b1,,known,,H,plain,completed,True,ok,True,False,"[0.5, 0.5, 0.5, 0.5, 0.5, 0.5, 0.5, 0.5, 0.5, 0.5]",0.25,True,0.00608,stop
completion:P932a30f0b2af:fable:known,completion,fable,P932a30f0b2af,,known,,H,plain,completed,True,ok,True,False,"[0.5, 0.5, 0.5, 0.5, 0.5, 0.5, 0.5, 0.5, 0.5, 0.5]",0.25,True,0.00577,stop
completion:Pc5a04d251fc6:mimo:withheld,completion,mimo,Pc5a04d251fc6,,withheld,,H,fair,completed,True,ok,True,False,"[0.5, 0.5, 0.5, 0.5, 0.5, 0.5, 0.5, 0.5, 0.5, 0.5]",0.25,True,0.00013572,stop
completion:P7e2d234eb35f:fable:withheld,completion,fable,P7e2d234eb35f,,withheld,,H,fair,completed,True,ok,True,False,"[0.52, 0.5, 0.5, 0.52, 0.5, 0.5, 0.5, 0.48, 0.5, 0.5]",0.25612,True,0.00577,stop
completion:P912e764d7a17:astra:withheld,completion,astra,P912e764d7a17,,withheld,,H,plain,completed,True,ok,True,False,"[0.5, 0.5, 0.5, 0.5, 0.5, 0.5, 0.5, 0.5, 0.5, 0.5]",0.25,True,0.00545,stop
completion:Pee79f212bea4:astra:withheld,completion,astra,Pee79f212bea4,,withheld,,H,fair,completed,True,ok,True,False,"[0.5, 0.5, 0.5, 0.5, 0.5, 0.5, 0.5, 0.5, 0.5, 0.5]",0.25,True,0.00465,stop
completion:P6e7386996121:mimo:withheld,completion,mimo,P6e7386996121,,withheld,,H,fair,completed,True,ok,True,False,"[0.5, 0.5, 0.5, 0.5, 0.5, 0.5, 0.5, 0.5, 0.5, 0.5]",0.25,True,8.05008e-05,stop
completion:Pf340370ed9c4:mimo:known,completion,mimo,Pf340370ed9c4,,known,,H,plain,completed,True,ok,True,False,"[0.5, 0.5, 0.5, 0.5, 0.5, 0.5, 0.5, 0.5, 0.5, 0.5]",0.25,True,0.000136155,stop
completion:Pbeed48b9831a:fable:withheld,completion,fable,Pbeed48b9831a,,withheld,,H,fair,completed,True,ok,True,False,"[0.5, 0.5, 0.5, 0.5, 0.5, 0.5, 0.5, 0.5, 0.5, 0.5]",0.25,True,0.00578,stop
completion:Pb30f63c422d5:mimo:withheld,completion,mimo,Pb30f63c422d5,,withheld,,H,plain,completed,True,ok,True,False,"[0.5, 0.5, 0.5, 0.5, 0.5, 0.5, 0.5, 0.5, 0.5, 0.5]",0.25,True,0.00013572,stop
completion:Peec48f90044c:fable:withheld,completion,fable,Peec48f90044c,,withheld,,H,plain,completed,True,ok,True,False,"[0.5, 0.5, 0.5, 0.5, 0.5, 0.5, 0.5, 0.5, 0.5, 0.5]",0.25,True,0.00576,stop
completion:P44c3132dd9c8:astra:withheld,completion,astra,P44c3132dd9c8,,withheld,,H,fair,completed,True,ok,True,False,"[0.5, 0.5, 0.5, 0.5, 0.5, 0.5, 0.5, 0.5, 0.5, 0.5]",0.25,True,0.00465,stop
completion:Pbd9a30ecefb0:fable:known,completion,fable,Pbd9a30ecefb0,,known,,H,fair,completed,True,ok,True,False,"[0.5, 0.5, 0.5, 0.5, 0.5, 0.5, 0.5, 0.5, 0.5, 0.5]",0.25,True,0.00579,stop
completion:Pf912b277130e:mimo:known,completion,mimo,Pf912b277130e,,known,,H,plain,completed,True,ok,True,False,"[0.5, 0.5, 0.5, 0.5, 0.5, 0.5, 0.5, 0.5, 0.5, 0.5]",0.25,True,0.000136155,stop
completion:P9623d498f378:astra:withheld,completion,astra,P9623d498f378,,withheld,,H,plain,completed,True,ok,True,False,"[0.5, 0.5, 0.5, 0.5, 0.5, 0.5, 0.5, 0.5, 0.5, 0.5]",0.25,True,0.00555,stop
completion:P5e7d1c65c23a:mimo:known,completion,mimo,P5e7d1c65c23a,,known,,H,fair,completed,True,ok,True,False,"[0.5, 0.5, 0.5, 0.5, 0.5, 0.5, 0.5, 0.5, 0.5, 0.5]",0.25,True,0.000137025,stop
completion:Pac1e59009057:mimo:known,completion,mimo,Pac1e59009057,,known,,H,plain,completed,True,ok,True,False,"[0.5, 0.5, 0.5, 0.5, 0.5, 0.5, 0.5, 0.5, 0.5, 0.5]",0.25,True,8.18058e-05,stop
completion:P8d5c033a6c9d:mimo:known,completion,mimo,P8d5c033a6c9d,,known,,H,plain,completed,True,ok,True,False,"[0.5, 0.5, 0.5, 0.5, 0.5, 0.5, 0.5, 0.5, 0.5, 0.5]",0.25,True,0.00013659,stop
completion:Pbf7569dfa38c:fable:known,completion,fable,Pbf7569dfa38c,,known,,H,plain,completed,True,ok,True,False,"[0.5, 0.5, 0.5, 0.5, 0.5, 0.5, 0.5, 0.5, 0.5, 0.5]",0.25,True,0.00581,stop
completion:P11648d6ae270:mimo:known,completion,mimo,P11648d6ae270,,known,,H,plain,completed,True,ok,True,False,"[0.5, 0.5, 0.5, 0.5, 0.5, 0.5, 0.5, 0.5, 0.5, 0.5]",0.25,True,0.00013659,stop
completion:Pd1d27b041b66:mimo:withheld,completion,mimo,Pd1d27b041b66,,withheld,,H,plain,completed,True,ok,True,False,"[0.5, 0.5, 0.5, 0.5, 0.5, 0.5, 0.5, 0.5, 0.5, 0.5]",0.25,True,0.000135285,stop
completion:P6da7736ec049:fable:known,completion,fable,P6da7736ec049,,known,,H,fair,completed,True,ok,True,False,"[0.5, 0.5, 0.5, 0.5, 0.5, 0.5, 0.5, 0.5, 0.5, 0.5]",0.25,True,0.0058,stop
completion:P154ffb63867c:mimo:withheld,completion,mimo,P154ffb63867c,,withheld,,H,plain,completed,True,ok,True,False,"[0.5, 0.5, 0.5, 0.5, 0.5, 0.5, 0.5, 0.5, 0.5, 0.5]",0.25,True,0.000135285,stop
completion:Pf70272b70c32:fable:withheld,completion,fable,Pf70272b70c32,,withheld,,H,fair,completed,True,ok,True,False,"[0.52, 0.5, 0.5, 0.52, 0.5, 0.5, 0.52, 0.5, 0.5, 0.52]",0.25016,True,0.00578,stop
completion:Pa56b8b5bd462:astra:known,completion,astra,Pa56b8b5bd462,,known,,H,fair,completed,True,ok,True,False,"[0.5, 0.5, 0.5, 0.5, 0.5, 0.5, 0.5, 0.5, 0.5, 0.5]",0.25,True,0.00534,stop
completion:Pbeed48b9831a:astra:withheld,completion,astra,Pbeed48b9831a,,withheld,,H,fair,completed,True,ok,True,False,"[0.5, 0.5, 0.5, 0.5, 0.5, 0.5, 0.5, 0.5, 0.5, 0.5]",0.25,True,0.00465,stop
completion:Paaa1ab9c9991:fable:withheld,completion,fable,Paaa1ab9c9991,,withheld,,H,plain,completed,True,ok,True,False,"[0.5, 0.52, 0.5, 0.48, 0.52, 0.5, 0.5, 0.52, 0.48, 0.5]",0.25620000000000004,True,0.00531,stop
completion:P087b9bc9c757:mimo:withheld,completion,mimo,P087b9bc9c757,,withheld,,H,fair,completed,True,ok,True,False,"[0.5, 0.5, 0.5, 0.5, 0.5, 0.5, 0.5, 0.5, 0.5, 0.5]",0.25,True,8.05008e-05,stop
completion:P8a52e2dbb002:mimo:known,completion,mimo,P8a52e2dbb002,,known,,H,fair,completed,True,ok,True,False,"[0.5, 0.5, 0.5, 0.5, 0.5, 0.5, 0.5, 0.5, 0.5, 0.5]",0.25,True,0.000137025,stop
completion:P9bb52487a24b:astra:known,completion,astra,P9bb52487a24b,,known,,H,fair,completed,True,ok,True,False,"[0.5, 0.5, 0.5, 0.5, 0.5, 0.5, 0.5, 0.5, 0.5, 0.5]",0.25,True,0.00469,stop
completion:P34df0d0e02ef:astra:known,completion,astra,P34df0d0e02ef,,known,,H,fair,completed,True,ok,True,False,"[0.5, 0.5, 0.5, 0.5, 0.5, 0.5, 0.5, 0.5, 0.5, 0.5]",0.25,True,0.00469,stop
completion:P2b92865fe28a:mimo:known,completion,mimo,P2b92865fe28a,,known,,H,plain,completed,True,ok,True,False,"[0.5, 0.5, 0.5, 0.5, 0.5, 0.5, 0.5, 0.5, 0.5, 0.5]",0.25,True,0.000137025,stop
completion:P9f41bf196202:fable:withheld,completion,fable,P9f41bf196202,,withheld,,H,plain,completed,True,ok,True,False,"[0.5, 0.5, 0.5, 0.5, 0.5, 0.5, 0.5, 0.5, 0.5, 0.5]",0.25,True,0.00576,stop
completion:P48b6ce201a09:mimo:known,completion,mimo,P48b6ce201a09,,known,,H,plain,completed,True,ok,True,False,"[0.5, 0.5, 0.5, 0.5, 0.5, 0.5, 0.5, 0.5, 0.5, 0.5]",0.25,True,0.000136155,stop
completion:P08efdd7d726e:astra:withheld,completion,astra,P08efdd7d726e,,withheld,,H,fair,completed,True,ok,True,False,"[0.5, 0.5, 0.5, 0.5, 0.5, 0.5, 0.5, 0.5, 0.5, 0.5]",0.25,True,0.00465,stop
completion:P39595f3e98ab:astra:withheld,completion,astra,P39595f3e98ab,,withheld,,H,fair,completed,True,ok,True,False,"[0.5, 0.5, 0.5, 0.5, 0.5, 0.5, 0.5, 0.5, 0.5, 0.5]",0.25,True,0.00545,stop
completion:Pf1ad18af4dc4:astra:withheld,completion,astra,Pf1ad18af4dc4,,withheld,,H,fair,completed,True,ok,True,False,"[0.5, 0.5, 0.5, 0.5, 0.5, 0.5, 0.5, 0.5, 0.5, 0.5]",0.25,True,0.00465,stop
completion:Pa10056f1a764:astra:known,completion,astra,Pa10056f1a764,,known,,H,plain,completed,True,ok,True,False,"[0.5, 0.5, 0.5, 0.5, 0.5, 0.5, 0.5, 0.5, 0.5, 0.5]",0.25,True,0.00573,stop
completion:Pbe2c91a32679:fable:withheld,completion,fable,Pbe2c91a32679,,withheld,,H,plain,completed,True,ok,True,False,"[0.5, 0.5, 0.5, 0.5, 0.5, 0.5, 0.5, 0.5, 0.5, 0.5]",0.25,True,0.00576,stop
completion:Pdf2b3d9b2d24:mimo:known,completion,mimo,Pdf2b3d9b2d24,,known,,H,fair,completed,True,ok,True,False,"[0.5, 0.5, 0.5, 0.5, 0.5, 0.5, 0.5, 0.5, 0.5, 0.5]",0.25,True,0.00013659,stop
completion:Pcdbf8dc970db:mimo:known,completion,mimo,Pcdbf8dc970db,,known,,H,plain,completed,True,ok,True,False,"[0.5, 0.5, 0.5, 0.5, 0.5, 0.5, 0.5, 0.5, 0.5, 0.5]",0.25,True,0.000137025,stop
completion:P39595f3e98ab:mimo:withheld,completion,mimo,P39595f3e98ab,,withheld,,H,fair,completed,True,ok,True,False,"[0.5, 0.5, 0.5, 0.5, 0.5, 0.5, 0.5, 0.5, 0.5, 0.5]",0.25,True,0.00013572,stop
completion:Pe19f1b60ae5e:fable:known,completion,fable,Pe19f1b60ae5e,,known,,H,plain,completed,True,ok,True,False,"[0.5, 0.5, 0.5, 0.5, 0.5, 0.5, 0.5, 0.5, 0.5, 0.5]",0.25,True,0.00577,stop
completion:Pd1003400bc2f:mimo:withheld,completion,mimo,Pd1003400bc2f,,withheld,,H,plain,completed,True,ok,True,False,"[0.5, 0.5, 0.5, 0.5, 0.5, 0.5, 0.5, 0.5, 0.5, 0.5]",0.25,True,0.00013572,stop
completion:P483ac6ab3bf0:mimo:known,completion,mimo,P483ac6ab3bf0,,known,,H,fair,completed,True,ok,True,False,"[0.5, 0.5, 0.5, 0.5, 0.5, 0.5, 0.5, 0.5, 0.5, 0.5]",0.25,True,8.13708e-05,stop
completion:Pcf8e49786697:astra:withheld,completion,astra,Pcf8e49786697,,withheld,,H,plain,completed,True,ok,True,False,"[0.5, 0.5, 0.5, 0.5, 0.5, 0.5, 0.5, 0.5, 0.5, 0.5]",0.25,True,0.0057,stop
completion:P5ca0318e86f9:fable:known,completion,fable,P5ca0318e86f9,,known,,H,fair,completed,True,ok,True,False,"[0.52, 0.5, 0.5, 0.52, 0.5, 0.5, 0.5, 0.5, 0.5, 0.48]",0.24411999999999998,True,0.00579,stop
completion:Pc5a04d251fc6:fable:withheld,completion,fable,Pc5a04d251fc6,,withheld,,H,fair,completed,True,ok,True,False,"[0.5, 0.5, 0.5, 0.5, 0.5, 0.5, 0.5, 0.5, 0.5, 0.5]",0.25,True,0.00578,stop
completion:Pd9f29d3be7f9:astra:withheld,completion,astra,Pd9f29d3be7f9,,withheld,,H,plain,completed,True,ok,True,False,"[0.5, 0.5, 0.5, 0.5, 0.5, 0.5, 0.5, 0.5, 0.5, 0.5]",0.25,True,0.0056,stop
completion:Paa1a9013b1ec:mimo:known,completion,mimo,Paa1a9013b1ec,,known,,H,fair,completed,True,ok,True,False,"[0.5, 0.5, 0.5, 0.5, 0.5, 0.5, 0.5, 0.5, 0.5, 0.5]",0.25,True,0.00013746,stop
completion:P1b14967de0e4:fable:known,completion,fable,P1b14967de0e4,,known,,H,plain,completed,True,ok,True,False,"[0.5, 0.5, 0.5, 0.5, 0.5, 0.5, 0.5, 0.5, 0.5, 0.5]",0.25,True,0.00581,stop
completion:P82b888a78b63:mimo:withheld,completion,mimo,P82b888a78b63,,withheld,,H,plain,completed,True,ok,True,False,"[0.5, 0.5, 0.5, 0.5, 0.5, 0.5, 0.5, 0.5, 0.5, 0.5]",0.25,True,0.00013572,stop
completion:P5e7d1c65c23a:astra:known,completion,astra,P5e7d1c65c23a,,known,,H,fair,completed,True,ok,True,False,"[0.5, 0.5, 0.5, 0.5, 0.5, 0.5, 0.5, 0.5, 0.5, 0.5]",0.25,True,0.00743,stop
completion:P5adfe8899512:fable:withheld,completion,fable,P5adfe8899512,,withheld,,H,fair,completed,True,ok,True,False,"[0.5, 0.5, 0.5, 0.5, 0.5, 0.5, 0.5, 0.5, 0.5, 0.5]",0.25,True,0.00578,stop
completion:Pf3d993a7ee4c:mimo:known,completion,mimo,Pf3d993a7ee4c,,known,,H,fair,completed,True,ok,True,False,"[0.5, 0.5, 0.5, 0.5, 0.5, 0.5, 0.5, 0.5, 0.5, 0.5]",0.25,True,0.00013746,stop
completion:Pba7ed2d6d916:fable:withheld,completion,fable,Pba7ed2d6d916,,withheld,,H,fair,completed,True,ok,True,False,"[0.5, 0.5, 0.5, 0.5, 0.5, 0.5, 0.5, 0.5, 0.5, 0.5]",0.25,True,0.00578,stop
completion:Pc206c573b70f:fable:withheld,completion,fable,Pc206c573b70f,,withheld,,H,plain,completed,True,ok,True,False,"[0.5, 0.52, 0.5, 0.52, 0.5, 0.5, 0.52, 0.5, 0.5, 0.5]",0.24411999999999998,True,0.00576,stop
completion:Pfefe7f7bbcc9:astra:withheld,completion,astra,Pfefe7f7bbcc9,,withheld,,H,plain,completed,True,ok,True,False,"[0.5, 0.5, 0.5, 0.5, 0.5, 0.5, 0.5, 0.5, 0.5, 0.5]",0.25,True,0.00555,stop
completion:P6fff31dd7949:astra:known,completion,astra,P6fff31dd7949,,known,,H,fair,completed,True,ok,True,False,"[0.5, 0.5, 0.5, 0.5, 0.5, 0.5, 0.5, 0.5, 0.5, 0.5]",0.25,True,0.00466,stop
completion:P1461349dd16d:fable:withheld,completion,fable,P1461349dd16d,,withheld,,H,fair,completed,True,ok,True,False,"[0.5, 0.5, 0.5, 0.5, 0.5, 0.5, 0.5, 0.5, 0.5, 0.5]",0.25,True,0.00578,stop
completion:P0390e23f1797:fable:withheld,completion,fable,P0390e23f1797,,withheld,,H,plain,completed,True,ok,True,False,"[0.52, 0.5, 0.5, 0.52, 0.5, 0.5, 0.52, 0.5, 0.5, 0.5]",0.24811999999999998,True,0.00576,stop
completion:Pe165b33556bf:fable:withheld,completion,fable,Pe165b33556bf,,withheld,,H,fair,completed,True,ok,True,False,"[0.55, 0.5, 0.5, 0.5, 0.5, 0.5, 0.5, 0.5, 0.5, 0.5]",0.24525000000000002,True,0.00578,stop
completion:P871d26c0d44a:astra:withheld,completion,astra,P871d26c0d44a,,withheld,,H,plain,completed,True,ok,True,False,"[0.5, 0.5, 0.5, 0.5, 0.5, 0.5, 0.5, 0.5, 0.5, 0.5]",0.25,True,0.00465,stop
completion:Pf55cf6e8ccb0:astra:withheld,completion,astra,Pf55cf6e8ccb0,,withheld,,H,plain,completed,True,ok,True,False,"[0.5, 0.5, 0.5, 0.5, 0.5, 0.5, 0.5, 0.5, 0.5, 0.5]",0.25,True,0.0054,stop
completion:P158904262452:fable:known,completion,fable,P158904262452,,known,,H,fair,completed,True,ok,True,False,"[0.52, 0.5, 0.5, 0.52, 0.5, 0.5, 0.52, 0.5, 0.5, 0.5]",0.24411999999999998,True,0.0058,stop
completion:P085b274e4e18:astra:known,completion,astra,P085b274e4e18,,known,,H,plain,completed,True,ok,True,False,"[0.5, 0.5, 0.5, 0.5, 0.5, 0.5, 0.5, 0.5, 0.5, 0.5]",0.25,True,0.00422,stop
completion:P4355c1f030d6:astra:withheld,completion,astra,P4355c1f030d6,,withheld,,H,fair,completed,True,ok,True,False,"[0.5, 0.5, 0.5, 0.5, 0.5, 0.5, 0.5, 0.5, 0.5, 0.5]",0.25,True,0.00465,stop
completion:Pafa058d985f3:mimo:withheld,completion,mimo,Pafa058d985f3,,withheld,,H,fair,completed,True,ok,True,False,"[0.5, 0.5, 0.5, 0.5, 0.5, 0.5, 0.5, 0.5, 0.5, 0.5]",0.25,True,0.000136155,stop
completion:P37dcdba54f8a:mimo:withheld,completion,mimo,P37dcdba54f8a,,withheld,,H,plain,completed,True,ok,True,False,"[0.5, 0.5, 0.5, 0.5, 0.5, 0.5, 0.5, 0.5, 0.5, 0.5]",0.25,True,0.00013572,stop
completion:P9bcd6a4ebe2e:mimo:known,completion,mimo,P9bcd6a4ebe2e,,known,,H,fair,completed,True,ok,True,False,"[0.5, 0.5, 0.5, 0.5, 0.5, 0.5, 0.5, 0.5, 0.5, 0.5]",0.25,True,0.000137025,stop
completion:Pc0fd2996d5e3:mimo:withheld,completion,mimo,Pc0fd2996d5e3,,withheld,,H,fair,completed,True,ok,True,False,"[0.5, 0.5, 0.5, 0.5, 0.5, 0.5, 0.5, 0.5, 0.5, 0.5]",0.25,True,0.000136155,stop
completion:P48b6ce201a09:fable:withheld,completion,fable,P48b6ce201a09,,withheld,,H,plain,completed,True,ok,True,False,"[0.52, 0.5, 0.51, 0.5, 0.51, 0.5, 0.51, 0.5, 0.5, 0.49]",0.24808,True,0.00576,stop
completion:P0390e23f1797:astra:withheld,completion,astra,P0390e23f1797,,withheld,,H,plain,completed,True,ok,True,False,"[0.5, 0.5, 0.5, 0.5, 0.5, 0.5, 0.5, 0.5, 0.5, 0.5]",0.25,True,0.0056,stop
completion:Pb30f63c422d5:fable:known,completion,fable,Pb30f63c422d5,,known,,H,plain,completed,True,ok,True,False,"[0.5, 0.5, 0.52, 0.48, 0.5, 0.5, 0.5, 0.48, 0.5, 0.5]",0.25212,True,0.00577,stop
completion:Pfefe7f7bbcc9:fable:withheld,completion,fable,Pfefe7f7bbcc9,,withheld,,H,plain,completed,True,ok,True,False,"[0.5, 0.5, 0.5, 0.5, 0.5, 0.5, 0.5, 0.5, 0.5, 0.5]",0.25,True,0.00576,stop
completion:Pba7ed2d6d916:mimo:withheld,completion,mimo,Pba7ed2d6d916,,withheld,,H,fair,completed,True,ok,True,False,"[0.5, 0.5, 0.5, 0.5, 0.5, 0.5, 0.5, 0.5, 0.5, 0.5]",0.25,True,8.05008e-05,stop
completion:P8d5c033a6c9d:astra:withheld,completion,astra,P8d5c033a6c9d,,withheld,,H,plain,completed,True,ok,True,False,"[0.5, 0.5, 0.5, 0.5, 0.5, 0.5, 0.5, 0.5, 0.5, 0.5]",0.25,True,0.0054,stop
completion:Pfefe7f7bbcc9:mimo:withheld,completion,mimo,Pfefe7f7bbcc9,,withheld,,H,plain,completed,True,ok,True,False,"[0.5, 0.5, 0.5, 0.5, 0.5, 0.5, 0.5, 0.5, 0.5, 0.5]",0.25,True,0.00013572,stop
completion:P987914eb2fe5:astra:withheld,completion,astra,P987914eb2fe5,,withheld,,H,plain,completed,True,ok,True,False,"[0.5, 0.5, 0.5, 0.5, 0.5, 0.5, 0.5, 0.5, 0.5, 0.5]",0.25,True,0.0055,stop
completion:Pd1d27b041b66:astra:known,completion,astra,Pd1d27b041b66,,known,,H,plain,completed,True,ok,True,False,"[0.5, 0.5, 0.5, 0.5, 0.5, 0.5, 0.5, 0.5, 0.5, 0.5]",0.25,True,0.00464,stop
completion:P9799ccdd11c6:astra:withheld,completion,astra,P9799ccdd11c6,,withheld,,H,fair,completed,True,ok,True,False,"[0.5, 0.5, 0.5, 0.5, 0.5, 0.5, 0.5, 0.5, 0.5, 0.5]",0.25,True,0.00466,stop
completion:P9bb52487a24b:fable:withheld,completion,fable,P9bb52487a24b,,withheld,,H,fair,completed,True,ok,True,False,"[0.5, 0.5, 0.5, 0.5, 0.5, 0.5, 0.5, 0.5, 0.5, 0.5]",0.25,True,0.00578,stop
completion:Pf1091159de0d:astra:known,completion,astra,Pf1091159de0d,,known,,H,fair,completed,True,ok,True,False,"[0.5, 0.5, 0.5, 0.5, 0.5, 0.5, 0.5, 0.5, 0.5, 0.5]",0.25,True,0.00465,stop
completion:P56f4dfbe28d3:fable:known,completion,fable,P56f4dfbe28d3,,known,,H,plain,completed,True,ok,True,False,"[0.52, 0.5, 0.5, 0.5, 0.5, 0.5, 0.5, 0.5, 0.5, 0.5]",0.25204,True,0.00581,stop
completion:Pc434b1c8d803:fable:withheld,completion,fable,Pc434b1c8d803,,withheld,,H,fair,completed,True,ok,True,False,"[0.5, 0.5, 0.5, 0.5, 0.5, 0.5, 0.5, 0.5, 0.5, 0.5]",0.25,True,0.00578,stop
completion:Pb017ce1672ef:mimo:withheld,completion,mimo,Pb017ce1672ef,,withheld,,H,plain,completed,True,ok,True,False,"[0.5, 0.5, 0.5, 0.5, 0.5, 0.5, 0.5, 0.5, 0.5, 0.5]",0.25,True,0.00013572,stop
completion:Pcf8e49786697:fable:known,completion,fable,Pcf8e49786697,,known,,H,plain,completed,True,ok,True,False,"[0.5, 0.5, 0.5, 0.5, 0.5, 0.5, 0.5, 0.5, 0.5, 0.5]",0.25,True,0.00578,stop
completion:Pc0fd2996d5e3:fable:withheld,completion,fable,Pc0fd2996d5e3,,withheld,,H,fair,completed,True,ok,True,False,"[0.5, 0.5, 0.5, 0.5, 0.5, 0.5, 0.5, 0.5, 0.5, 0.5]",0.25,True,0.00578,stop
completion:P39595f3e98ab:mimo:known,completion,mimo,P39595f3e98ab,,known,,H,fair,completed,True,ok,True,False,"[0.5, 0.5, 0.5, 0.5, 0.5, 0.5, 0.5, 0.5, 0.5, 0.5]",0.25,True,8.18058e-05,stop
completion:Pf340370ed9c4:fable:withheld,completion,fable,Pf340370ed9c4,,withheld,,H,plain,completed,True,ok,True,False,"[0.5, 0.5, 0.5, 0.5, 0.5, 0.5, 0.5, 0.5, 0.5, 0.5]",0.25,True,0.00576,stop
completion:P087b9bc9c757:astra:known,completion,astra,P087b9bc9c757,,known,,H,fair,completed,True,ok,True,False,"[0.5, 0.5, 0.5, 0.5, 0.5, 0.5, 0.5, 0.5, 0.5, 0.5]",0.25,True,0.00468,stop
completion:P6508b3b0ad8d:astra:withheld,completion,astra,P6508b3b0ad8d,,withheld,,H,fair,completed,True,ok,True,False,"[0.5, 0.5, 0.5, 0.5, 0.5, 0.5, 0.5, 0.5, 0.5, 0.5]",0.25,True,0.00465,stop
completion:P1b14967de0e4:mimo:withheld,completion,mimo,P1b14967de0e4,,withheld,,H,plain,completed,True,ok,True,False,"[0.5, 0.5, 0.5, 0.5, 0.5, 0.5, 0.5, 0.5, 0.5, 0.5]",0.25,True,0.00013572,stop
completion:P6206e64a1a46:mimo:known,completion,mimo,P6206e64a1a46,,known,,H,fair,completed,True,ok,True,False,"[0.5, 0.5, 0.5, 0.5, 0.5, 0.5, 0.5, 0.5, 0.5, 0.5]",0.25,True,0.000137025,stop
completion:Pbeed48b9831a:mimo:known,completion,mimo,Pbeed48b9831a,,known,,H,fair,completed,True,ok,True,False,"[0.5, 0.5, 0.5, 0.5, 0.5, 0.5, 0.5, 0.5, 0.5, 0.5]",0.25,True,0.00013659,stop
completion:P9f41bf196202:fable:known,completion,fable,P9f41bf196202,,known,,H,plain,completed,True,ok,True,False,"[0.5, 0.5, 0.5, 0.5, 0.5, 0.5, 0.5, 0.5, 0.5, 0.5]",0.25,True,0.00577,stop
completion:Pdf2b3d9b2d24:fable:withheld,completion,fable,Pdf2b3d9b2d24,,withheld,,H,fair,completed,True,ok,True,False,"[0.5, 0.5, 0.5, 0.5, 0.5, 0.5, 0.5, 0.5, 0.5, 0.5]",0.25,True,0.00578,stop
completion:Pa10056f1a764:mimo:withheld,completion,mimo,Pa10056f1a764,,withheld,,H,plain,completed,True,ok,True,False,"[0.5, 0.5, 0.5, 0.5, 0.5, 0.5, 0.5, 0.5, 0.5, 0.5]",0.25,True,0.00013572,stop
completion:Pf3d993a7ee4c:astra:known,completion,astra,Pf3d993a7ee4c,,known,,H,fair,completed,True,ok,True,False,"[0.5, 0.5, 0.5, 0.5, 0.5, 0.5, 0.5, 0.5, 0.5, 0.5]",0.25,True,0.00469,stop
completion:P34df0d0e02ef:mimo:withheld,completion,mimo,P34df0d0e02ef,,withheld,,H,fair,completed,True,ok,True,False,"[0.5, 0.5, 0.5, 0.5, 0.5, 0.5, 0.5, 0.5, 0.5, 0.5]",0.25,True,0.000136155,stop
completion:P11648d6ae270:astra:withheld,completion,astra,P11648d6ae270,,withheld,,H,plain,completed,True,ok,True,False,"[0.5, 0.5, 0.5, 0.5, 0.5, 0.5, 0.5, 0.5, 0.5, 0.5]",0.25,True,0.00584,stop
completion:Pce14028dab81:mimo:known,completion,mimo,Pce14028dab81,,known,,H,fair,completed,True,ok,True,False,"[0.5, 0.5, 0.5, 0.5, 0.5, 0.5, 0.5, 0.5, 0.5, 0.5]",0.25,True,0.000137025,stop
completion:P7e2d234eb35f:fable:known,completion,fable,P7e2d234eb35f,,known,,H,fair,completed,True,ok,True,False,"[0.52, 0.5, 0.5, 0.52, 0.5, 0.5, 0.52, 0.5, 0.5, 0.5]",0.25212,True,0.00578,stop
completion:P6da7736ec049:astra:withheld,completion,astra,P6da7736ec049,,withheld,,H,fair,completed,True,ok,True,False,"[0.5, 0.5, 0.5, 0.5, 0.5, 0.5, 0.5, 0.5, 0.5, 0.5]",0.25,True,0.00466,stop
completion:P9a81728eb902:mimo:withheld,completion,mimo,P9a81728eb902,,withheld,,H,plain,completed,True,ok,True,False,"[0.5, 0.5, 0.5, 0.5, 0.5, 0.5, 0.5, 0.5, 0.5, 0.5]",0.25,True,0.000135285,stop
completion:P80afc9796590:fable:known,completion,fable,P80afc9796590,,known,,H,fair,completed,True,ok,True,False,"[0.52, 0.5, 0.5, 0.52, 0.48, 0.5, 0.52, 0.5, 0.5, 0.5]",0.24616,True,0.0058,stop
completion:P37dcdba54f8a:fable:withheld,completion,fable,P37dcdba54f8a,,withheld,,H,plain,completed,True,ok,True,False,"[0.5, 0.5, 0.5, 0.5, 0.5, 0.5, 0.5, 0.5, 0.5, 0.5]",0.25,True,0.00576,stop
completion:Pf4b50baaac55:mimo:withheld,completion,mimo,Pf4b50baaac55,,withheld,,H,plain,completed,True,ok,True,False,"[0.5, 0.5, 0.5, 0.5, 0.5, 0.5, 0.5, 0.5, 0.5, 0.5]",0.25,True,0.000135285,stop
completion:P483ac6ab3bf0:astra:withheld,completion,astra,P483ac6ab3bf0,,withheld,,H,fair,completed,True,ok,True,False,"[0.5, 0.5, 0.5, 0.5, 0.5, 0.5, 0.5, 0.5, 0.5, 0.5]",0.25,True,0.00465,stop
completion:P9623d498f378:mimo:known,completion,mimo,P9623d498f378,,known,,H,plain,completed,True,ok,True,False,"[0.5, 0.5, 0.5, 0.5, 0.5, 0.5, 0.5, 0.5, 0.5, 0.5]",0.25,True,0.000137025,stop
completion:P5e7d1c65c23a:fable:withheld,completion,fable,P5e7d1c65c23a,,withheld,,H,fair,completed,True,ok,False,True,"[0.82, 0.18, 0.8, 0.2, 0.78, 0.22, 0.76, 0.24, 0.75, 0.25]",0.04818,True,0.01063,stop
completion:Peec48f90044c:astra:known,completion,astra,Peec48f90044c,,known,,H,plain,completed,True,ok,True,False,"[0.5, 0.5, 0.5, 0.5, 0.5, 0.5, 0.5, 0.5, 0.5, 0.5]",0.25,True,0.00553,stop
completion:P80afc9796590:mimo:known,completion,mimo,P80afc9796590,,known,,H,fair,completed,True,ok,True,False,"[0.5, 0.5, 0.5, 0.5, 0.5, 0.5, 0.5, 0.5, 0.5, 0.5]",0.25,True,0.00013746,stop
completion:P8ca0d4cc96b1:astra:withheld,completion,astra,P8ca0d4cc96b1,,withheld,,H,plain,completed,True,ok,True,False,"[0.5, 0.5, 0.5, 0.5, 0.5, 0.5, 0.5, 0.5, 0.5, 0.5]",0.25,True,0.00465,stop
completion:Pb0b81d142610:fable:known,completion,fable,Pb0b81d142610,,known,,H,plain,completed,True,ok,True,False,"[0.5, 0.5, 0.5, 0.5, 0.5, 0.5, 0.5, 0.5, 0.5, 0.5]",0.25,True,0.00581,stop
completion:Pf6a25a3d68ec:fable:withheld,completion,fable,Pf6a25a3d68ec,,withheld,,H,plain,completed,True,ok,True,False,"[0.5, 0.5, 0.5, 0.5, 0.5, 0.5, 0.5, 0.5, 0.5, 0.5]",0.25,True,0.00576,stop
completion:Pb079280de9bf:fable:withheld,completion,fable,Pb079280de9bf,,withheld,,H,plain,completed,True,ok,True,False,"[0.52, 0.5, 0.5, 0.52, 0.5, 0.5, 0.52, 0.5, 0.5, 0.52]",0.25816,True,0.00576,stop
completion:Pce14028dab81:fable:known,completion,fable,Pce14028dab81,,known,,H,fair,completed,True,ok,True,False,"[0.52, 0.5, 0.5, 0.52, 0.5, 0.5, 0.52, 0.5, 0.5, 0.5]",0.25212,True,0.0058,stop
completion:Pf55cf6e8ccb0:fable:withheld,completion,fable,Pf55cf6e8ccb0,,withheld,,H,plain,completed,False,ambiguous_or_missing_payload,False,False,,,True,0.00936,stop
completion:Pb728176c80b0:astra:known,completion,astra,Pb728176c80b0,,known,,H,plain,completed,True,ok,True,False,"[0.5, 0.5, 0.5, 0.5, 0.5, 0.5, 0.5, 0.5, 0.5, 0.5]",0.25,True,0.00544,stop
completion:Pa6fe7cd0add6:fable:known,completion,fable,Pa6fe7cd0add6,,known,,H,plain,completed,True,ok,True,False,"[0.5, 0.5, 0.5, 0.5, 0.5, 0.5, 0.5, 0.5, 0.5, 0.5]",0.25,True,0.00581,stop
completion:P11648d6ae270:fable:withheld,completion,fable,P11648d6ae270,,withheld,,H,plain,completed,True,ok,True,False,"[0.5, 0.5, 0.5, 0.5, 0.5, 0.5, 0.5, 0.5, 0.5, 0.5]",0.25,True,0.00576,stop
completion:P31c371139df3:fable:known,completion,fable,P31c371139df3,,known,,H,plain,completed,True,ok,True,False,"[0.5, 0.5, 0.5, 0.5, 0.5, 0.5, 0.5, 0.5, 0.5, 0.5]",0.25,True,0.00576,stop
completion:P6508b3b0ad8d:fable:withheld,completion,fable,P6508b3b0ad8d,,withheld,,H,fair,completed,True,ok,True,False,"[0.52, 0.5, 0.5, 0.52, 0.5, 0.5, 0.5, 0.5, 0.5, 0.5]",0.24608,True,0.00578,stop
completion:Pf1ad18af4dc4:mimo:known,completion,mimo,Pf1ad18af4dc4,,known,,H,fair,completed,True,ok,True,False,"[0.5, 0.5, 0.5, 0.5, 0.5, 0.5, 0.5, 0.5, 0.5, 0.5]",0.25,True,0.00013659,stop
completion:P912e764d7a17:fable:known,completion,fable,P912e764d7a17,,known,,H,plain,completed,True,ok,True,False,"[0.5, 0.5, 0.5, 0.5, 0.5, 0.5, 0.5, 0.5, 0.5, 0.5]",0.25,True,0.00578,stop
completion:Pf1091159de0d:mimo:known,completion,mimo,Pf1091159de0d,,known,,H,fair,completed,True,ok,True,False,"[0.5, 0.5, 0.5, 0.5, 0.5, 0.5, 0.5, 0.5, 0.5, 0.5]",0.25,True,0.00013659,stop
completion:P44c3132dd9c8:mimo:known,completion,mimo,P44c3132dd9c8,,known,,H,fair,completed,True,ok,True,False,"[0.5, 0.5, 0.5, 0.5, 0.5, 0.5, 0.5, 0.5, 0.5, 0.5]",0.25,True,0.000137025,stop
completion:P6da7736ec049:fable:withheld,completion,fable,P6da7736ec049,,withheld,,H,fair,completed,True,ok,True,False,"[0.5, 0.5, 0.5, 0.5, 0.5, 0.5, 0.5, 0.5, 0.5, 0.5]",0.25,True,0.00578,stop
completion:Pafa058d985f3:astra:withheld,completion,astra,Pafa058d985f3,,withheld,,H,fair,completed,True,ok,True,False,"[0.5, 0.5, 0.5, 0.5, 0.5, 0.5, 0.5, 0.5, 0.5, 0.5]",0.25,True,0.00466,stop
completion:P2b92865fe28a:mimo:withheld,completion,mimo,P2b92865fe28a,,withheld,,H,plain,completed,True,ok,True,False,"[0.5, 0.5, 0.5, 0.5, 0.5, 0.5, 0.5, 0.5, 0.5, 0.5]",0.25,True,0.00013572,stop
completion:Pbeed48b9831a:fable:known,completion,fable,Pbeed48b9831a,,known,,H,fair,completed,True,ok,True,False,"[0.5, 0.5, 0.5, 0.5, 0.5, 0.5, 0.5, 0.5, 0.5, 0.5]",0.25,True,0.00579,stop
completion:Pd9f29d3be7f9:fable:known,completion,fable,Pd9f29d3be7f9,,known,,H,plain,completed,True,ok,True,False,"[0.5, 0.5, 0.5, 0.5, 0.5, 0.5, 0.5, 0.5, 0.5, 0.5]",0.25,True,0.00581,stop
completion:P39595f3e98ab:fable:known,completion,fable,P39595f3e98ab,,known,,H,fair,completed,True,ok,True,False,"[0.52, 0.5, 0.5, 0.48, 0.52, 0.5, 0.5, 0.5, 0.48, 0.5]",0.25016,True,0.0058,stop
completion:P44c3132dd9c8:astra:known,completion,astra,P44c3132dd9c8,,known,,H,fair,completed,True,ok,True,False,"[0.5, 0.5, 0.5, 0.5, 0.5, 0.5, 0.5, 0.5, 0.5, 0.5]",0.25,True,0.00468,stop
completion:P9333131fafea:mimo:known,completion,mimo,P9333131fafea,,known,,H,fair,completed,True,ok,True,False,"[0.5, 0.5, 0.5, 0.5, 0.5, 0.5, 0.5, 0.5, 0.5, 0.5]",0.25,True,0.000137025,stop
completion:P56f4dfbe28d3:mimo:known,completion,mimo,P56f4dfbe28d3,,known,,H,plain,completed,True,ok,True,False,"[0.5, 0.5, 0.5, 0.5, 0.5, 0.5, 0.5, 0.5, 0.5, 0.5]",0.25,True,0.000137025,stop
completion:P677417766022:astra:withheld,completion,astra,P677417766022,,withheld,,H,plain,completed,True,ok,True,False,"[0.5, 0.5, 0.5, 0.5, 0.5, 0.5, 0.5, 0.5, 0.5, 0.5]",0.25,True,0.00465,stop
completion:P2601a4c91e0e:astra:withheld,completion,astra,P2601a4c91e0e,,withheld,,H,plain,completed,True,ok,True,False,"[0.5, 0.5, 0.5, 0.5, 0.5, 0.5, 0.5, 0.5, 0.5, 0.5]",0.25,True,0.0056,stop
completion:Pd25809680f86:mimo:withheld,completion,mimo,Pd25809680f86,,withheld,,H,fair,completed,True,ok,True,False,"[0.5, 0.5, 0.5, 0.5, 0.5, 0.5, 0.5, 0.5, 0.5, 0.5]",0.25,True,0.00013572,stop
completion:Pb017ce1672ef:fable:withheld,completion,fable,Pb017ce1672ef,,withheld,,H,plain,completed,True,ok,True,False,"[0.5, 0.5, 0.5, 0.5, 0.5, 0.5, 0.5, 0.5, 0.5, 0.5]",0.25,True,0.00576,stop
completion:P6da7736ec049:mimo:withheld,completion,mimo,P6da7736ec049,,withheld,,H,fair,completed,True,ok,True,False,"[0.5, 0.5, 0.5, 0.5, 0.5, 0.5, 0.5, 0.5, 0.5, 0.5]",0.25,True,0.000136155,stop
completion:Pb30f63c422d5:astra:known,completion,astra,Pb30f63c422d5,,known,,H,plain,completed,True,ok,True,False,"[0.5, 0.5, 0.5, 0.5, 0.5, 0.5, 0.5, 0.5, 0.5, 0.5]",0.25,True,0.00553,stop
completion:P158904262452:mimo:known,completion,mimo,P158904262452,,known,,H,fair,completed,True,ok,True,False,"[0.5, 0.5, 0.5, 0.5, 0.5, 0.5, 0.5, 0.5, 0.5, 0.5]",0.25,True,8.18058e-05,stop
completion:P6db6b290c9f7:fable:known,completion,fable,P6db6b290c9f7,,known,,H,fair,completed,True,ok,True,False,"[0.5, 0.5, 0.5, 0.5, 0.5, 0.5, 0.5, 0.5, 0.5, 0.5]",0.25,True,0.00582,stop
completion:P311165b56986:mimo:withheld,completion,mimo,P311165b56986,,withheld,,H,fair,completed,True,ok,True,False,"[0.5, 0.5, 0.5, 0.5, 0.5, 0.5, 0.5, 0.5, 0.5, 0.5]",0.25,True,0.00013572,stop
completion:Pa56b8b5bd462:astra:withheld,completion,astra,Pa56b8b5bd462,,withheld,,H,fair,completed,True,ok,True,False,"[0.5, 0.5, 0.5, 0.5, 0.5, 0.5, 0.5, 0.5, 0.5, 0.5]",0.25,True,0.00466,stop
completion:P677417766022:fable:withheld,completion,fable,P677417766022,,withheld,,H,plain,completed,True,ok,True,False,"[0.5, 0.5, 0.5, 0.5, 0.5, 0.5, 0.5, 0.5, 0.5, 0.5]",0.25,True,0.00576,stop
completion:P9aa5b2d197cd:fable:known,completion,fable,P9aa5b2d197cd,,known,,H,fair,completed,True,ok,True,False,"[0.5, 0.5, 0.5, 0.5, 0.5, 0.5, 0.5, 0.5, 0.5, 0.5]",0.25,True,0.0058,stop
completion:Pf1ad18af4dc4:astra:known,completion,astra,Pf1ad18af4dc4,,known,,H,fair,completed,True,ok,True,False,"[0.5, 0.5, 0.5, 0.5, 0.5, 0.5, 0.5, 0.5, 0.5, 0.5]",0.25,True,0.00465,stop
completion:P6206e64a1a46:astra:known,completion,astra,P6206e64a1a46,,known,,H,fair,completed,True,ok,True,False,"[0.5, 0.5, 0.5, 0.5, 0.5, 0.5, 0.5, 0.5, 0.5, 0.5]",0.25,True,0.00568,stop
completion:Pb079280de9bf:astra:withheld,completion,astra,Pb079280de9bf,,withheld,,H,plain,completed,True,ok,True,False,"[0.5, 0.5, 0.5, 0.5, 0.5, 0.5, 0.5, 0.5, 0.5, 0.5]",0.25,True,0.00565,stop
completion:Pa56b8b5bd462:mimo:withheld,completion,mimo,Pa56b8b5bd462,,withheld,,H,fair,completed,True,ok,True,False,"[0.5, 0.5, 0.5, 0.5, 0.5, 0.5, 0.5, 0.5, 0.5, 0.5]",0.25,True,0.000136155,stop
completion:Pb81766b1c156:mimo:known,completion,mimo,Pb81766b1c156,,known,,H,plain,completed,True,ok,True,False,"[0.5, 0.5, 0.5, 0.5, 0.5, 0.5, 0.5, 0.5, 0.5, 0.5]",0.25,True,0.00013659,stop
completion:P01d7f0a3d5af:mimo:known,completion,mimo,P01d7f0a3d5af,,known,,H,plain,completed,True,ok,True,False,"[0.5, 0.5, 0.5, 0.5, 0.5, 0.5, 0.5, 0.5, 0.5, 0.5]",0.25,True,0.000137025,stop
completion:Pcdc1f778b578:fable:withheld,completion,fable,Pcdc1f778b578,,withheld,,H,fair,completed,True,ok,True,False,"[0.5, 0.5, 0.5, 0.5, 0.5, 0.5, 0.5, 0.5, 0.5, 0.5]",0.25,True,0.00578,stop
completion:Pa8923f849519:mimo:withheld,completion,mimo,Pa8923f849519,,withheld,,H,fair,completed,True,ok,True,False,"[0.5, 0.5, 0.5, 0.5, 0.5, 0.5, 0.5, 0.5, 0.5, 0.5]",0.25,True,0.000136155,stop
completion:P9bc7c6621612:mimo:known,completion,mimo,P9bc7c6621612,,known,,H,plain,completed,True,ok,True,False,"[0.5, 0.5, 0.5, 0.5, 0.5, 0.5, 0.5, 0.5, 0.5, 0.5]",0.25,True,8.18058e-05,stop
completion:P48b6ce201a09:astra:withheld,completion,astra,P48b6ce201a09,,withheld,,H,plain,completed,True,ok,True,False,"[0.5, 0.5, 0.5, 0.5, 0.5, 0.5, 0.5, 0.5, 0.5, 0.5]",0.25,True,0.00464,stop
completion:Pd9f29d3be7f9:mimo:known,completion,mimo,Pd9f29d3be7f9,,known,,H,plain,completed,True,ok,True,False,"[0.5, 0.5, 0.5, 0.5, 0.5, 0.5, 0.5, 0.5, 0.5, 0.5]",0.25,True,0.000137025,stop
completion:P4355c1f030d6:mimo:withheld,completion,mimo,P4355c1f030d6,,withheld,,H,fair,completed,True,ok,True,False,"[0.5, 0.5, 0.5, 0.5, 0.5, 0.5, 0.5, 0.5, 0.5, 0.5]",0.25,True,0.00013572,stop
completion:Paa1a9013b1ec:astra:withheld,completion,astra,Paa1a9013b1ec,,withheld,,H,fair,completed,True,ok,True,False,"[0.5, 0.5, 0.5, 0.5, 0.5, 0.5, 0.5, 0.5, 0.5, 0.5]",0.25,True,0.00611,stop
completion:P9aa5b2d197cd:mimo:known,completion,mimo,P9aa5b2d197cd,,known,,H,fair,completed,True,ok,True,False,"[0.5, 0.5, 0.5, 0.5, 0.5, 0.5, 0.5, 0.5, 0.5, 0.5]",0.25,True,0.00013746,stop
completion:P9333131fafea:astra:known,completion,astra,P9333131fafea,,known,,H,fair,completed,True,ok,True,False,"[0.5, 0.5, 0.5, 0.5, 0.5, 0.5, 0.5, 0.5, 0.5, 0.5]",0.25,True,0.00466,stop
completion:Pde0906d9007c:fable:known,completion,fable,Pde0906d9007c,,known,,H,plain,completed,True,ok,True,False,"[0.5, 0.5, 0.5, 0.5, 0.5, 0.5, 0.5, 0.5, 0.5, 0.5]",0.25,True,0.00577,stop
completion:P2bc62689bf73:fable:withheld,completion,fable,P2bc62689bf73,,withheld,,H,fair,completed,True,ok,True,False,"[0.52, 0.5, 0.5, 0.5, 0.5, 0.5, 0.5, 0.5, 0.5, 0.5]",0.25204,True,0.00577,stop
completion:Pefa8f3467812:astra:withheld,completion,astra,Pefa8f3467812,,withheld,,H,fair,completed,True,ok,True,False,"[0.5, 0.5, 0.5, 0.5, 0.5, 0.5, 0.5, 0.5, 0.5, 0.5]",0.25,True,0.00465,stop
completion:Pb0b81d142610:astra:known,completion,astra,Pb0b81d142610,,known,,H,plain,completed,True,ok,True,False,"[0.5, 0.5, 0.5, 0.5, 0.5, 0.5, 0.5, 0.5, 0.5, 0.5]",0.25,True,0.00623,stop
completion:P4c4008541209:fable:withheld,completion,fable,P4c4008541209,,withheld,,H,plain,completed,True,ok,True,False,"[0.52, 0.5, 0.5, 0.51, 0.5, 0.52, 0.5, 0.51, 0.5, 0.5]",0.2541,True,0.00576,stop
completion:P9bb52487a24b:astra:withheld,completion,astra,P9bb52487a24b,,withheld,,H,fair,completed,True,ok,True,False,"[0.5, 0.5, 0.5, 0.5, 0.5, 0.5, 0.5, 0.5, 0.5, 0.5]",0.25,True,0.00466,stop
completion:Pbd9a30ecefb0:astra:withheld,completion,astra,Pbd9a30ecefb0,,withheld,,H,fair,completed,True,ok,True,False,"[0.5, 0.5, 0.5, 0.5, 0.5, 0.5, 0.5, 0.5, 0.5, 0.5]",0.25,True,0.00466,stop
completion:P82c20dad2b44:fable:withheld,completion,fable,P82c20dad2b44,,withheld,,H,plain,completed,True,ok,True,False,"[0.52, 0.5, 0.5, 0.5, 0.5, 0.48, 0.5, 0.5, 0.5, 0.5]",0.25007999999999997,True,0.00576,stop
completion:P9952e845d04d:mimo:known,completion,mimo,P9952e845d04d,,known,,H,fair,completed,True,ok,True,False,"[0.5, 0.5, 0.5, 0.5, 0.5, 0.5, 0.5, 0.5, 0.5, 0.5]",0.25,True,0.00013746,stop
completion:Pac1e59009057:astra:withheld,completion,astra,Pac1e59009057,,withheld,,H,plain,completed,True,ok,True,False,"[0.5, 0.5, 0.5, 0.5, 0.5, 0.5, 0.5, 0.5, 0.5, 0.5]",0.25,True,0.00465,stop
completion:Pd1d27b041b66:mimo:known,completion,mimo,Pd1d27b041b66,,known,,H,plain,completed,True,ok,True,False,"[0.5, 0.5, 0.5, 0.5, 0.5, 0.5, 0.5, 0.5, 0.5, 0.5]",0.25,True,8.09358e-05,stop
completion:P339318dfb86f:astra:withheld,completion,astra,P339318dfb86f,,withheld,,H,plain,completed,True,ok,True,False,"[0.5, 0.5, 0.5, 0.5, 0.5, 0.5, 0.5, 0.5, 0.5, 0.5]",0.25,True,0.00564,stop
completion:Pabd1e6d7f795:mimo:withheld,completion,mimo,Pabd1e6d7f795,,withheld,,H,fair,completed,True,ok,True,False,"[0.5, 0.5, 0.5, 0.5, 0.5, 0.5, 0.5, 0.5, 0.5, 0.5]",0.25,True,8.05008e-05,stop
completion:P158904262452:astra:known,completion,astra,P158904262452,,known,,H,fair,completed,True,ok,True,False,"[0.5, 0.5, 0.5, 0.5, 0.5, 0.5, 0.5, 0.5, 0.5, 0.5]",0.25,True,0.00468,stop
completion:Pc8c003cfff1f:mimo:known,completion,mimo,Pc8c003cfff1f,,known,,H,plain,completed,True,ok,True,False,"[0.5, 0.5, 0.5, 0.5, 0.5, 0.5, 0.5, 0.5, 0.5, 0.5]",0.25,True,0.00013659,stop
completion:Pa8923f849519:astra:withheld,completion,astra,Pa8923f849519,,withheld,,H,fair,completed,True,ok,True,False,"[0.5, 0.5, 0.5, 0.5, 0.5, 0.5, 0.5, 0.5, 0.5, 0.5]",0.25,True,0.00466,stop
completion:Pa6fe7cd0add6:astra:known,completion,astra,Pa6fe7cd0add6,,known,,H,plain,completed,True,ok,True,False,"[0.5, 0.5, 0.5, 0.5, 0.5, 0.5, 0.5, 0.5, 0.5, 0.5]",0.25,True,0.00598,stop
completion:Pe19f1b60ae5e:mimo:withheld,completion,mimo,Pe19f1b60ae5e,,withheld,,H,plain,completed,True,ok,True,False,"[0.5, 0.5, 0.5, 0.5, 0.5, 0.5, 0.5, 0.5, 0.5, 0.5]",0.25,True,0.00013572,stop
completion:P08efdd7d726e:astra:known,completion,astra,P08efdd7d726e,,known,,H,fair,completed,True,ok,True,False,"[0.5, 0.5, 0.5, 0.5, 0.5, 0.5, 0.5, 0.5, 0.5, 0.5]",0.25,True,0.00465,stop
completion:Pf2e94fd041d7:mimo:withheld,completion,mimo,Pf2e94fd041d7,,withheld,,H,fair,completed,True,ok,True,False,"[0.5, 0.5, 0.5, 0.5, 0.5, 0.5, 0.5, 0.5, 0.5, 0.5]",0.25,True,0.00013572,stop
completion:P39595f3e98ab:astra:known,completion,astra,P39595f3e98ab,,known,,H,fair,completed,True,ok,True,False,"[0.5, 0.5, 0.5, 0.5, 0.5, 0.5, 0.5, 0.5, 0.5, 0.5]",0.25,True,0.00468,stop
completion:Pd1003400bc2f:fable:known,completion,fable,Pd1003400bc2f,,known,,H,plain,completed,True,ok,True,False,"[0.5, 0.5, 0.5, 0.5, 0.5, 0.5, 0.5, 0.5, 0.5, 0.5]",0.25,True,0.00578,stop
completion:P6e7386996121:astra:known,completion,astra,P6e7386996121,,known,,H,fair,completed,True,ok,True,False,"[0.5, 0.5, 0.5, 0.5, 0.5, 0.5, 0.5, 0.5, 0.5, 0.5]",0.25,True,0.00465,stop
completion:Pac1e59009057:fable:withheld,completion,fable,Pac1e59009057,,withheld,,H,plain,completed,True,ok,True,False,"[0.5, 0.5, 0.5, 0.5, 0.5, 0.5, 0.5, 0.5, 0.5, 0.5]",0.25,True,0.00576,stop
completion:Pcdc1f778b578:astra:withheld,completion,astra,Pcdc1f778b578,,withheld,,H,fair,completed,True,ok,True,False,"[0.5, 0.5, 0.5, 0.5, 0.5, 0.5, 0.5, 0.5, 0.5, 0.5]",0.25,True,0.00467,stop
completion:P085b274e4e18:fable:known,completion,fable,P085b274e4e18,,known,,H,plain,completed,True,ok,True,False,"[0.52, 0.5, 0.5, 0.51, 0.5, 0.5, 0.5, 0.5, 0.5, 0.5]",0.24705,True,0.00578,stop
completion:Pf70272b70c32:fable:known,completion,fable,Pf70272b70c32,,known,,H,fair,completed,True,ok,True,False,"[0.5, 0.5, 0.5, 0.5, 0.5, 0.5, 0.5, 0.5, 0.5, 0.5]",0.25,True,0.00579,stop
completion:P483ac6ab3bf0:mimo:withheld,completion,mimo,P483ac6ab3bf0,,withheld,,H,fair,completed,True,ok,True,False,"[0.5, 0.5, 0.5, 0.5, 0.5, 0.5, 0.5, 0.5, 0.5, 0.5]",0.25,True,8.05008e-05,stop
completion:P01d7f0a3d5af:fable:known,completion,fable,P01d7f0a3d5af,,known,,H,plain,completed,True,ok,True,False,"[0.5, 0.5, 0.5, 0.5, 0.5, 0.5, 0.5, 0.5, 0.5, 0.5]",0.25,True,0.00581,stop
completion:P8ca0d4cc96b1:fable:withheld,completion,fable,P8ca0d4cc96b1,,withheld,,H,plain,completed,True,ok,True,False,"[0.5, 0.5, 0.5, 0.5, 0.5, 0.5, 0.5, 0.5, 0.5, 0.5]",0.25,True,0.00576,stop
completion:P633cce82bfa2:fable:known,completion,fable,P633cce82bfa2,,known,,H,fair,completed,True,ok,True,False,"[0.5, 0.5, 0.5, 0.5, 0.5, 0.5, 0.5, 0.5, 0.5, 0.5]",0.25,True,0.00579,stop
completion:P087b9bc9c757:mimo:known,completion,mimo,P087b9bc9c757,,known,,H,fair,completed,True,ok,True,False,"[0.5, 0.5, 0.5, 0.5, 0.5, 0.5, 0.5, 0.5, 0.5, 0.5]",0.25,True,0.000137025,stop
completion:P871d26c0d44a:fable:withheld,completion,fable,P871d26c0d44a,,withheld,,H,plain,completed,True,ok,True,False,"[0.5, 0.5, 0.5, 0.5, 0.5, 0.5, 0.5, 0.5, 0.5, 0.5]",0.25,True,0.00576,stop
completion:Pb81766b1c156:fable:known,completion,fable,Pb81766b1c156,,known,,H,plain,completed,True,ok,True,False,"[0.55, 0.5, 0.5, 0.55, 0.5, 0.5, 0.5, 0.55, 0.5, 0.5]",0.24575,True,0.00578,stop
completion:P1fbe776671a1:mimo:known,completion,mimo,P1fbe776671a1,,known,,H,plain,completed,True,ok,True,False,"[0.5, 0.5, 0.5, 0.5, 0.5, 0.5, 0.5, 0.5, 0.5, 0.5]",0.25,True,0.00013659,stop
completion:P8ca0d4cc96b1:mimo:withheld,completion,mimo,P8ca0d4cc96b1,,withheld,,H,plain,completed,True,ok,True,False,"[0.5, 0.5, 0.5, 0.5, 0.5, 0.5, 0.5, 0.5, 0.5, 0.5]",0.25,True,0.00013572,stop
completion:Pc434b1c8d803:astra:withheld,completion,astra,Pc434b1c8d803,,withheld,,H,fair,completed,True,ok,True,False,"[0.5, 0.5, 0.5, 0.5, 0.5, 0.5, 0.5, 0.5, 0.5, 0.5]",0.25,True,0.00465,stop
completion:P932a30f0b2af:astra:withheld,completion,astra,P932a30f0b2af,,withheld,,H,plain,completed,True,ok,True,False,"[0.5, 0.5, 0.5, 0.5, 0.5, 0.5, 0.5, 0.5, 0.5, 0.5]",0.25,True,0.00464,stop
completion:P1b14967de0e4:fable:withheld,completion,fable,P1b14967de0e4,,withheld,,H,plain,completed,True,ok,True,False,"[0.52, 0.5, 0.5, 0.5, 0.5, 0.5, 0.5, 0.5, 0.5, 0.5]",0.25204,True,0.00576,stop
completion:Pbe2c91a32679:mimo:known,completion,mimo,Pbe2c91a32679,,known,,H,plain,completed,True,ok,True,False,"[0.5, 0.5, 0.5, 0.5, 0.5, 0.5, 0.5, 0.5, 0.5, 0.5]",0.25,True,0.00013659,stop
completion:Pee79f212bea4:astra:known,completion,astra,Pee79f212bea4,,known,,H,fair,completed,True,ok,True,False,"[0.5, 0.5, 0.5, 0.5, 0.5, 0.5, 0.5, 0.5, 0.5, 0.5]",0.25,True,0.00468,stop
completion:P82c20dad2b44:mimo:withheld,completion,mimo,P82c20dad2b44,,withheld,,H,plain,completed,True,ok,True,False,"[0.5, 0.5, 0.5, 0.5, 0.5, 0.5, 0.5, 0.5, 0.5, 0.5]",0.25,True,0.000135285,stop
completion:P482e641d1ec6:fable:known,completion,fable,P482e641d1ec6,,known,,H,plain,completed,True,ok,True,False,"[0.52, 0.5, 0.5, 0.51, 0.5, 0.5, 0.5, 0.51, 0.5, 0.5]",0.25206,True,0.00577,stop
completion:P154ffb63867c:astra:known,completion,astra,P154ffb63867c,,known,,H,plain,completed,True,ok,True,False,"[0.5, 0.5, 0.5, 0.5, 0.5, 0.5, 0.5, 0.5, 0.5, 0.5]",0.25,True,0.00577,stop
completion:P56f4dfbe28d3:astra:known,completion,astra,P56f4dfbe28d3,,known,,H,plain,completed,True,ok,True,False,"[0.5, 0.5, 0.5, 0.5, 0.5, 0.5, 0.5, 0.5, 0.5, 0.5]",0.25,True,0.00563,stop
completion:Pa10056f1a764:fable:withheld,completion,fable,Pa10056f1a764,,withheld,,H,plain,completed,True,ok,True,False,"[0.52, 0.5, 0.5, 0.5, 0.52, 0.5, 0.5, 0.5, 0.5, 0.5]",0.25007999999999997,True,0.00576,stop
completion:P114313b6e44d:fable:withheld,completion,fable,P114313b6e44d,,withheld,,H,fair,completed,True,ok,True,False,"[0.5, 0.5, 0.5, 0.5, 0.5, 0.5, 0.5, 0.5, 0.5, 0.5]",0.25,True,0.00578,stop
completion:P2601a4c91e0e:fable:withheld,completion,fable,P2601a4c91e0e,,withheld,,H,plain,completed,True,ok,True,False,"[0.5, 0.5, 0.5, 0.5, 0.5, 0.5, 0.5, 0.5, 0.5, 0.5]",0.25,True,0.00576,stop
completion:P35fe2e518f05:fable:known,completion,fable,P35fe2e518f05,,known,,H,fair,completed,True,ok,True,False,"[0.52, 0.5, 0.5, 0.52, 0.5, 0.5, 0.52, 0.5, 0.5, 0.5]",0.24411999999999998,True,0.00579,stop
completion:Pcdbf8dc970db:fable:withheld,completion,fable,Pcdbf8dc970db,,withheld,,H,plain,completed,True,ok,True,False,"[0.5, 0.5, 0.5, 0.5, 0.5, 0.5, 0.5, 0.5, 0.5, 0.5]",0.25,True,0.00576,stop
completion:Pf1ad18af4dc4:fable:known,completion,fable,Pf1ad18af4dc4,,known,,H,fair,completed,True,ok,True,False,"[0.5, 0.5, 0.5, 0.5, 0.5, 0.5, 0.5, 0.5, 0.5, 0.5]",0.25,True,0.00579,stop
completion:P9bcd6a4ebe2e:astra:known,completion,astra,P9bcd6a4ebe2e,,known,,H,fair,completed,True,ok,True,False,"[0.5, 0.5, 0.5, 0.5, 0.5, 0.5, 0.5, 0.5, 0.5, 0.5]",0.25,True,0.00468,stop
completion:P800e489acf12:fable:known,completion,fable,P800e489acf12,,known,,H,plain,completed,True,ok,True,False,"[0.5, 0.5, 0.5, 0.5, 0.5, 0.5, 0.5, 0.5, 0.5, 0.5]",0.25,True,0.00581,stop
completion:Pf91d12d82d7d:astra:known,completion,astra,Pf91d12d82d7d,,known,,H,fair,completed,True,ok,True,False,"[0.5, 0.5, 0.5, 0.5, 0.5, 0.5, 0.5, 0.5, 0.5, 0.5]",0.25,True,0.00466,stop
completion:P114313b6e44d:mimo:withheld,completion,mimo,P114313b6e44d,,withheld,,H,fair,completed,True,ok,True,False,"[0.5, 0.5, 0.5, 0.5, 0.5, 0.5, 0.5, 0.5, 0.5, 0.5]",0.25,True,0.000136155,stop
completion:P8a52e2dbb002:fable:withheld,completion,fable,P8a52e2dbb002,,withheld,,H,fair,completed,True,ok,True,False,"[0.5, 0.52, 0.5, 0.48, 0.5, 0.52, 0.5, 0.48, 0.5, 0.5]",0.24616,True,0.00578,stop
completion:P80afc9796590:astra:known,completion,astra,P80afc9796590,,known,,H,fair,completed,True,ok,True,False,"[0.5, 0.5, 0.5, 0.5, 0.5, 0.5, 0.5, 0.5, 0.5, 0.5]",0.25,True,0.00469,stop
completion:P2601a4c91e0e:mimo:withheld,completion,mimo,P2601a4c91e0e,,withheld,,H,plain,completed,True,ok,True,False,"[0.5, 0.5, 0.5, 0.5, 0.5, 0.5, 0.5, 0.5, 0.5, 0.5]",0.25,True,0.00013572,stop
completion:Pd1d27b041b66:fable:known,completion,fable,Pd1d27b041b66,,known,,H,plain,completed,True,ok,True,False,"[0.5, 0.5, 0.5, 0.5, 0.5, 0.5, 0.5, 0.5, 0.5, 0.5]",0.25,True,0.00577,stop
completion:Pcdbf8dc970db:mimo:withheld,completion,mimo,Pcdbf8dc970db,,withheld,,H,plain,completed,True,ok,True,False,"[0.5, 0.5, 0.5, 0.5, 0.5, 0.5, 0.5, 0.5, 0.5, 0.5]",0.25,True,0.00013572,stop
completion:P50b87a09560e:fable:withheld,completion,fable,P50b87a09560e,,withheld,,H,plain,completed,True,ok,True,False,"[0.5, 0.5, 0.5, 0.5, 0.5, 0.5, 0.5, 0.5, 0.5, 0.5]",0.25,True,0.00531,stop
completion:P200d4085da52:mimo:withheld,completion,mimo,P200d4085da52,,withheld,,H,plain,completed,True,ok,True,False,"[0.5, 0.5, 0.5, 0.5, 0.5, 0.5, 0.5, 0.5, 0.5, 0.5]",0.25,True,0.000135285,stop
completion:Pf91d12d82d7d:fable:known,completion,fable,Pf91d12d82d7d,,known,,H,fair,completed,True,ok,True,False,"[0.5, 0.5, 0.5, 0.5, 0.5, 0.5, 0.5, 0.5, 0.5, 0.5]",0.25,True,0.00579,stop
completion:Pdb930800115e:mimo:withheld,completion,mimo,Pdb930800115e,,withheld,,H,plain,completed,True,ok,True,False,"[0.5, 0.5, 0.5, 0.5, 0.5, 0.5, 0.5, 0.5, 0.5, 0.5]",0.25,True,0.00013572,stop
completion:P38d4da757e9b:astra:known,completion,astra,P38d4da757e9b,,known,,H,fair,completed,True,ok,True,False,"[0.5, 0.5, 0.5, 0.5, 0.5, 0.5, 0.5, 0.5, 0.5, 0.5]",0.25,True,0.00468,stop
completion:P339318dfb86f:mimo:withheld,completion,mimo,P339318dfb86f,,withheld,,H,plain,completed,True,ok,True,False,"[0.5, 0.5, 0.5, 0.5, 0.5, 0.5, 0.5, 0.5, 0.5, 0.5]",0.25,True,0.000135285,stop
completion:P482e641d1ec6:mimo:known,completion,mimo,P482e641d1ec6,,known,,H,plain,completed,True,ok,True,False,"[0.5, 0.5, 0.5, 0.5, 0.5, 0.5, 0.5, 0.5, 0.5, 0.5]",0.25,True,0.00013659,stop
completion:P80b013660f29:mimo:known,completion,mimo,P80b013660f29,,known,,H,plain,completed,True,ok,True,False,"[0.5, 0.5, 0.5, 0.5, 0.5, 0.5, 0.5, 0.5, 0.5, 0.5]",0.25,True,0.00013659,stop
completion:Pf414edc880f7:fable:known,completion,fable,Pf414edc880f7,,known,,H,plain,completed,True,ok,True,False,"[0.52, 0.5, 0.5, 0.51, 0.5, 0.5, 0.51, 0.5, 0.5, 0.5]",0.25406,True,0.00577,stop
completion:Pb017ce1672ef:astra:withheld,completion,astra,Pb017ce1672ef,,withheld,,H,plain,completed,True,ok,True,False,"[0.5, 0.5, 0.5, 0.5, 0.5, 0.5, 0.5, 0.5, 0.5, 0.5]",0.25,True,0.00465,stop
completion:P030bc4e6312a:astra:known,completion,astra,P030bc4e6312a,,known,,H,plain,completed,True,ok,True,False,"[0.5, 0.5, 0.5, 0.5, 0.5, 0.5, 0.5, 0.5, 0.5, 0.5]",0.25,True,0.00553,stop
completion:P339318dfb86f:fable:withheld,completion,fable,P339318dfb86f,,withheld,,H,plain,completed,True,ok,True,False,"[0.5, 0.5, 0.5, 0.5, 0.5, 0.5, 0.5, 0.5, 0.5, 0.5]",0.25,True,0.00576,stop
completion:Pbe2c91a32679:fable:known,completion,fable,Pbe2c91a32679,,known,,H,plain,completed,True,ok,True,False,"[0.5, 0.5, 0.5, 0.5, 0.5, 0.5, 0.5, 0.5, 0.5, 0.5]",0.25,True,0.00577,stop
completion:Pabd1e6d7f795:fable:withheld,completion,fable,Pabd1e6d7f795,,withheld,,H,fair,completed,True,ok,True,False,"[0.52, 0.5, 0.5, 0.52, 0.5, 0.5, 0.52, 0.5, 0.5, 0.5]",0.24411999999999998,True,0.00578,stop
completion:P114313b6e44d:astra:withheld,completion,astra,P114313b6e44d,,withheld,,H,fair,completed,True,ok,True,False,"[0.5, 0.5, 0.5, 0.5, 0.5, 0.5, 0.5, 0.5, 0.5, 0.5]",0.25,True,0.00466,stop
completion:P1461349dd16d:mimo:withheld,completion,mimo,P1461349dd16d,,withheld,,H,fair,completed,True,ok,True,False,"[0.5, 0.5, 0.5, 0.5, 0.5, 0.5, 0.5, 0.5, 0.5, 0.5]",0.25,True,0.000136155,stop
completion:P482e641d1ec6:astra:known,completion,astra,P482e641d1ec6,,known,,H,plain,completed,True,ok,True,False,"[0.5, 0.5, 0.5, 0.5, 0.5, 0.5, 0.5, 0.5, 0.5, 0.5]",0.25,True,0.00545,stop
completion:Pf912b277130e:astra:withheld,completion,astra,Pf912b277130e,,withheld,,H,plain,completed,True,ok,True,False,"[0.5, 0.5, 0.5, 0.5, 0.5, 0.5, 0.5, 0.5, 0.5, 0.5]",0.25,True,0.00464,stop
completion:Pbd9a30ecefb0:mimo:withheld,completion,mimo,Pbd9a30ecefb0,,withheld,,H,fair,completed,True,ok,True,False,"[0.5, 0.5, 0.5, 0.5, 0.5, 0.5, 0.5, 0.5, 0.5, 0.5]",0.25,True,0.000136155,stop
completion:P34df0d0e02ef:fable:withheld,completion,fable,P34df0d0e02ef,,withheld,,H,fair,completed,True,ok,True,False,"[0.5, 0.52, 0.48, 0.5, 0.52, 0.48, 0.5, 0.5, 0.52, 0.48]",0.25424,True,0.00578,stop
completion:P5ca0318e86f9:mimo:withheld,completion,mimo,P5ca0318e86f9,,withheld,,H,fair,completed,True,ok,True,False,"[0.5, 0.5, 0.5, 0.5, 0.5, 0.5, 0.5, 0.5, 0.5, 0.5]",0.25,True,8.05008e-05,stop
completion:P1fbe776671a1:fable:known,completion,fable,P1fbe776671a1,,known,,H,plain,completed,True,ok,True,False,"[0.5, 0.5, 0.5, 0.5, 0.5, 0.5, 0.5, 0.5, 0.5, 0.5]",0.25,True,0.00577,stop
completion:P82b888a78b63:mimo:known,completion,mimo,P82b888a78b63,,known,,H,plain,completed,True,ok,True,False,"[0.5, 0.5, 0.5, 0.5, 0.5, 0.5, 0.5, 0.5, 0.5, 0.5]",0.25,True,0.000137025,stop
completion:Pf2e94fd041d7:fable:withheld,completion,fable,Pf2e94fd041d7,,withheld,,H,fair,completed,True,ok,True,False,"[0.5, 0.5, 0.5, 0.5, 0.5, 0.5, 0.5, 0.5, 0.5, 0.5]",0.25,True,0.00578,stop
completion:Pa8923f849519:fable:withheld,completion,fable,Pa8923f849519,,withheld,,H,fair,completed,True,ok,True,False,"[0.5, 0.5, 0.5, 0.5, 0.5, 0.5, 0.5, 0.5, 0.5, 0.5]",0.25,True,0.00578,stop
completion:P1461349dd16d:astra:withheld,completion,astra,P1461349dd16d,,withheld,,H,fair,completed,True,ok,True,False,"[0.5, 0.5, 0.5, 0.5, 0.5, 0.5, 0.5, 0.5, 0.5, 0.5]",0.25,True,0.00466,stop
completion:Pa6fe7cd0add6:mimo:known,completion,mimo,Pa6fe7cd0add6,,known,,H,plain,completed,True,ok,True,False,"[0.5, 0.5, 0.5, 0.5, 0.5, 0.5, 0.5, 0.5, 0.5, 0.5]",0.25,True,0.000137025,stop
completion:P80b013660f29:fable:known,completion,fable,P80b013660f29,,known,,H,plain,completed,True,ok,True,False,"[0.52, 0.5, 0.51, 0.5, 0.52, 0.5, 0.51, 0.5, 0.51, 0.52]",0.25115,True,0.00578,stop
completion:P80b013660f29:astra:known,completion,astra,P80b013660f29,,known,,H,plain,completed,True,ok,True,False,"[0.5, 0.5, 0.5, 0.5, 0.5, 0.5, 0.5, 0.5, 0.5, 0.5]",0.25,True,0.00542,stop
completion:P311165b56986:fable:withheld,completion,fable,P311165b56986,,withheld,,H,fair,completed,True,ok,True,False,"[0.52, 0.47, 0.5, 0.48, 0.5, 0.49, 0.5, 0.49, 0.5, 0.48]",0.24923,True,0.00578,stop
completion:Pd9f29d3be7f9:astra:known,completion,astra,Pd9f29d3be7f9,,known,,H,plain,completed,True,ok,True,False,"[0.5, 0.5, 0.5, 0.5, 0.5, 0.5, 0.5, 0.5, 0.5, 0.5]",0.25,True,0.00568,stop
completion:P9a81728eb902:astra:withheld,completion,astra,P9a81728eb902,,withheld,,H,plain,completed,True,ok,True,False,"[0.5, 0.5, 0.5, 0.5, 0.5, 0.5, 0.5, 0.5, 0.5, 0.5]",0.25,True,0.00569,stop
completion:P987914eb2fe5:mimo:withheld,completion,mimo,P987914eb2fe5,,withheld,,H,plain,completed,True,ok,True,False,"[0.5, 0.5, 0.5, 0.5, 0.5, 0.5, 0.5, 0.5, 0.5, 0.5]",0.25,True,0.00013572,stop
completion:Peec48f90044c:mimo:known,completion,mimo,Peec48f90044c,,known,,H,plain,completed,True,ok,True,False,"[0.5, 0.5, 0.5, 0.5, 0.5, 0.5, 0.5, 0.5, 0.5, 0.5]",0.25,True,0.000137025,stop
completion:Pfb1fbd01a972:fable:withheld,completion,fable,Pfb1fbd01a972,,withheld,,H,plain,completed,True,ok,True,False,"[0.5, 0.52, 0.5, 0.48, 0.52, 0.5, 0.5, 0.52, 0.48, 0.5]",0.26020000000000004,True,0.00576,stop
completion:P6e7386996121:fable:known,completion,fable,P6e7386996121,,known,,H,fair,completed,True,ok,True,False,"[0.5, 0.5, 0.5, 0.5, 0.5, 0.5, 0.5, 0.5, 0.5, 0.5]",0.25,True,0.00579,stop
completion:P5adfe8899512:astra:known,completion,astra,P5adfe8899512,,known,,H,fair,completed,True,ok,True,False,"[0.5, 0.5, 0.5, 0.5, 0.5, 0.5, 0.5, 0.5, 0.5, 0.5]",0.25,True,0.00469,stop
completion:P35fe2e518f05:mimo:known,completion,mimo,P35fe2e518f05,,known,,H,fair,completed,True,ok,True,False,"[0.5, 0.5, 0.5, 0.5, 0.5, 0.5, 0.5, 0.5, 0.5, 0.5]",0.25,True,8.13708e-05,stop
completion:P932a30f0b2af:mimo:withheld,completion,mimo,P932a30f0b2af,,withheld,,H,plain,completed,True,ok,True,False,"[0.5, 0.5, 0.5, 0.5, 0.5, 0.5, 0.5, 0.5, 0.5, 0.5]",0.25,True,0.000135285,stop
completion:P6db6b290c9f7:astra:known,completion,astra,P6db6b290c9f7,,known,,H,fair,completed,True,ok,True,False,"[0.5, 0.5, 0.5, 0.5, 0.5, 0.5, 0.5, 0.5, 0.5, 0.5]",0.25,True,0.00584,stop
completion:P9bb52487a24b:mimo:withheld,completion,mimo,P9bb52487a24b,,withheld,,H,fair,completed,True,ok,True,False,"[0.5, 0.5, 0.5, 0.5, 0.5, 0.5, 0.5, 0.5, 0.5, 0.5]",0.25,True,0.000136155,stop
completion:Pe165b33556bf:mimo:withheld,completion,mimo,Pe165b33556bf,,withheld,,H,fair,completed,True,ok,True,False,"[0.5, 0.5, 0.5, 0.5, 0.5, 0.5, 0.5, 0.5, 0.5, 0.5]",0.25,True,8.05008e-05,stop
completion:Pf414edc880f7:astra:known,completion,astra,Pf414edc880f7,,known,,H,plain,completed,True,ok,True,False,"[0.5, 0.5, 0.5, 0.5, 0.5, 0.5, 0.5, 0.5, 0.5, 0.5]",0.25,True,0.00465,stop
completion:P6e7386996121:mimo:known,completion,mimo,P6e7386996121,,known,,H,fair,completed,True,ok,True,False,"[0.5, 0.5, 0.5, 0.5, 0.5, 0.5, 0.5, 0.5, 0.5, 0.5]",0.25,True,8.13708e-05,stop
completion:Pd1003400bc2f:mimo:known,completion,mimo,Pd1003400bc2f,,known,,H,plain,completed,True,ok,True,False,"[0.5, 0.5, 0.5, 0.5, 0.5, 0.5, 0.5, 0.5, 0.5, 0.5]",0.25,True,8.18058e-05,stop
completion:Pac1e59009057:mimo:withheld,completion,mimo,Pac1e59009057,,withheld,,H,plain,completed,True,ok,True,False,"[0.5, 0.5, 0.5, 0.5, 0.5, 0.5, 0.5, 0.5, 0.5, 0.5]",0.25,True,0.00013572,stop
completion:P030bc4e6312a:mimo:known,completion,mimo,P030bc4e6312a,,known,,H,plain,completed,True,ok,True,False,"[0.5, 0.5, 0.5, 0.5, 0.5, 0.5, 0.5, 0.5, 0.5, 0.5]",0.25,True,0.000137025,stop
completion:P5979a50c624a:mimo:known,completion,mimo,P5979a50c624a,,known,,H,plain,completed,True,ok,True,False,"[0.5, 0.5, 0.5, 0.5, 0.5, 0.5, 0.5, 0.5, 0.5, 0.5]",0.25,True,0.000137025,stop
completion:P9aa5b2d197cd:astra:known,completion,astra,P9aa5b2d197cd,,known,,H,fair,completed,True,ok,True,False,"[0.5, 0.5, 0.5, 0.5, 0.5, 0.5, 0.5, 0.5, 0.5, 0.5]",0.25,True,0.00469,stop
completion:Paaa1ab9c9991:fable:known,completion,fable,Paaa1ab9c9991,,known,,H,plain,completed,True,ok,True,False,"[0.55, 0.52, 0.5, 0.52, 0.5, 0.48, 0.52, 0.5, 0.48, 0.5]",0.25145,True,0.00581,stop
completion:P9623d498f378:astra:known,completion,astra,P9623d498f378,,known,,H,plain,completed,True,ok,True,False,"[0.5, 0.5, 0.5, 0.5, 0.5, 0.5, 0.5, 0.5, 0.5, 0.5]",0.25,True,0.00583,stop
completion:Pe8e0638e8b6a:fable:known,completion,fable,Pe8e0638e8b6a,,known,,H,plain,completed,True,ok,True,False,"[0.55, 0.45, 0.5, 0.55, 0.45, 0.5, 0.55, 0.45, 0.5, 0.5]",0.2415,True,0.00578,stop
completion:P4355c1f030d6:fable:withheld,completion,fable,P4355c1f030d6,,withheld,,H,fair,completed,True,ok,True,False,"[0.5, 0.5, 0.5, 0.5, 0.5, 0.5, 0.5, 0.5, 0.5, 0.5]",0.25,True,0.00578,stop
completion:P987914eb2fe5:fable:withheld,completion,fable,P987914eb2fe5,,withheld,,H,plain,completed,True,ok,True,False,"[0.5, 0.5, 0.5, 0.5, 0.5, 0.5, 0.5, 0.5, 0.5, 0.5]",0.25,True,0.00576,stop
completion:P44c3132dd9c8:fable:known,completion,fable,P44c3132dd9c8,,known,,H,fair,completed,True,ok,True,False,"[0.5, 0.5, 0.5, 0.5, 0.5, 0.5, 0.5, 0.5, 0.5, 0.5]",0.25,True,0.0058,stop
completion:P48b6ce201a09:mimo:withheld,completion,mimo,P48b6ce201a09,,withheld,,H,plain,completed,True,ok,True,False,"[0.5, 0.5, 0.5, 0.5, 0.5, 0.5, 0.5, 0.5, 0.5, 0.5]",0.25,True,0.000135285,stop
completion:Pdf2b3d9b2d24:astra:withheld,completion,astra,Pdf2b3d9b2d24,,withheld,,H,fair,completed,True,ok,True,False,"[0.5, 0.5, 0.5, 0.5, 0.5, 0.5, 0.5, 0.5, 0.5, 0.5]",0.25,True,0.00555,stop
completion:P252befd2665e:astra:known,completion,astra,P252befd2665e,,known,,H,plain,completed,True,ok,True,False,"[0.5, 0.5, 0.5, 0.5, 0.5, 0.5, 0.5, 0.5, 0.5, 0.5]",0.25,True,0.00604,stop
completion:Pba7ed2d6d916:astra:withheld,completion,astra,Pba7ed2d6d916,,withheld,,H,fair,completed,True,ok,True,False,"[0.5, 0.5, 0.5, 0.5, 0.5, 0.5, 0.5, 0.5, 0.5, 0.5]",0.25,True,0.00465,stop
completion:Pd25809680f86:fable:withheld,completion,fable,Pd25809680f86,,withheld,,H,fair,completed,True,ok,True,False,"[0.5, 0.52, 0.5, 0.48, 0.52, 0.5, 0.48, 0.5, 0.52, 0.48]",0.24624000000000001,True,0.00578,stop
completion:P5979a50c624a:astra:known,completion,astra,P5979a50c624a,,known,,H,plain,completed,True,ok,True,False,"[0.5, 0.5, 0.5, 0.5, 0.5, 0.5, 0.5, 0.5, 0.5, 0.5]",0.25,True,0.00543,stop
completion:Pefa8f3467812:fable:withheld,completion,fable,Pefa8f3467812,,withheld,,H,fair,completed,True,ok,True,False,"[0.5, 0.5, 0.5, 0.5, 0.5, 0.5, 0.5, 0.5, 0.5, 0.5]",0.25,True,0.00578,stop
completion:P252befd2665e:fable:known,completion,fable,P252befd2665e,,known,,H,plain,completed,True,ok,True,False,"[0.5, 0.5, 0.5, 0.5, 0.5, 0.5, 0.5, 0.5, 0.5, 0.5]",0.25,True,0.00577,stop
completion:P030bc4e6312a:fable:known,completion,fable,P030bc4e6312a,,known,,H,plain,completed,True,ok,True,False,"[0.5, 0.52, 0.5, 0.5, 0.52, 0.48, 0.5, 0.52, 0.5, 0.5]",0.24616,True,0.00581,stop
completion:P9623d498f378:fable:known,completion,fable,P9623d498f378,,known,,H,plain,completed,True,ok,True,False,"[0.5, 0.52, 0.5, 0.5, 0.52, 0.5, 0.5, 0.52, 0.5, 0.5]",0.25612,True,0.00578,stop
completion:Paaa1ab9c9991:mimo:known,completion,mimo,Paaa1ab9c9991,,known,,H,plain,completed,True,ok,True,False,"[0.5, 0.5, 0.5, 0.5, 0.5, 0.5, 0.5, 0.5, 0.5, 0.5]",0.25,True,0.000137025,stop
completion:P08efdd7d726e:mimo:known,completion,mimo,P08efdd7d726e,,known,,H,fair,completed,True,ok,True,False,"[0.5, 0.5, 0.5, 0.5, 0.5, 0.5, 0.5, 0.5, 0.5, 0.5]",0.25,True,0.00013659,stop
completion:Pcdbf8dc970db:astra:withheld,completion,astra,Pcdbf8dc970db,,withheld,,H,plain,completed,True,ok,True,False,"[0.5, 0.5, 0.5, 0.5, 0.5, 0.5, 0.5, 0.5, 0.5, 0.5]",0.25,True,0.0058,stop
completion:P932a30f0b2af:fable:withheld,completion,fable,P932a30f0b2af,,withheld,,H,plain,completed,True,ok,True,False,"[0.5, 0.52, 0.5, 0.5, 0.52, 0.5, 0.5, 0.5, 0.5, 0.5]",0.24608,True,0.00576,stop
completion:P9799ccdd11c6:fable:withheld,completion,fable,P9799ccdd11c6,,withheld,,H,fair,completed,True,ok,True,False,"[0.5, 0.5, 0.5, 0.5, 0.5, 0.5, 0.5, 0.5, 0.5, 0.5]",0.25,True,0.00578,stop
completion:Pc59a35412461:mimo:withheld,completion,mimo,Pc59a35412461,,withheld,,H,plain,completed,True,ok,True,False,"[0.5, 0.5, 0.5, 0.5, 0.5, 0.5, 0.5, 0.5, 0.5, 0.5]",0.25,True,0.000135285,stop
completion:Pb728176c80b0:mimo:known,completion,mimo,Pb728176c80b0,,known,,H,plain,completed,True,ok,True,False,"[0.5, 0.5, 0.5, 0.5, 0.5, 0.5, 0.5, 0.5, 0.5, 0.5]",0.25,True,0.000136155,stop
completion:Pc8c003cfff1f:astra:known,completion,astra,Pc8c003cfff1f,,known,,H,plain,completed,True,ok,True,False,"[0.5, 0.5, 0.5, 0.5, 0.5, 0.5, 0.5, 0.5, 0.5, 0.5]",0.25,True,0.00575,stop
completion:Pe19f1b60ae5e:fable:withheld,completion,fable,Pe19f1b60ae5e,,withheld,,H,plain,completed,True,ok,True,False,"[0.52, 0.5, 0.5, 0.52, 0.5, 0.5, 0.52, 0.5, 0.5, 0.5]",0.25212,True,0.00576,stop
completion:P82b888a78b63:fable:known,completion,fable,P82b888a78b63,,known,,H,plain,completed,True,ok,True,False,"[0.5, 0.5, 0.5, 0.5, 0.5, 0.5, 0.5, 0.5, 0.5, 0.5]",0.25,True,0.00581,stop
completion:P34df0d0e02ef:astra:withheld,completion,astra,P34df0d0e02ef,,withheld,,H,fair,completed,True,ok,True,False,"[0.5, 0.5, 0.5, 0.5, 0.5, 0.5, 0.5, 0.5, 0.5, 0.5]",0.25,True,0.00466,stop
completion:P9bcd6a4ebe2e:fable:known,completion,fable,P9bcd6a4ebe2e,,known,,H,fair,completed,True,ok,True,False,"[0.5, 0.5, 0.5, 0.5, 0.5, 0.5, 0.5, 0.5, 0.5, 0.5]",0.25,True,0.0058,stop
completion:Pc8c003cfff1f:fable:known,completion,fable,Pc8c003cfff1f,,known,,H,plain,completed,True,ok,True,False,"[0.5, 0.5, 0.5, 0.5, 0.5, 0.5, 0.5, 0.5, 0.5, 0.5]",0.25,True,0.00577,stop
completion:Pee79f212bea4:fable:known,completion,fable,Pee79f212bea4,,known,,H,fair,completed,True,ok,True,False,"[0.5, 0.5, 0.5, 0.5, 0.5, 0.5, 0.5, 0.5, 0.5, 0.5]",0.25,True,0.0058,stop
completion:P0390e23f1797:mimo:withheld,completion,mimo,P0390e23f1797,,withheld,,H,plain,completed,True,ok,True,False,"[0.5, 0.5, 0.5, 0.5, 0.5, 0.5, 0.5, 0.5, 0.5, 0.5]",0.25,True,0.00013572,stop
completion:P31c371139df3:astra:known,completion,astra,P31c371139df3,,known,,H,plain,completed,True,ok,True,False,"[0.5, 0.5, 0.5, 0.5, 0.5, 0.5, 0.5, 0.5, 0.5, 0.5]",0.25,True,0.00564,stop
completion:P8a52e2dbb002:mimo:withheld,completion,mimo,P8a52e2dbb002,,withheld,,H,fair,completed,True,ok,True,False,"[0.5, 0.5, 0.5, 0.5, 0.5, 0.5, 0.5, 0.5, 0.5, 0.5]",0.25,True,0.000136155,stop
completion:P633cce82bfa2:mimo:known,completion,mimo,P633cce82bfa2,,known,,H,fair,completed,True,ok,True,False,"[0.5, 0.5, 0.5, 0.5, 0.5, 0.5, 0.5, 0.5, 0.5, 0.5]",0.25,True,0.000137025,stop
completion:Pb0b81d142610:mimo:known,completion,mimo,Pb0b81d142610,,known,,H,plain,completed,True,ok,True,False,"[0.5, 0.5, 0.5, 0.5, 0.5, 0.5, 0.5, 0.5, 0.5, 0.5]",0.25,True,0.000137025,stop
completion:Pbeed48b9831a:astra:known,completion,astra,Pbeed48b9831a,,known,,H,fair,completed,True,ok,True,False,"[0.5, 0.5, 0.5, 0.5, 0.5, 0.5, 0.5, 0.5, 0.5, 0.5]",0.25,True,0.00465,stop
completion:P6206e64a1a46:fable:known,completion,fable,P6206e64a1a46,,known,,H,fair,completed,True,ok,True,False,"[0.5, 0.5, 0.5, 0.5, 0.5, 0.5, 0.5, 0.5, 0.5, 0.5]",0.25,True,0.00583,stop
completion:P800e489acf12:astra:known,completion,astra,P800e489acf12,,known,,H,plain,completed,True,ok,True,False,"[0.5, 0.5, 0.5, 0.5, 0.5, 0.5, 0.5, 0.5, 0.5, 0.5]",0.25,True,0.00548,stop
completion:Pf91d12d82d7d:mimo:known,completion,mimo,Pf91d12d82d7d,,known,,H,fair,completed,True,ok,True,False,"[0.5, 0.5, 0.5, 0.5, 0.5, 0.5, 0.5, 0.5, 0.5, 0.5]",0.25,True,0.000137025,stop
completion:Pafa058d985f3:fable:withheld,completion,fable,Pafa058d985f3,,withheld,,H,fair,completed,True,ok,True,False,"[0.5, 0.5, 0.5, 0.5, 0.5, 0.5, 0.5, 0.5, 0.5, 0.5]",0.25,True,0.00578,stop
completion:P8d5c033a6c9d:mimo:withheld,completion,mimo,P8d5c033a6c9d,,withheld,,H,plain,completed,True,ok,True,False,"[0.5, 0.5, 0.5, 0.5, 0.5, 0.5, 0.5, 0.5, 0.5, 0.5]",0.25,True,0.00013572,stop
completion:Pa56b8b5bd462:fable:withheld,completion,fable,Pa56b8b5bd462,,withheld,,H,fair,completed,True,ok,True,False,"[0.5, 0.5, 0.5, 0.5, 0.5, 0.5, 0.5, 0.5, 0.5, 0.5]",0.25,True,0.00578,stop
completion:P9a81728eb902:fable:withheld,completion,fable,P9a81728eb902,,withheld,,H,plain,completed,True,ok,True,False,"[0.5, 0.52, 0.5, 0.51, 0.5, 0.52, 0.5, 0.51, 0.5, 0.52]",0.25214,True,0.00576,stop
completion:P6fff31dd7949:fable:known,completion,fable,P6fff31dd7949,,known,,H,fair,completed,True,ok,True,False,"[0.5, 0.5, 0.5, 0.5, 0.5, 0.5, 0.5, 0.5, 0.5, 0.5]",0.25,True,0.00579,stop
completion:P633cce82bfa2:astra:known,completion,astra,P633cce82bfa2,,known,,H,fair,completed,True,ok,True,False,"[0.5, 0.5, 0.5, 0.5, 0.5, 0.5, 0.5, 0.5, 0.5, 0.5]",0.25,True,0.00466,stop
completion:Pce14028dab81:astra:known,completion,astra,Pce14028dab81,,known,,H,fair,completed,True,ok,True,False,"[0.5, 0.5, 0.5, 0.5, 0.5, 0.5, 0.5, 0.5, 0.5, 0.5]",0.25,True,0.00468,stop
completion:Pb079280de9bf:mimo:withheld,completion,mimo,Pb079280de9bf,,withheld,,H,plain,completed,True,ok,True,False,"[0.5, 0.5, 0.5, 0.5, 0.5, 0.5, 0.5, 0.5, 0.5, 0.5]",0.25,True,0.00013572,stop
completion:Pde0906d9007c:mimo:known,completion,mimo,Pde0906d9007c,,known,,H,plain,completed,True,ok,True,False,"[0.5, 0.5, 0.5, 0.5, 0.5, 0.5, 0.5, 0.5, 0.5, 0.5]",0.25,True,0.000136155,stop
completion:P2bc62689bf73:astra:withheld,completion,astra,P2bc62689bf73,,withheld,,H,fair,completed,True,ok,True,False,"[0.5, 0.5, 0.5, 0.5, 0.5, 0.5, 0.5, 0.5, 0.5, 0.5]",0.25,True,0.00465,stop
completion:Pf6a25a3d68ec:mimo:withheld,completion,mimo,Pf6a25a3d68ec,,withheld,,H,plain,completed,True,ok,True,False,"[0.5, 0.5, 0.5, 0.5, 0.5, 0.5, 0.5, 0.5, 0.5, 0.5]",0.25,True,8.05008e-05,stop
completion:P5adfe8899512:fable:known,completion,fable,P5adfe8899512,,known,,H,fair,completed,True,ok,True,False,"[0.5, 0.5, 0.5, 0.5, 0.5, 0.5, 0.5, 0.5, 0.5, 0.5]",0.25,True,0.0058,stop
completion:Pb81766b1c156:astra:known,completion,astra,Pb81766b1c156,,known,,H,plain,completed,True,ok,True,False,"[0.5, 0.5, 0.5, 0.5, 0.5, 0.5, 0.5, 0.5, 0.5, 0.5]",0.25,True,0.00467,stop
completion:P9333131fafea:fable:known,completion,fable,P9333131fafea,,known,,H,fair,completed,True,ok,True,False,"[0.5, 0.5, 0.5, 0.5, 0.5, 0.5, 0.5, 0.5, 0.5, 0.5]",0.25,True,0.00579,stop
completion:Pbd9a30ecefb0:fable:withheld,completion,fable,Pbd9a30ecefb0,,withheld,,H,fair,completed,True,ok,True,False,"[0.5, 0.5, 0.5, 0.5, 0.5, 0.5, 0.5, 0.5, 0.5, 0.5]",0.25,True,0.00578,stop
completion:P912e764d7a17:astra:known,completion,astra,P912e764d7a17,,known,,H,plain,completed,True,ok,True,False,"[0.5, 0.5, 0.5, 0.5, 0.5, 0.5, 0.5, 0.5, 0.5, 0.5]",0.25,True,0.00573,stop
completion:Pbf7569dfa38c:fable:withheld,completion,fable,Pbf7569dfa38c,,withheld,,H,plain,completed,True,ok,True,False,"[0.5, 0.5, 0.5, 0.5, 0.5, 0.5, 0.5, 0.5, 0.5, 0.5]",0.25,True,0.00531,stop
completion:P5e7d1c65c23a:mimo:withheld,completion,mimo,P5e7d1c65c23a,,withheld,,H,fair,completed,True,ok,True,False,"[0.5, 0.5, 0.5, 0.5, 0.5, 0.5, 0.5, 0.5, 0.5, 0.5]",0.25,True,0.00013572,stop
completion:P6fff31dd7949:mimo:known,completion,mimo,P6fff31dd7949,,known,,H,fair,completed,True,ok,True,False,"[0.5, 0.5, 0.5, 0.5, 0.5, 0.5, 0.5, 0.5, 0.5, 0.5]",0.25,True,0.000137025,stop
completion:Pf2e94fd041d7:astra:withheld,completion,astra,Pf2e94fd041d7,,withheld,,H,fair,completed,True,ok,True,False,"[0.5, 0.5, 0.5, 0.5, 0.5, 0.5, 0.5, 0.5, 0.5, 0.5]",0.25,True,0.00465,stop
completion:Pf912b277130e:mimo:withheld,completion,mimo,Pf912b277130e,,withheld,,H,plain,completed,True,ok,True,False,"[0.5, 0.5, 0.5, 0.5, 0.5, 0.5, 0.5, 0.5, 0.5, 0.5]",0.25,True,0.000135285,stop
completion:P311165b56986:astra:withheld,completion,astra,P311165b56986,,withheld,,H,fair,completed,True,ok,True,False,"[0.5, 0.5, 0.5, 0.5, 0.5, 0.5, 0.5, 0.5, 0.5, 0.5]",0.25,True,0.00465,stop
completion:P35fe2e518f05:astra:known,completion,astra,P35fe2e518f05,,known,,H,fair,completed,True,ok,True,False,"[0.5, 0.5, 0.5, 0.5, 0.5, 0.5, 0.5, 0.5, 0.5, 0.5]",0.25,True,0.00465,stop
completion:Pc59a35412461:fable:withheld,completion,fable,Pc59a35412461,,withheld,,H,plain,completed,True,ok,True,False,"[0.5, 0.5, 0.5, 0.5, 0.5, 0.5, 0.5, 0.5, 0.5, 0.5]",0.25,True,0.00576,stop
completion:P677417766022:mimo:withheld,completion,mimo,P677417766022,,withheld,,H,plain,completed,True,ok,True,False,"[0.5, 0.5, 0.5, 0.5, 0.5, 0.5, 0.5, 0.5, 0.5, 0.5]",0.25,True,0.00013572,stop
completion:Pabd1e6d7f795:astra:withheld,completion,astra,Pabd1e6d7f795,,withheld,,H,fair,completed,True,ok,True,False,"[0.5, 0.5, 0.5, 0.5, 0.5, 0.5, 0.5, 0.5, 0.5, 0.5]",0.25,True,0.00465,stop
completion:Pc59a35412461:astra:withheld,completion,astra,Pc59a35412461,,withheld,,H,plain,completed,True,ok,True,False,"[0.5, 0.5, 0.5, 0.5, 0.5, 0.5, 0.5, 0.5, 0.5, 0.5]",0.25,True,0.00464,stop
completion:P9f41bf196202:astra:known,completion,astra,P9f41bf196202,,known,,H,plain,completed,True,ok,True,False,"[0.5, 0.5, 0.5, 0.5, 0.5, 0.5, 0.5, 0.5, 0.5, 0.5]",0.25,True,0.00465,stop
completion:P6db6b290c9f7:mimo:known,completion,mimo,P6db6b290c9f7,,known,,H,fair,completed,True,ok,True,False,"[0.5, 0.5, 0.5, 0.5, 0.5, 0.5, 0.5, 0.5, 0.5, 0.5]",0.25,True,0.00013746,stop
completion:Paa1a9013b1ec:fable:withheld,completion,fable,Paa1a9013b1ec,,withheld,,H,fair,completed,True,ok,True,False,"[0.5, 0.5, 0.5, 0.5, 0.5, 0.5, 0.5, 0.5, 0.5, 0.5]",0.25,True,0.00577,stop
completion:Pe8e0638e8b6a:mimo:known,completion,mimo,Pe8e0638e8b6a,,known,,H,plain,completed,True,ok,True,False,"[0.5, 0.5, 0.5, 0.5, 0.5, 0.5, 0.5, 0.5, 0.5, 0.5]",0.25,True,0.000137025,stop
completion:Pcdc1f778b578:mimo:withheld,completion,mimo,Pcdc1f778b578,,withheld,,H,fair,completed,True,ok,True,False,"[0.5, 0.5, 0.5, 0.5, 0.5, 0.5, 0.5, 0.5, 0.5, 0.5]",0.25,True,0.00013659,stop
completion:Pc5a04d251fc6:astra:known,completion,astra,Pc5a04d251fc6,,known,,H,fair,completed,True,ok,True,False,"[0.5, 0.5, 0.5, 0.5, 0.5, 0.5, 0.5, 0.5, 0.5, 0.5]",0.25,True,0.00468,stop
completion:Pe19f1b60ae5e:astra:withheld,completion,astra,Pe19f1b60ae5e,,withheld,,H,plain,completed,True,ok,True,False,"[0.5, 0.5, 0.5, 0.5, 0.5, 0.5, 0.5, 0.5, 0.5, 0.5]",0.25,True,0.00465,stop
completion:Pf70272b70c32:mimo:known,completion,mimo,Pf70272b70c32,,known,,H,fair,completed,True,ok,True,False,"[0.5, 0.5, 0.5, 0.5, 0.5, 0.5, 0.5, 0.5, 0.5, 0.5]",0.25,True,0.00013659,stop
completion:Pf70272b70c32:astra:known,completion,astra,Pf70272b70c32,,known,,H,fair,completed,True,ok,True,False,"[0.5, 0.5, 0.5, 0.5, 0.5, 0.5, 0.5, 0.5, 0.5, 0.5]",0.25,True,0.0042,stop
completion:Pa10056f1a764:astra:withheld,completion,astra,Pa10056f1a764,,withheld,,H,plain,completed,True,ok,True,False,"[0.5, 0.5, 0.5, 0.5, 0.5, 0.5, 0.5, 0.5, 0.5, 0.5]",0.25,True,0.0054,stop
completion:P200d4085da52:fable:withheld,completion,fable,P200d4085da52,,withheld,,H,plain,completed,True,ok,True,False,"[0.52, 0.5, 0.51, 0.52, 0.5, 0.5, 0.51, 0.5, 0.5, 0.49]",0.24511,True,0.00576,stop
completion:Pf414edc880f7:mimo:known,completion,mimo,Pf414edc880f7,,known,,H,plain,completed,True,ok,True,False,"[0.5, 0.5, 0.5, 0.5, 0.5, 0.5, 0.5, 0.5, 0.5, 0.5]",0.25,True,0.00013659,stop
completion:Pbe2c91a32679:astra:known,completion,astra,Pbe2c91a32679,,known,,H,plain,completed,True,ok,True,False,"[0.5, 0.5, 0.5, 0.5, 0.5, 0.5, 0.5, 0.5, 0.5, 0.5]",0.25,True,0.00465,stop
completion:Pf340370ed9c4:astra:withheld,completion,astra,Pf340370ed9c4,,withheld,,H,plain,completed,True,ok,True,False,"[0.5, 0.5, 0.5, 0.5, 0.5, 0.5, 0.5, 0.5, 0.5, 0.5]",0.25,True,0.00464,stop
completion:P4c4008541209:mimo:withheld,completion,mimo,P4c4008541209,,withheld,,H,plain,completed,True,ok,True,False,"[0.5, 0.5, 0.5, 0.5, 0.5, 0.5, 0.5, 0.5, 0.5, 0.5]",0.25,True,0.000135285,stop
completion:P8a52e2dbb002:astra:withheld,completion,astra,P8a52e2dbb002,,withheld,,H,fair,completed,True,ok,True,False,"[0.5, 0.5, 0.5, 0.5, 0.5, 0.5, 0.5, 0.5, 0.5, 0.5]",0.25,True,0.00466,stop
completion:P31c371139df3:mimo:known,completion,mimo,P31c371139df3,,known,,H,plain,completed,True,ok,True,False,"[0.5, 0.5, 0.5, 0.5, 0.5, 0.5, 0.5, 0.5, 0.5, 0.5]",0.25,True,0.000136155,stop
completion:P7e2d234eb35f:astra:known,completion,astra,P7e2d234eb35f,,known,,H,fair,completed,True,ok,True,False,"[0.5, 0.5, 0.5, 0.5, 0.5, 0.5, 0.5, 0.5, 0.5, 0.5]",0.25,True,0.0058,stop
completion:P5ca0318e86f9:fable:withheld,completion,fable,P5ca0318e86f9,,withheld,,H,fair,completed,True,ok,True,False,"[0.52, 0.5, 0.5, 0.52, 0.5, 0.5, 0.5, 0.5, 0.5, 0.48]",0.24411999999999998,True,0.00578,stop
completion:Pfb1fbd01a972:mimo:withheld,completion,mimo,Pfb1fbd01a972,,withheld,,H,plain,completed,True,ok,True,False,"[0.5, 0.5, 0.5, 0.5, 0.5, 0.5, 0.5, 0.5, 0.5, 0.5]",0.25,True,0.00013572,stop
completion:P1fbe776671a1:astra:known,completion,astra,P1fbe776671a1,,known,,H,plain,completed,True,ok,True,False,"[0.5, 0.5, 0.5, 0.5, 0.5, 0.5, 0.5, 0.5, 0.5, 0.5]",0.25,True,0.0055,stop
completion:P871d26c0d44a:mimo:withheld,completion,mimo,P871d26c0d44a,,withheld,,H,plain,completed,True,ok,True,False,"[0.5, 0.5, 0.5, 0.5, 0.5, 0.5, 0.5, 0.5, 0.5, 0.5]",0.25,True,0.00013572,stop
completion:P9952e845d04d:fable:known,completion,fable,P9952e845d04d,,known,,H,fair,completed,True,ok,True,False,"[0.5, 0.5, 0.5, 0.5, 0.5, 0.5, 0.5, 0.5, 0.5, 0.5]",0.25,True,0.00538,stop
completion:Pf6a25a3d68ec:astra:withheld,completion,astra,Pf6a25a3d68ec,,withheld,,H,plain,completed,True,ok,True,False,"[0.5, 0.5, 0.5, 0.5, 0.5, 0.5, 0.5, 0.5, 0.5, 0.5]",0.25,True,0.00465,stop
completion:P50b87a09560e:mimo:withheld,completion,mimo,P50b87a09560e,,withheld,,H,plain,completed,True,ok,True,False,"[0.5, 0.5, 0.5, 0.5, 0.5, 0.5, 0.5, 0.5, 0.5, 0.5]",0.25,True,0.00013572,stop
completion:P483ac6ab3bf0:fable:withheld,completion,fable,P483ac6ab3bf0,,withheld,,H,fair,completed,True,ok,True,False,"[0.52, 0.5, 0.5, 0.53, 0.5, 0.5, 0.5, 0.52, 0.5, 0.5]",0.24717000000000003,True,0.00578,stop
completion:P2bc62689bf73:mimo:withheld,completion,mimo,P2bc62689bf73,,withheld,,H,fair,completed,True,ok,True,False,"[0.5, 0.5, 0.5, 0.5, 0.5, 0.5, 0.5, 0.5, 0.5, 0.5]",0.25,True,0.00013572,stop
completion:P9f41bf196202:mimo:known,completion,mimo,P9f41bf196202,,known,,H,plain,completed,True,ok,True,False,"[0.5, 0.5, 0.5, 0.5, 0.5, 0.5, 0.5, 0.5, 0.5, 0.5]",0.25,True,0.00013659,stop
completion:P2b92865fe28a:astra:withheld,completion,astra,P2b92865fe28a,,withheld,,H,plain,completed,True,ok,True,False,"[0.5, 0.5, 0.5, 0.5, 0.5, 0.5, 0.5, 0.5, 0.5, 0.5]",0.25,True,0.0058,stop
completion:P1b14967de0e4:astra:withheld,completion,astra,P1b14967de0e4,,withheld,,H,plain,completed,True,ok,True,False,"[0.5, 0.5, 0.5, 0.5, 0.5, 0.5, 0.5, 0.5, 0.5, 0.5]",0.25,True,0.0056,stop
completion:P9952e845d04d:astra:known,completion,astra,P9952e845d04d,,known,,H,fair,completed,True,ok,True,False,"[0.5, 0.5, 0.5, 0.5, 0.5, 0.5, 0.5, 0.5, 0.5, 0.5]",0.25,True,0.00469,stop
completion:Pd1003400bc2f:astra:known,completion,astra,Pd1003400bc2f,,known,,H,plain,completed,True,ok,True,False,"[0.5, 0.5, 0.5, 0.5, 0.5, 0.5, 0.5, 0.5, 0.5, 0.5]",0.25,True,0.00553,stop
completion:P2b92865fe28a:fable:withheld,completion,fable,P2b92865fe28a,,withheld,,H,plain,completed,True,ok,True,False,"[0.52, 0.5, 0.5, 0.5, 0.5, 0.5, 0.5, 0.5, 0.5, 0.5]",0.25204,True,0.00576,stop
completion:Paaa1ab9c9991:astra:known,completion,astra,Paaa1ab9c9991,,known,,H,plain,completed,True,ok,True,False,"[0.5, 0.5, 0.5, 0.5, 0.5, 0.5, 0.5, 0.5, 0.5, 0.5]",0.25,True,0.00468,stop
completion:Pf4b50baaac55:astra:withheld,completion,astra,Pf4b50baaac55,,withheld,,H,plain,completed,True,ok,True,False,"[0.5, 0.5, 0.5, 0.5, 0.5, 0.5, 0.5, 0.5, 0.5, 0.5]",0.25,True,0.00549,stop
completion:Pbf7569dfa38c:mimo:withheld,completion,mimo,Pbf7569dfa38c,,withheld,,H,plain,completed,True,ok,True,False,"[0.5, 0.5, 0.5, 0.5, 0.5, 0.5, 0.5, 0.5, 0.5, 0.5]",0.25,True,0.000135285,stop
completion:P34c52e49399b:astra:withheld,completion,astra,P34c52e49399b,,withheld,,H,fair,completed,True,ok,True,False,"[0.5, 0.5, 0.5, 0.5, 0.5, 0.5, 0.5, 0.5, 0.5, 0.5]",0.25,True,0.00466,stop
completion:Pf912b277130e:fable:withheld,completion,fable,Pf912b277130e,,withheld,,H,plain,completed,True,ok,True,False,"[0.52, 0.5, 0.52, 0.5, 0.5, 0.52, 0.5, 0.52, 0.5, 0.5]",0.24616,True,0.00576,stop
completion:P4c4008541209:astra:withheld,completion,astra,P4c4008541209,,withheld,,H,plain,completed,True,ok,True,False,"[0.5, 0.5, 0.5, 0.5, 0.5, 0.5, 0.5, 0.5, 0.5, 0.5]",0.25,True,0.00599,stop
completion:P800e489acf12:mimo:known,completion,mimo,P800e489acf12,,known,,H,plain,completed,True,ok,True,False,"[0.5, 0.5, 0.5, 0.5, 0.5, 0.5, 0.5, 0.5, 0.5, 0.5]",0.25,True,0.000137025,stop
completion:P6508b3b0ad8d:mimo:withheld,completion,mimo,P6508b3b0ad8d,,withheld,,H,fair,completed,True,ok,True,False,"[0.5, 0.5, 0.5, 0.5, 0.5, 0.5, 0.5, 0.5, 0.5, 0.5]",0.25,True,0.00013572,stop
completion:P154ffb63867c:mimo:known,completion,mimo,P154ffb63867c,,known,,H,plain,completed,True,ok,True,False,"[0.5, 0.5, 0.5, 0.5, 0.5, 0.5, 0.5, 0.5, 0.5, 0.5]",0.25,True,0.00013659,stop
completion:Pd25809680f86:astra:withheld,completion,astra,Pd25809680f86,,withheld,,H,fair,completed,True,ok,True,False,"[0.5, 0.5, 0.5, 0.5, 0.5, 0.5, 0.5, 0.5, 0.5, 0.5]",0.25,True,0.00465,stop
completion:Pc5a04d251fc6:fable:known,completion,fable,Pc5a04d251fc6,,known,,H,fair,completed,True,ok,True,False,"[0.5, 0.5, 0.5, 0.5, 0.5, 0.5, 0.5, 0.5, 0.5, 0.5]",0.25,True,0.00535,stop
completion:Pc434b1c8d803:mimo:withheld,completion,mimo,Pc434b1c8d803,,withheld,,H,fair,completed,True,ok,True,False,"[0.5, 0.5, 0.5, 0.5, 0.5, 0.5, 0.5, 0.5, 0.5, 0.5]",0.25,True,0.00013572,stop
completion:P252befd2665e:mimo:known,completion,mimo,P252befd2665e,,known,,H,plain,completed,True,ok,True,False,"[0.5, 0.5, 0.5, 0.5, 0.5, 0.5, 0.5, 0.5, 0.5, 0.5]",0.25,True,0.000136155,stop
completion:P8a4a199d7c0d:astra:known,completion,astra,P8a4a199d7c0d,,known,,H,plain,completed,True,ok,True,False,"[0.5, 0.5, 0.5, 0.5, 0.5, 0.5, 0.5, 0.5, 0.5, 0.5]",0.25,True,0.00575,stop
completion:P11648d6ae270:mimo:withheld,completion,mimo,P11648d6ae270,,withheld,,H,plain,completed,True,ok,True,False,"[0.5, 0.5, 0.5, 0.5, 0.5, 0.5, 0.5, 0.5, 0.5, 0.5]",0.25,True,0.000135285,stop
completion:P5adfe8899512:mimo:known,completion,mimo,P5adfe8899512,,known,,H,fair,completed,True,ok,True,False,"[0.5, 0.5, 0.5, 0.5, 0.5, 0.5, 0.5, 0.5, 0.5, 0.5]",0.25,True,0.00013746,stop
completion:P38d4da757e9b:fable:known,completion,fable,P38d4da757e9b,,known,,H,fair,completed,True,ok,True,False,"[0.5, 0.5, 0.5, 0.5, 0.5, 0.5, 0.5, 0.5, 0.5, 0.5]",0.25,True,0.0058,stop
completion:P50b87a09560e:astra:withheld,completion,astra,P50b87a09560e,,withheld,,H,plain,completed,True,ok,True,False,"[0.5, 0.5, 0.5, 0.5, 0.5, 0.5, 0.5, 0.5, 0.5, 0.5]",0.25,True,0.00555,stop
completion:Pbf7569dfa38c:astra:withheld,completion,astra,Pbf7569dfa38c,,withheld,,H,plain,completed,True,ok,True,False,"[0.5, 0.5, 0.5, 0.5, 0.5, 0.5, 0.5, 0.5, 0.5, 0.5]",0.25,True,0.00559,stop
completion:Pdb930800115e:astra:withheld,completion,astra,Pdb930800115e,,withheld,,H,plain,completed,True,ok,True,False,"[0.5, 0.5, 0.5, 0.5, 0.5, 0.5, 0.5, 0.5, 0.5, 0.5]",0.25,True,0.00555,stop
completion:P5ca0318e86f9:astra:withheld,completion,astra,P5ca0318e86f9,,withheld,,H,fair,completed,True,ok,True,False,"[0.5, 0.5, 0.5, 0.5, 0.5, 0.5, 0.5, 0.5, 0.5, 0.5]",0.25,True,0.00465,stop
completion:P37dcdba54f8a:astra:withheld,completion,astra,P37dcdba54f8a,,withheld,,H,plain,completed,True,ok,True,False,"[0.5, 0.5, 0.5, 0.5, 0.5, 0.5, 0.5, 0.5, 0.5, 0.5]",0.25,True,0.00555,stop
completion:Paa1a9013b1ec:mimo:withheld,completion,mimo,Paa1a9013b1ec,,withheld,,H,fair,completed,True,ok,True,False,"[0.5, 0.5, 0.5, 0.5, 0.5, 0.5, 0.5, 0.5, 0.5, 0.5]",0.25,True,0.000136155,stop
completion:Pb728176c80b0:fable:known,completion,fable,Pb728176c80b0,,known,,H,plain,completed,True,ok,True,False,"[0.5, 0.5, 0.5, 0.5, 0.5, 0.5, 0.5, 0.5, 0.5, 0.5]",0.25,True,0.00577,stop
completion:P34c52e49399b:fable:withheld,completion,fable,P34c52e49399b,,withheld,,H,fair,completed,True,ok,True,False,"[0.5, 0.5, 0.5, 0.5, 0.5, 0.5, 0.5, 0.5, 0.5, 0.5]",0.25,True,0.00578,stop
completion:Pb30f63c422d5:mimo:known,completion,mimo,Pb30f63c422d5,,known,,H,plain,completed,True,ok,True,False,"[0.5, 0.5, 0.5, 0.5, 0.5, 0.5, 0.5, 0.5, 0.5, 0.5]",0.25,True,0.000137025,stop
completion:Pc206c573b70f:astra:withheld,completion,astra,Pc206c573b70f,,withheld,,H,plain,completed,True,ok,True,False,"[0.5, 0.5, 0.5, 0.5, 0.5, 0.5, 0.5, 0.5, 0.5, 0.5]",0.25,True,0.00464,stop
completion:Pefa8f3467812:mimo:withheld,completion,mimo,Pefa8f3467812,,withheld,,H,fair,completed,True,ok,True,False,"[0.5, 0.5, 0.5, 0.5, 0.5, 0.5, 0.5, 0.5, 0.5, 0.5]",0.25,True,0.00013572,stop
completion:P9bc7c6621612:astra:known,completion,astra,P9bc7c6621612,,known,,H,plain,completed,True,ok,True,False,"[0.5, 0.5, 0.5, 0.5, 0.5, 0.5, 0.5, 0.5, 0.5, 0.5]",0.25,True,0.00548,stop
completion:P38d4da757e9b:mimo:known,completion,mimo,P38d4da757e9b,,known,,H,fair,completed,True,ok,True,False,"[0.5, 0.5, 0.5, 0.5, 0.5, 0.5, 0.5, 0.5, 0.5, 0.5]",0.25,True,0.000137025,stop
completion:P085b274e4e18:mimo:known,completion,mimo,P085b274e4e18,,known,,H,plain,completed,True,ok,True,False,"[0.5, 0.5, 0.5, 0.5, 0.5, 0.5, 0.5, 0.5, 0.5, 0.5]",0.25,True,0.00013659,stop
completion:Pdb930800115e:fable:withheld,completion,fable,Pdb930800115e,,withheld,,H,plain,completed,True,ok,True,False,"[0.5, 0.5, 0.5, 0.5, 0.5, 0.5, 0.5, 0.5, 0.5, 0.5]",0.25,True,0.00576,stop
completion:Pf340370ed9c4:mimo:withheld,completion,mimo,Pf340370ed9c4,,withheld,,H,plain,completed,True,ok,True,False,"[0.5, 0.5, 0.5, 0.5, 0.5, 0.5, 0.5, 0.5, 0.5, 0.5]",0.25,True,0.000135285,stop
completion:Pcf8e49786697:astra:known,completion,astra,Pcf8e49786697,,known,,H,plain,completed,True,ok,True,False,"[0.5, 0.5, 0.5, 0.5, 0.5, 0.5, 0.5, 0.5, 0.5, 0.5]",0.25,True,0.00583,stop
completion:Pc206c573b70f:mimo:withheld,completion,mimo,Pc206c573b70f,,withheld,,H,plain,completed,True,ok,True,False,"[0.5, 0.5, 0.5, 0.5, 0.5, 0.5, 0.5, 0.5, 0.5, 0.5]",0.25,True,8.00658e-05,stop
completion:P82c20dad2b44:astra:withheld,completion,astra,P82c20dad2b44,,withheld,,H,plain,completed,True,ok,True,False,"[0.5, 0.5, 0.5, 0.5, 0.5, 0.5, 0.5, 0.5, 0.5, 0.5]",0.25,True,0.00554,stop
completion:P01d7f0a3d5af:astra:known,completion,astra,P01d7f0a3d5af,,known,,H,plain,completed,True,ok,True,False,"[0.5, 0.5, 0.5, 0.5, 0.5, 0.5, 0.5, 0.5, 0.5, 0.5]",0.25,True,0.00578,stop
completion:P087b9bc9c757:fable:known,completion,fable,P087b9bc9c757,,known,,H,fair,completed,True,ok,True,False,"[0.5, 0.5, 0.5, 0.5, 0.5, 0.5, 0.5, 0.5, 0.5, 0.5]",0.25,True,0.0058,stop
completion:P34c52e49399b:mimo:withheld,completion,mimo,P34c52e49399b,,withheld,,H,fair,completed,True,ok,True,False,"[0.5, 0.5, 0.5, 0.5, 0.5, 0.5, 0.5, 0.5, 0.5, 0.5]",0.25,True,0.000136155,stop
completion:P08efdd7d726e:fable:known,completion,fable,P08efdd7d726e,,known,,H,fair,completed,True,ok,True,False,"[0.5, 0.5, 0.5, 0.5, 0.5, 0.5, 0.5, 0.5, 0.5, 0.5]",0.25,True,0.00579,stop
completion:Pf55cf6e8ccb0:mimo:withheld,completion,mimo,Pf55cf6e8ccb0,,withheld,,H,plain,completed,True,ok,True,False,"[0.5, 0.5, 0.5, 0.5, 0.5, 0.5, 0.5, 0.5, 0.5, 0.5]",0.25,True,0.00013572,stop
completion:Pc0fd2996d5e3:astra:withheld,completion,astra,Pc0fd2996d5e3,,withheld,,H,fair,completed,True,ok,True,False,"[0.5, 0.5, 0.5, 0.5, 0.5, 0.5, 0.5, 0.5, 0.5, 0.5]",0.25,True,0.00466,stop
completion:P82b888a78b63:astra:known,completion,astra,P82b888a78b63,,known,,H,plain,completed,True,ok,True,False,"[0.5, 0.5, 0.5, 0.5, 0.5, 0.5, 0.5, 0.5, 0.5, 0.5]",0.25,True,0.00613,stop
completion:P8d5c033a6c9d:fable:withheld,completion,fable,P8d5c033a6c9d,,withheld,,H,plain,completed,True,ok,True,False,"[0.5, 0.52, 0.5, 0.5, 0.52, 0.5, 0.5, 0.52, 0.5, 0.5]",0.25212,True,0.00576,stop
completion:Pdf2b3d9b2d24:mimo:withheld,completion,mimo,Pdf2b3d9b2d24,,withheld,,H,fair,completed,True,ok,True,False,"[0.5, 0.5, 0.5, 0.5, 0.5, 0.5, 0.5, 0.5, 0.5, 0.5]",0.25,True,0.00013572,stop
completion:P9799ccdd11c6:mimo:withheld,completion,mimo,P9799ccdd11c6,,withheld,,H,fair,completed,True,ok,True,False,"[0.5, 0.5, 0.5, 0.5, 0.5, 0.5, 0.5, 0.5, 0.5, 0.5]",0.25,True,0.000136155,stop
completion:P8a4a199d7c0d:fable:known,completion,fable,P8a4a199d7c0d,,known,,H,plain,completed,True,ok,True,False,"[0.5, 0.5, 0.5, 0.5, 0.5, 0.5, 0.5, 0.5, 0.5, 0.5]",0.25,True,0.00577,stop
completion:Pf1091159de0d:fable:known,completion,fable,Pf1091159de0d,,known,,H,fair,completed,True,ok,True,False,"[0.5, 0.5, 0.5, 0.5, 0.5, 0.5, 0.5, 0.5, 0.5, 0.5]",0.25,True,0.00579,stop
completion:Pf3d993a7ee4c:fable:known,completion,fable,Pf3d993a7ee4c,,known,,H,fair,completed,True,ok,True,False,"[0.5, 0.5, 0.5, 0.5, 0.5, 0.5, 0.5, 0.5, 0.5, 0.5]",0.25,True,0.00583,stop
completion:Pcf8e49786697:mimo:known,completion,mimo,Pcf8e49786697,,known,,H,plain,completed,True,ok,True,False,"[0.5, 0.5, 0.5, 0.5, 0.5, 0.5, 0.5, 0.5, 0.5, 0.5]",0.25,True,0.000137025,stop
completion:Pfb1fbd01a972:astra:withheld,completion,astra,Pfb1fbd01a972,,withheld,,H,plain,completed,True,ok,True,False,"[0.5, 0.5, 0.5, 0.5, 0.5, 0.5, 0.5, 0.5, 0.5, 0.5]",0.25,True,0.00465,stop
completion:P7e2d234eb35f:mimo:known,completion,mimo,P7e2d234eb35f,,known,,H,fair,completed,True,ok,True,False,"[0.5, 0.5, 0.5, 0.5, 0.5, 0.5, 0.5, 0.5, 0.5, 0.5]",0.25,True,0.00013659,stop
completion:Pf4b50baaac55:fable:withheld,completion,fable,Pf4b50baaac55,,withheld,,H,plain,completed,True,ok,True,False,"[0.5, 0.52, 0.5, 0.5, 0.52, 0.5, 0.5, 0.52, 0.5, 0.5]",0.25212,True,0.00576,stop
completion:P154ffb63867c:fable:known,completion,fable,P154ffb63867c,,known,,H,plain,completed,True,ok,True,False,"[0.5, 0.5, 0.5, 0.5, 0.5, 0.5, 0.5, 0.5, 0.5, 0.5]",0.25,True,0.00578,stop
completion:Pc5a04d251fc6:mimo:known,completion,mimo,Pc5a04d251fc6,,known,,H,fair,completed,True,ok,True,False,"[0.5, 0.5, 0.5, 0.5, 0.5, 0.5, 0.5, 0.5, 0.5, 0.5]",0.25,True,8.18058e-05,stop
completion:Pe8e0638e8b6a:astra:known,completion,astra,Pe8e0638e8b6a,,known,,H,plain,completed,True,ok,True,False,"[0.5, 0.5, 0.5, 0.5, 0.5, 0.5, 0.5, 0.5, 0.5, 0.5]",0.25,True,0.00558,stop
completion:P5979a50c624a:fable:known,completion,fable,P5979a50c624a,,known,,H,plain,completed,True,ok,True,False,"[0.5, 0.5, 0.5, 0.5, 0.5, 0.5, 0.5, 0.5, 0.5, 0.5]",0.25,True,0.00533,stop
completion:Pde0906d9007c:astra:known,completion,astra,Pde0906d9007c,,known,,H,plain,completed,True,ok,True,False,"[0.5, 0.5, 0.5, 0.5, 0.5, 0.5, 0.5, 0.5, 0.5, 0.5]",0.25,True,0.00579,stop
completion:Pee79f212bea4:mimo:known,completion,mimo,Pee79f212bea4,,known,,H,fair,completed,True,ok,True,False,"[0.5, 0.5, 0.5, 0.5, 0.5, 0.5, 0.5, 0.5, 0.5, 0.5]",0.25,True,0.000137025,stop
completion:P5e7d1c65c23a:astra:withheld,completion,astra,P5e7d1c65c23a,,withheld,,H,fair,completed,True,ok,True,False,"[0.5, 0.5, 0.5, 0.5, 0.5, 0.5, 0.5, 0.5, 0.5, 0.5]",0.25,True,0.0077,stop
completion:P912e764d7a17:mimo:known,completion,mimo,P912e764d7a17,,known,,H,plain,completed,True,ok,True,False,"[0.5, 0.5, 0.5, 0.5, 0.5, 0.5, 0.5, 0.5, 0.5, 0.5]",0.25,True,8.18058e-05,stop
completion:P8a4a199d7c0d:mimo:known,completion,mimo,P8a4a199d7c0d,,known,,H,plain,completed,True,ok,True,False,"[0.5, 0.5, 0.5, 0.5, 0.5, 0.5, 0.5, 0.5, 0.5, 0.5]",0.25,True,0.00013659,stop
completion:Peec48f90044c:fable:known,completion,fable,Peec48f90044c,,known,,H,plain,completed,True,ok,True,False,"[0.5, 0.5, 0.5, 0.5, 0.5, 0.5, 0.5, 0.5, 0.5, 0.5]",0.25,True,0.00581,stop
completion:P200d4085da52:astra:withheld,completion,astra,P200d4085da52,,withheld,,H,plain,completed,True,ok,True,False,"[0.5, 0.5, 0.5, 0.5, 0.5, 0.5, 0.5, 0.5, 0.5, 0.5]",0.25,True,0.00589,stop
completion:P9bc7c6621612:fable:known,completion,fable,P9bc7c6621612,,known,,H,plain,completed,True,ok,True,False,"[0.5, 0.5, 0.5, 0.5, 0.5, 0.5, 0.5, 0.5, 0.5, 0.5]",0.25,True,0.00533,stop
completion:Pe165b33556bf:astra:withheld,completion,astra,Pe165b33556bf,,withheld,,H,fair,completed,True,ok,True,False,"[0.5, 0.5, 0.5, 0.5, 0.5, 0.5, 0.5, 0.5, 0.5, 0.5]",0.25,True,0.00585,stop
completion_repeat:P311165b56986:mimo:known,completion_repeat,mimo,P311165b56986,,known,,H,fair,completed,True,ok,True,False,"[0.5, 0.5, 0.5, 0.5, 0.5, 0.5, 0.5, 0.5, 0.5, 0.5]",0.25,False,0.00013659,stop
completion_repeat:P311165b56986:astra:known,completion_repeat,astra,P311165b56986,,known,,H,fair,completed,True,ok,True,False,"[0.5, 0.5, 0.5, 0.5, 0.5, 0.5, 0.5, 0.5, 0.5, 0.5]",0.25,False,0.00465,stop
completion_repeat:Pbe2c91a32679:mimo:withheld,completion_repeat,mimo,Pbe2c91a32679,,withheld,,H,plain,completed,True,ok,True,False,"[0.5, 0.5, 0.5, 0.5, 0.5, 0.5, 0.5, 0.5, 0.5, 0.5]",0.25,False,0.00013572,stop
completion_repeat:Pb728176c80b0:astra:withheld,completion_repeat,astra,Pb728176c80b0,,withheld,,H,plain,completed,True,ok,True,False,"[0.5, 0.5, 0.5, 0.5, 0.5, 0.5, 0.5, 0.5, 0.5, 0.5]",0.25,False,0.00564,stop
completion_repeat:Pac1e59009057:mimo:known,completion_repeat,mimo,Pac1e59009057,,known,,H,plain,completed,True,ok,True,False,"[0.5, 0.5, 0.5, 0.5, 0.5, 0.5, 0.5, 0.5, 0.5, 0.5]",0.25,False,0.000137025,stop
completion_repeat:Pbe2c91a32679:astra:withheld,completion_repeat,astra,Pbe2c91a32679,,withheld,,H,plain,completed,True,ok,True,False,"[0.5, 0.5, 0.5, 0.5, 0.5, 0.5, 0.5, 0.5, 0.5, 0.5]",0.25,False,0.00465,stop
completion_repeat:P37dcdba54f8a:fable:known,completion_repeat,fable,P37dcdba54f8a,,known,,H,plain,completed,True,ok,True,False,"[0.5, 0.5, 0.5, 0.5, 0.5, 0.5, 0.5, 0.5, 0.5, 0.5]",0.25,False,0.00581,stop
completion_repeat:P9799ccdd11c6:fable:known,completion_repeat,fable,P9799ccdd11c6,,known,,H,fair,completed,True,ok,True,False,"[0.5, 0.5, 0.5, 0.5, 0.5, 0.5, 0.5, 0.5, 0.5, 0.5]",0.25,False,0.0058,stop
completion_repeat:Pfb1fbd01a972:astra:known,completion_repeat,astra,Pfb1fbd01a972,,known,,H,plain,completed,True,ok,True,False,"[0.5, 0.5, 0.5, 0.5, 0.5, 0.5, 0.5, 0.5, 0.5, 0.5]",0.25,False,0.00468,stop
completion_repeat:P6206e64a1a46:fable:withheld,completion_repeat,fable,P6206e64a1a46,,withheld,,H,fair,completed,True,ok,True,False,"[0.5, 0.5, 0.5, 0.5, 0.5, 0.5, 0.5, 0.5, 0.5, 0.5]",0.25,False,0.00578,stop
completion_repeat:P34df0d0e02ef:fable:known,completion_repeat,fable,P34df0d0e02ef,,known,,H,fair,completed,True,ok,True,False,"[0.5, 0.5, 0.5, 0.5, 0.5, 0.5, 0.5, 0.5, 0.5, 0.5]",0.25,False,0.0058,stop
completion_repeat:P37dcdba54f8a:astra:known,completion_repeat,astra,P37dcdba54f8a,,known,,H,plain,completed,True,ok,True,False,"[0.5, 0.5, 0.5, 0.5, 0.5, 0.5, 0.5, 0.5, 0.5, 0.5]",0.25,False,0.00558,stop
completion_repeat:P030bc4e6312a:mimo:withheld,completion_repeat,mimo,P030bc4e6312a,,withheld,,H,plain,completed,True,ok,True,False,"[0.5, 0.5, 0.5, 0.5, 0.5, 0.5, 0.5, 0.5, 0.5, 0.5]",0.25,False,0.00013572,stop
completion_repeat:Pb728176c80b0:fable:withheld,completion_repeat,fable,Pb728176c80b0,,withheld,,H,plain,completed,True,ok,True,False,"[0.5, 0.5, 0.5, 0.5, 0.5, 0.5, 0.5, 0.5, 0.5, 0.5]",0.25,False,0.00576,stop
completion_repeat:P030bc4e6312a:fable:withheld,completion_repeat,fable,P030bc4e6312a,,withheld,,H,plain,completed,True,ok,True,False,"[0.5, 0.52, 0.5, 0.48, 0.52, 0.5, 0.48, 0.5, 0.52, 0.5]",0.24420000000000003,False,0.00576,stop
completion_repeat:P5e7d1c65c23a:fable:known,completion_repeat,fable,P5e7d1c65c23a,,known,,H,fair,completed,True,ok,False,True,"[0.85, 0.15, 0.85, 0.15, 0.85, 0.15, 0.85, 0.15, 0.85, 0.15]",0.022500000000000003,False,0.00988,stop
completion_repeat:Pac1e59009057:astra:known,completion_repeat,astra,Pac1e59009057,,known,,H,plain,completed,True,ok,True,False,"[0.5, 0.5, 0.5, 0.5, 0.5, 0.5, 0.5, 0.5, 0.5, 0.5]",0.25,False,0.00548,stop
completion_repeat:P6206e64a1a46:mimo:withheld,completion_repeat,mimo,P6206e64a1a46,,withheld,,H,fair,completed,True,ok,True,False,"[0.5, 0.5, 0.5, 0.5, 0.5, 0.5, 0.5, 0.5, 0.5, 0.5]",0.25,False,0.00013572,stop
completion_repeat:Pb728176c80b0:mimo:withheld,completion_repeat,mimo,Pb728176c80b0,,withheld,,H,plain,completed,True,ok,True,False,"[0.5, 0.5, 0.5, 0.5, 0.5, 0.5, 0.5, 0.5, 0.5, 0.5]",0.25,False,0.000135285,stop
completion_repeat:Pbe2c91a32679:fable:withheld,completion_repeat,fable,Pbe2c91a32679,,withheld,,H,plain,completed,True,ok,True,False,"[0.52, 0.49, 0.5, 0.51, 0.49, 0.5, 0.51, 0.49, 0.5, 0.51]",0.2521,False,0.00576,stop
completion_repeat:P030bc4e6312a:astra:withheld,completion_repeat,astra,P030bc4e6312a,,withheld,,H,plain,completed,True,ok,True,False,"[0.5, 0.5, 0.5, 0.5, 0.5, 0.5, 0.5, 0.5, 0.5, 0.5]",0.25,False,0.0056,stop
completion_repeat:P34df0d0e02ef:astra:known,completion_repeat,astra,P34df0d0e02ef,,known,,H,fair,completed,True,ok,True,False,"[0.5, 0.5, 0.5, 0.5, 0.5, 0.5, 0.5, 0.5, 0.5, 0.5]",0.25,False,0.00469,stop
completion_repeat:P08efdd7d726e:astra:withheld,completion_repeat,astra,P08efdd7d726e,,withheld,,H,fair,completed,True,ok,True,False,"[0.5, 0.5, 0.5, 0.5, 0.5, 0.5, 0.5, 0.5, 0.5, 0.5]",0.25,False,0.00465,stop
completion_repeat:P6206e64a1a46:astra:withheld,completion_repeat,astra,P6206e64a1a46,,withheld,,H,fair,completed,True,ok,True,False,"[0.5, 0.5, 0.5, 0.5, 0.5, 0.5, 0.5, 0.5, 0.5, 0.5]",0.25,False,0.00465,stop
completion_repeat:P9799ccdd11c6:mimo:known,completion_repeat,mimo,P9799ccdd11c6,,known,,H,fair,completed,True,ok,True,False,"[0.5, 0.5, 0.5, 0.5, 0.5, 0.5, 0.5, 0.5, 0.5, 0.5]",0.25,False,0.00013746,stop
completion_repeat:Pfb1fbd01a972:fable:known,completion_repeat,fable,Pfb1fbd01a972,,known,,H,plain,completed,True,ok,True,False,"[0.5, 0.5, 0.5, 0.5, 0.5, 0.5, 0.5, 0.5, 0.5, 0.5]",0.25,False,0.00578,stop
completion_repeat:P08efdd7d726e:mimo:withheld,completion_repeat,mimo,P08efdd7d726e,,withheld,,H,fair,completed,True,ok,True,False,"[0.5, 0.5, 0.5, 0.5, 0.5, 0.5, 0.5, 0.5, 0.5, 0.5]",0.25,False,0.00013572,stop
completion_repeat:P08efdd7d726e:fable:withheld,completion_repeat,fable,P08efdd7d726e,,withheld,,H,fair,completed,True,ok,True,False,"[0.5, 0.52, 0.5, 0.5, 0.52, 0.5, 0.5, 0.52, 0.5, 0.5]",0.25612,False,0.00578,stop
completion_repeat:P5e7d1c65c23a:mimo:known,completion_repeat,mimo,P5e7d1c65c23a,,known,,H,fair,completed,True,ok,True,False,"[0.5, 0.5, 0.5, 0.5, 0.5, 0.5, 0.5, 0.5, 0.5, 0.5]",0.25,False,0.000137025,stop
completion_repeat:P9799ccdd11c6:astra:known,completion_repeat,astra,P9799ccdd11c6,,known,,H,fair,completed,True,ok,True,False,"[0.5, 0.5, 0.5, 0.5, 0.5, 0.5, 0.5, 0.5, 0.5, 0.5]",0.25,False,0.00469,stop
completion_repeat:P34df0d0e02ef:mimo:known,completion_repeat,mimo,P34df0d0e02ef,,known,,H,fair,completed,True,ok,True,False,"[0.5, 0.5, 0.5, 0.5, 0.5, 0.5, 0.5, 0.5, 0.5, 0.5]",0.25,False,0.00013746,stop
completion_repeat:P37dcdba54f8a:mimo:known,completion_repeat,mimo,P37dcdba54f8a,,known,,H,plain,completed,True,ok,True,False,"[0.5, 0.5, 0.5, 0.5, 0.5, 0.5, 0.5, 0.5, 0.5, 0.5]",0.25,False,0.000137025,stop
completion_repeat:Pac1e59009057:fable:known,completion_repeat,fable,Pac1e59009057,,known,,H,plain,completed,True,ok,True,False,"[0.5, 0.5, 0.5, 0.5, 0.5, 0.5, 0.5, 0.5, 0.5, 0.5]",0.25,False,0.00578,stop
completion_repeat:P311165b56986:fable:known,completion_repeat,fable,P311165b56986,,known,,H,fair,completed,True,ok,True,False,"[0.52, 0.5, 0.5, 0.52, 0.5, 0.5, 0.52, 0.5, 0.5, 0.5]",0.25212,False,0.00579,stop
completion_repeat:Pfb1fbd01a972:mimo:known,completion_repeat,mimo,Pfb1fbd01a972,,known,,H,plain,completed,True,ok,True,False,"[0.5, 0.5, 0.5, 0.5, 0.5, 0.5, 0.5, 0.5, 0.5, 0.5]",0.25,False,0.000137025,stop
completion_repeat:P5e7d1c65c23a:astra:known,completion_repeat,astra,P5e7d1c65c23a,,known,,H,fair,completed,True,ok,True,False,"[0.97, 0.04, 0.95, 0.06, 0.94, 0.07, 0.92, 0.08, 0.91, 0.09]",0.00461,False,0.01108,stop
completion_repeat:P34df0d0e02ef:astra:withheld,completion_repeat,astra,P34df0d0e02ef,,withheld,,H,fair,completed,True,ok,True,False,"[0.5, 0.5, 0.5, 0.5, 0.5, 0.5, 0.5, 0.5, 0.5, 0.5]",0.25,False,0.00466,stop
completion_repeat:P6206e64a1a46:fable:known,completion_repeat,fable,P6206e64a1a46,,known,,H,fair,completed,True,ok,True,False,"[0.5, 0.5, 0.5, 0.5, 0.5, 0.5, 0.5, 0.5, 0.5, 0.5]",0.25,False,0.00583,stop
completion_repeat:P34df0d0e02ef:fable:withheld,completion_repeat,fable,P34df0d0e02ef,,withheld,,H,fair,completed,True,ok,True,False,"[0.5, 0.5, 0.5, 0.5, 0.5, 0.5, 0.5, 0.5, 0.5, 0.5]",0.25,False,0.00578,stop
completion_repeat:P6206e64a1a46:astra:known,completion_repeat,astra,P6206e64a1a46,,known,,H,fair,completed,True,ok,True,False,"[0.5, 0.5, 0.5, 0.5, 0.5, 0.5, 0.5, 0.5, 0.5, 0.5]",0.25,False,0.00468,stop
completion_repeat:P030bc4e6312a:fable:known,completion_repeat,fable,P030bc4e6312a,,known,,H,plain,completed,True,ok,True,False,"[0.5, 0.5, 0.5, 0.5, 0.5, 0.5, 0.5, 0.5, 0.5, 0.5]",0.25,False,0.00536,stop
completion_repeat:P37dcdba54f8a:mimo:withheld,completion_repeat,mimo,P37dcdba54f8a,,withheld,,H,plain,completed,True,ok,True,False,"[0.5, 0.5, 0.5, 0.5, 0.5, 0.5, 0.5, 0.5, 0.5, 0.5]",0.25,False,0.00013572,stop
completion_repeat:P37dcdba54f8a:fable:withheld,completion_repeat,fable,P37dcdba54f8a,,withheld,,H,plain,completed,True,ok,True,False,"[0.5, 0.5, 0.5, 0.5, 0.5, 0.5, 0.5, 0.5, 0.5, 0.5]",0.25,False,0.00576,stop
completion_repeat:P030bc4e6312a:astra:known,completion_repeat,astra,P030bc4e6312a,,known,,H,plain,completed,True,ok,True,False,"[0.5, 0.5, 0.5, 0.5, 0.5, 0.5, 0.5, 0.5, 0.5, 0.5]",0.25,False,0.00558,stop
completion_repeat:Pbe2c91a32679:astra:known,completion_repeat,astra,Pbe2c91a32679,,known,,H,plain,completed,True,ok,True,False,"[0.5, 0.5, 0.5, 0.5, 0.5, 0.5, 0.5, 0.5, 0.5, 0.5]",0.25,False,0.0057,stop
completion_repeat:P6206e64a1a46:mimo:known,completion_repeat,mimo,P6206e64a1a46,,known,,H,fair,completed,True,ok,True,False,"[0.5, 0.5, 0.5, 0.5, 0.5, 0.5, 0.5, 0.5, 0.5, 0.5]",0.25,False,0.000137025,stop
completion_repeat:Pb728176c80b0:fable:known,completion_repeat,fable,Pb728176c80b0,,known,,H,plain,completed,True,ok,True,False,"[0.52, 0.5, 0.5, 0.52, 0.5, 0.5, 0.52, 0.5, 0.5, 0.5]",0.24811999999999998,False,0.00577,stop
completion_repeat:P311165b56986:mimo:withheld,completion_repeat,mimo,P311165b56986,,withheld,,H,fair,completed,True,ok,True,False,"[0.5, 0.5, 0.5, 0.5, 0.5, 0.5, 0.5, 0.5, 0.5, 0.5]",0.25,False,0.00013572,stop
completion_repeat:Pb728176c80b0:astra:known,completion_repeat,astra,Pb728176c80b0,,known,,H,plain,completed,True,ok,True,False,"[0.5, 0.5, 0.5, 0.5, 0.5, 0.5, 0.5, 0.5, 0.5, 0.5]",0.25,False,0.00464,stop
completion_repeat:P9799ccdd11c6:mimo:withheld,completion_repeat,mimo,P9799ccdd11c6,,withheld,,H,fair,completed,True,ok,True,False,"[0.5, 0.5, 0.5, 0.5, 0.5, 0.5, 0.5, 0.5, 0.5, 0.5]",0.25,False,8.09358e-05,stop
completion_repeat:P030bc4e6312a:mimo:known,completion_repeat,mimo,P030bc4e6312a,,known,,H,plain,completed,True,ok,True,False,"[0.5, 0.5, 0.5, 0.5, 0.5, 0.5, 0.5, 0.5, 0.5, 0.5]",0.25,False,0.000137025,stop
completion_repeat:P311165b56986:astra:withheld,completion_repeat,astra,P311165b56986,,withheld,,H,fair,completed,True,ok,True,False,"[0.5, 0.5, 0.5, 0.5, 0.5, 0.5, 0.5, 0.5, 0.5, 0.5]",0.25,False,0.00465,stop
completion_repeat:Pbe2c91a32679:fable:known,completion_repeat,fable,Pbe2c91a32679,,known,,H,plain,completed,True,ok,True,False,"[0.5, 0.5, 0.5, 0.5, 0.5, 0.5, 0.5, 0.5, 0.5, 0.5]",0.25,False,0.00577,stop
completion_repeat:P5e7d1c65c23a:mimo:withheld,completion_repeat,mimo,P5e7d1c65c23a,,withheld,,H,fair,completed,True,ok,True,False,"[0.5, 0.5, 0.5, 0.5, 0.5, 0.5, 0.5, 0.5, 0.5, 0.5]",0.25,False,8.05008e-05,stop
completion_repeat:P37dcdba54f8a:astra:withheld,completion_repeat,astra,P37dcdba54f8a,,withheld,,H,plain,completed,True,ok,True,False,"[0.5, 0.5, 0.5, 0.5, 0.5, 0.5, 0.5, 0.5, 0.5, 0.5]",0.25,False,0.0056,stop
completion_repeat:Pb728176c80b0:mimo:known,completion_repeat,mimo,Pb728176c80b0,,known,,H,plain,completed,True,ok,True,False,"[0.5, 0.5, 0.5, 0.5, 0.5, 0.5, 0.5, 0.5, 0.5, 0.5]",0.25,False,0.000136155,stop
completion_repeat:P5e7d1c65c23a:fable:withheld,completion_repeat,fable,P5e7d1c65c23a,,withheld,,H,fair,completed,True,ok,False,True,"[0.85, 0.15, 0.84, 0.16, 0.83, 0.17, 0.82, 0.18, 0.81, 0.19]",0.029100000000000004,False,0.01203,stop
completion_repeat:Pbe2c91a32679:mimo:known,completion_repeat,mimo,Pbe2c91a32679,,known,,H,plain,completed,True,ok,True,False,"[0.5, 0.5, 0.5, 0.5, 0.5, 0.5, 0.5, 0.5, 0.5, 0.5]",0.25,False,0.00013659,stop
completion_repeat:Pac1e59009057:fable:withheld,completion_repeat,fable,Pac1e59009057,,withheld,,H,plain,completed,True,ok,True,False,"[0.5, 0.5, 0.5, 0.5, 0.5, 0.5, 0.5, 0.5, 0.5, 0.5]",0.25,False,0.00576,stop
completion_repeat:P9799ccdd11c6:astra:withheld,completion_repeat,astra,P9799ccdd11c6,,withheld,,H,fair,completed,True,ok,True,False,"[0.5, 0.5, 0.5, 0.5, 0.5, 0.5, 0.5, 0.5, 0.5, 0.5]",0.25,False,0.00466,stop
completion_repeat:Pfb1fbd01a972:mimo:withheld,completion_repeat,mimo,Pfb1fbd01a972,,withheld,,H,plain,completed,True,ok,True,False,"[0.5, 0.5, 0.5, 0.5, 0.5, 0.5, 0.5, 0.5, 0.5, 0.5]",0.25,False,8.05008e-05,stop
completion_repeat:Pfb1fbd01a972:astra:withheld,completion_repeat,astra,Pfb1fbd01a972,,withheld,,H,plain,completed,True,ok,True,False,"[0.5, 0.5, 0.5, 0.5, 0.5, 0.5, 0.5, 0.5, 0.5, 0.5]",0.25,False,0.0042,stop
completion_repeat:P5e7d1c65c23a:astra:withheld,completion_repeat,astra,P5e7d1c65c23a,,withheld,,H,fair,completed,True,ok,True,False,"[0.5, 0.5, 0.5, 0.5, 0.5, 0.5, 0.5, 0.5, 0.5, 0.5]",0.25,False,0.0067,stop
completion_repeat:P311165b56986:fable:withheld,completion_repeat,fable,P311165b56986,,withheld,,H,fair,completed,True,ok,True,False,"[0.5, 0.5, 0.5, 0.5, 0.5, 0.5, 0.5, 0.5, 0.5, 0.5]",0.25,False,0.00578,stop
completion_repeat:P08efdd7d726e:fable:known,completion_repeat,fable,P08efdd7d726e,,known,,H,fair,completed,True,ok,True,False,"[0.5, 0.5, 0.5, 0.5, 0.5, 0.5, 0.5, 0.5, 0.5, 0.5]",0.25,False,0.00579,stop
completion_repeat:Pac1e59009057:mimo:withheld,completion_repeat,mimo,Pac1e59009057,,withheld,,H,plain,completed,True,ok,True,False,"[0.5, 0.5, 0.5, 0.5, 0.5, 0.5, 0.5, 0.5, 0.5, 0.5]",0.25,False,8.05008e-05,stop
completion_repeat:Pac1e59009057:astra:withheld,completion_repeat,astra,Pac1e59009057,,withheld,,H,plain,completed,True,ok,True,False,"[0.5, 0.5, 0.5, 0.5, 0.5, 0.5, 0.5, 0.5, 0.5, 0.5]",0.25,False,0.00465,stop
completion_repeat:P9799ccdd11c6:fable:withheld,completion_repeat,fable,P9799ccdd11c6,,withheld,,H,fair,completed,True,ok,True,False,"[0.5, 0.5, 0.5, 0.5, 0.5, 0.5, 0.5, 0.5, 0.5, 0.5]",0.25,False,0.00578,stop
completion_repeat:P34df0d0e02ef:mimo:withheld,completion_repeat,mimo,P34df0d0e02ef,,withheld,,H,fair,completed,True,ok,True,False,"[0.5, 0.5, 0.5, 0.5, 0.5, 0.5, 0.5, 0.5, 0.5, 0.5]",0.25,False,0.000136155,stop
completion_repeat:Pfb1fbd01a972:fable:withheld,completion_repeat,fable,Pfb1fbd01a972,,withheld,,H,plain,completed,True,ok,True,False,"[0.5, 0.52, 0.5, 0.52, 0.5, 0.5, 0.52, 0.5, 0.5, 0.48]",0.25416,False,0.00576,stop
completion_repeat:P08efdd7d726e:astra:known,completion_repeat,astra,P08efdd7d726e,,known,,H,fair,completed,True,ok,True,False,"[0.5, 0.5, 0.5, 0.5, 0.5, 0.5, 0.5, 0.5, 0.5, 0.5]",0.25,False,0.0056,stop
completion_repeat:P08efdd7d726e:mimo:known,completion_repeat,mimo,P08efdd7d726e,,known,,H,fair,completed,True,ok,True,False,"[0.5, 0.5, 0.5, 0.5, 0.5, 0.5, 0.5, 0.5, 0.5, 0.5]",0.25,False,0.00013659,stop
completion_polarity:P34df0d0e02ef:mimo:known,completion_polarity,mimo,P34df0d0e02ef,,known,,T,fair,completed,True,ok,True,False,"[0.5, 0.5, 0.5, 0.5, 0.5, 0.5, 0.5, 0.5, 0.5, 0.5]",0.25,False,8.22408e-05,stop
completion_polarity:P030bc4e6312a:mimo:withheld,completion_polarity,mimo,P030bc4e6312a,,withheld,,T,plain,completed,True,ok,True,False,"[0.5, 0.5, 0.5, 0.5, 0.5, 0.5, 0.5, 0.5, 0.5, 0.5]",0.25,False,8.05008e-05,stop
completion_polarity:P6206e64a1a46:astra:withheld,completion_polarity,astra,P6206e64a1a46,,withheld,,T,fair,completed,True,ok,True,False,"[0.5, 0.5, 0.5, 0.5, 0.5, 0.5, 0.5, 0.5, 0.5, 0.5]",0.25,False,0.00465,stop
completion_polarity:P311165b56986:astra:known,completion_polarity,astra,P311165b56986,,known,,T,fair,completed,True,ok,True,False,"[0.5, 0.5, 0.5, 0.5, 0.5, 0.5, 0.5, 0.5, 0.5, 0.5]",0.25,False,0.0042,stop
completion_polarity:P37dcdba54f8a:mimo:known,completion_polarity,mimo,P37dcdba54f8a,,known,,T,plain,completed,True,ok,True,False,"[0.5, 0.5, 0.5, 0.5, 0.5, 0.5, 0.5, 0.5, 0.5, 0.5]",0.25,False,0.000137025,stop
completion_polarity:Pb728176c80b0:mimo:withheld,completion_polarity,mimo,Pb728176c80b0,,withheld,,T,plain,completed,True,ok,True,False,"[0.5, 0.5, 0.5, 0.5, 0.5, 0.5, 0.5, 0.5, 0.5, 0.5]",0.25,False,8.00658e-05,stop
completion_polarity:P9799ccdd11c6:astra:known,completion_polarity,astra,P9799ccdd11c6,,known,,T,fair,completed,True,ok,True,False,"[0.5, 0.5, 0.5, 0.5, 0.5, 0.5, 0.5, 0.5, 0.5, 0.5]",0.25,False,0.00569,stop
completion_polarity:Pac1e59009057:fable:known,completion_polarity,fable,Pac1e59009057,,known,,T,plain,completed,True,ok,True,False,"[0.5, 0.5, 0.5, 0.5, 0.5, 0.5, 0.5, 0.5, 0.5, 0.5]",0.25,False,0.00578,stop
completion_polarity:P9799ccdd11c6:mimo:known,completion_polarity,mimo,P9799ccdd11c6,,known,,T,fair,completed,True,ok,True,False,"[0.5, 0.5, 0.5, 0.5, 0.5, 0.5, 0.5, 0.5, 0.5, 0.5]",0.25,False,8.22408e-05,stop
completion_polarity:P34df0d0e02ef:fable:known,completion_polarity,fable,P34df0d0e02ef,,known,,T,fair,completed,True,ok,True,False,"[0.5, 0.5, 0.5, 0.5, 0.5, 0.5, 0.5, 0.5, 0.5, 0.5]",0.25,False,0.0058,stop
completion_polarity:P5e7d1c65c23a:fable:known,completion_polarity,fable,P5e7d1c65c23a,,known,,T,fair,completed,True,ok,False,True,"[0.15, 0.85, 0.15, 0.85, 0.15, 0.85, 0.15, 0.85, 0.15, 0.85]",0.022500000000000006,False,0.01418,stop
completion_polarity:Pfb1fbd01a972:mimo:known,completion_polarity,mimo,Pfb1fbd01a972,,known,,T,plain,completed,True,ok,True,False,"[0.5, 0.5, 0.5, 0.5, 0.5, 0.5, 0.5, 0.5, 0.5, 0.5]",0.25,False,8.18058e-05,stop
completion_polarity:Pb728176c80b0:fable:withheld,completion_polarity,fable,Pb728176c80b0,,withheld,,T,plain,completed,True,ok,True,False,"[0.5, 0.52, 0.5, 0.51, 0.5, 0.52, 0.5, 0.51, 0.5, 0.52]",0.25014,False,0.00576,stop
completion_polarity:P311165b56986:fable:known,completion_polarity,fable,P311165b56986,,known,,T,fair,completed,True,ok,True,False,"[0.5, 0.5, 0.5, 0.5, 0.5, 0.5, 0.5, 0.5, 0.5, 0.5]",0.25,False,0.00579,stop
completion_polarity:P9799ccdd11c6:fable:known,completion_polarity,fable,P9799ccdd11c6,,known,,T,fair,completed,True,ok,True,False,"[0.5, 0.5, 0.5, 0.5, 0.5, 0.5, 0.5, 0.5, 0.5, 0.5]",0.25,False,0.0058,stop
completion_polarity:P311165b56986:mimo:known,completion_polarity,mimo,P311165b56986,,known,,T,fair,completed,True,ok,True,False,"[0.5, 0.5, 0.5, 0.5, 0.5, 0.5, 0.5, 0.5, 0.5, 0.5]",0.25,False,0.00013659,stop
completion_polarity:Pfb1fbd01a972:astra:known,completion_polarity,astra,Pfb1fbd01a972,,known,,T,plain,completed,True,ok,True,False,"[0.5, 0.5, 0.5, 0.5, 0.5, 0.5, 0.5, 0.5, 0.5, 0.5]",0.25,False,0.00573,stop
completion_polarity:P08efdd7d726e:astra:withheld,completion_polarity,astra,P08efdd7d726e,,withheld,,T,fair,completed,True,ok,True,False,"[0.5, 0.5, 0.5, 0.5, 0.5, 0.5, 0.5, 0.5, 0.5, 0.5]",0.25,False,0.00465,stop
completion_polarity:P6206e64a1a46:fable:withheld,completion_polarity,fable,P6206e64a1a46,,withheld,,T,fair,completed,True,ok,True,False,"[0.5, 0.55, 0.5, 0.5, 0.5, 0.5, 0.5, 0.5, 0.5, 0.5]",0.25525000000000003,False,0.00578,stop
completion_polarity:P6206e64a1a46:mimo:withheld,completion_polarity,mimo,P6206e64a1a46,,withheld,,T,fair,completed,True,ok,True,False,"[0.5, 0.5, 0.5, 0.5, 0.5, 0.5, 0.5, 0.5, 0.5, 0.5]",0.25,False,8.05008e-05,stop
completion_polarity:Pac1e59009057:astra:known,completion_polarity,astra,Pac1e59009057,,known,,T,plain,completed,True,ok,True,False,"[0.5, 0.5, 0.5, 0.5, 0.5, 0.5, 0.5, 0.5, 0.5, 0.5]",0.25,False,0.00548,stop
completion_polarity:Pbe2c91a32679:astra:withheld,completion_polarity,astra,Pbe2c91a32679,,withheld,,T,plain,completed,True,ok,True,False,"[0.5, 0.5, 0.5, 0.5, 0.5, 0.5, 0.5, 0.5, 0.5, 0.5]",0.25,False,0.00545,stop
completion_polarity:P08efdd7d726e:mimo:withheld,completion_polarity,mimo,P08efdd7d726e,,withheld,,T,fair,completed,True,ok,True,False,"[0.5, 0.5, 0.5, 0.5, 0.5, 0.5, 0.5, 0.5, 0.5, 0.5]",0.25,False,8.05008e-05,stop
completion_polarity:Pb728176c80b0:astra:withheld,completion_polarity,astra,Pb728176c80b0,,withheld,,T,plain,completed,True,ok,True,False,"[0.5, 0.5, 0.5, 0.5, 0.5, 0.5, 0.5, 0.5, 0.5, 0.5]",0.25,False,0.00604,stop
completion_polarity:Pfb1fbd01a972:fable:known,completion_polarity,fable,Pfb1fbd01a972,,known,,T,plain,completed,True,ok,True,False,"[0.5, 0.52, 0.5, 0.5, 0.52, 0.5, 0.5, 0.52, 0.5, 0.5]",0.24411999999999998,False,0.00578,stop
completion_polarity:P37dcdba54f8a:astra:known,completion_polarity,astra,P37dcdba54f8a,,known,,T,plain,completed,True,ok,True,False,"[0.5, 0.5, 0.5, 0.5, 0.5, 0.5, 0.5, 0.5, 0.5, 0.5]",0.25,False,0.00468,stop
completion_polarity:P5e7d1c65c23a:mimo:known,completion_polarity,mimo,P5e7d1c65c23a,,known,,T,fair,completed,True,ok,True,False,"[0.5, 0.5, 0.5, 0.5, 0.5, 0.5, 0.5, 0.5, 0.5, 0.5]",0.25,False,8.18058e-05,stop
completion_polarity:Pac1e59009057:mimo:known,completion_polarity,mimo,Pac1e59009057,,known,,T,plain,completed,True,ok,True,False,"[0.5, 0.5, 0.5, 0.5, 0.5, 0.5, 0.5, 0.5, 0.5, 0.5]",0.25,False,8.18058e-05,stop
completion_polarity:P08efdd7d726e:fable:withheld,completion_polarity,fable,P08efdd7d726e,,withheld,,T,fair,completed,True,ok,True,False,"[0.55, 0.45, 0.55, 0.5, 0.55, 0.5, 0.5, 0.55, 0.5, 0.55]",0.2415,False,0.00578,stop
completion_polarity:P37dcdba54f8a:fable:known,completion_polarity,fable,P37dcdba54f8a,,known,,T,plain,completed,True,ok,True,False,"[0.5, 0.5, 0.5, 0.5, 0.5, 0.5, 0.5, 0.5, 0.5, 0.5]",0.25,False,0.00581,stop
completion_polarity:P34df0d0e02ef:astra:known,completion_polarity,astra,P34df0d0e02ef,,known,,T,fair,completed,True,ok,True,False,"[0.5, 0.5, 0.5, 0.5, 0.5, 0.5, 0.5, 0.5, 0.5, 0.5]",0.25,False,0.00469,stop
completion_polarity:P030bc4e6312a:fable:withheld,completion_polarity,fable,P030bc4e6312a,,withheld,,T,plain,completed,True,ok,True,False,"[0.5, 0.5, 0.52, 0.5, 0.5, 0.5, 0.5, 0.5, 0.5, 0.5]",0.24803999999999998,False,0.00576,stop
completion_polarity:Pbe2c91a32679:mimo:withheld,completion_polarity,mimo,Pbe2c91a32679,,withheld,,T,plain,completed,True,ok,True,False,"[0.5, 0.5, 0.5, 0.5, 0.5, 0.5, 0.5, 0.5, 0.5, 0.5]",0.25,False,0.00013572,stop
completion_polarity:P030bc4e6312a:astra:withheld,completion_polarity,astra,P030bc4e6312a,,withheld,,T,plain,completed,True,ok,True,False,"[0.5, 0.5, 0.5, 0.5, 0.5, 0.5, 0.5, 0.5, 0.5, 0.5]",0.25,False,0.00545,stop
completion_polarity:Pbe2c91a32679:fable:withheld,completion_polarity,fable,Pbe2c91a32679,,withheld,,T,plain,completed,True,ok,True,False,"[0.5, 0.5, 0.5, 0.5, 0.5, 0.5, 0.5, 0.5, 0.5, 0.5]",0.25,False,0.00576,stop
completion_polarity:P5e7d1c65c23a:astra:known,completion_polarity,astra,P5e7d1c65c23a,,known,,T,fair,completed,True,ok,True,False,"[0.08, 0.92, 0.1, 0.9, 0.12, 0.88, 0.14, 0.86, 0.16, 0.84]",0.0152,False,0.01213,stop
completion_polarity:P6206e64a1a46:mimo:known,completion_polarity,mimo,P6206e64a1a46,,known,,T,fair,completed,True,ok,True,False,"[0.5, 0.5, 0.5, 0.5, 0.5, 0.5, 0.5, 0.5, 0.5, 0.5]",0.25,False,8.18058e-05,stop
completion_polarity:P6206e64a1a46:fable:known,completion_polarity,fable,P6206e64a1a46,,known,,T,fair,completed,True,ok,True,False,"[0.5, 0.5, 0.5, 0.5, 0.5, 0.5, 0.5, 0.5, 0.5, 0.5]",0.25,False,0.00583,stop
completion_polarity:Pfb1fbd01a972:astra:withheld,completion_polarity,astra,Pfb1fbd01a972,,withheld,,T,plain,completed,True,ok,True,False,"[0.5, 0.5, 0.5, 0.5, 0.5, 0.5, 0.5, 0.5, 0.5, 0.5]",0.25,False,0.00465,stop
completion_polarity:P9799ccdd11c6:astra:withheld,completion_polarity,astra,P9799ccdd11c6,,withheld,,T,fair,completed,True,ok,True,False,"[0.5, 0.5, 0.5, 0.5, 0.5, 0.5, 0.5, 0.5, 0.5, 0.5]",0.25,False,0.00466,stop
completion_polarity:P34df0d0e02ef:mimo:withheld,completion_polarity,mimo,P34df0d0e02ef,,withheld,,T,fair,completed,True,ok,True,False,"[0.5, 0.5, 0.5, 0.5, 0.5, 0.5, 0.5, 0.5, 0.5, 0.5]",0.25,False,0.000136155,stop
completion_polarity:P08efdd7d726e:astra:known,completion_polarity,astra,P08efdd7d726e,,known,,T,fair,completed,True,ok,True,False,"[0.5, 0.5, 0.5, 0.5, 0.5, 0.5, 0.5, 0.5, 0.5, 0.5]",0.25,False,0.00575,stop
completion_polarity:P37dcdba54f8a:fable:withheld,completion_polarity,fable,P37dcdba54f8a,,withheld,,T,plain,completed,True,ok,True,False,"[0.5, 0.52, 0.5, 0.5, 0.52, 0.5, 0.5, 0.52, 0.5, 0.5]",0.25212,False,0.00576,stop
completion_polarity:Pb728176c80b0:fable:known,completion_polarity,fable,Pb728176c80b0,,known,,T,plain,completed,True,ok,True,False,"[0.5, 0.5, 0.5, 0.5, 0.5, 0.5, 0.5, 0.5, 0.5, 0.5]",0.25,False,0.00577,stop
completion_polarity:Pbe2c91a32679:astra:known,completion_polarity,astra,Pbe2c91a32679,,known,,T,plain,completed,True,ok,True,False,"[0.5, 0.5, 0.5, 0.5, 0.5, 0.5, 0.5, 0.5, 0.5, 0.5]",0.25,False,0.00465,stop
completion_polarity:P311165b56986:astra:withheld,completion_polarity,astra,P311165b56986,,withheld,,T,fair,completed,True,ok,True,False,"[0.5, 0.5, 0.5, 0.5, 0.5, 0.5, 0.5, 0.5, 0.5, 0.5]",0.25,False,0.00465,stop
completion_polarity:P34df0d0e02ef:astra:withheld,completion_polarity,astra,P34df0d0e02ef,,withheld,,T,fair,completed,True,ok,True,False,"[0.5, 0.5, 0.5, 0.5, 0.5, 0.5, 0.5, 0.5, 0.5, 0.5]",0.25,False,0.00466,stop
completion_polarity:Pac1e59009057:fable:withheld,completion_polarity,fable,Pac1e59009057,,withheld,,T,plain,completed,True,ok,True,False,"[0.5, 0.5, 0.5, 0.5, 0.5, 0.5, 0.5, 0.5, 0.5, 0.5]",0.25,False,0.00576,stop
completion_polarity:Pbe2c91a32679:mimo:known,completion_polarity,mimo,Pbe2c91a32679,,known,,T,plain,completed,True,ok,True,False,"[0.5, 0.5, 0.5, 0.5, 0.5, 0.5, 0.5, 0.5, 0.5, 0.5]",0.25,False,0.00013659,stop
completion_polarity:Pac1e59009057:mimo:withheld,completion_polarity,mimo,Pac1e59009057,,withheld,,T,plain,completed,True,ok,True,False,"[0.5, 0.5, 0.5, 0.5, 0.5, 0.5, 0.5, 0.5, 0.5, 0.5]",0.25,False,8.05008e-05,stop
completion_polarity:P9799ccdd11c6:fable:withheld,completion_polarity,fable,P9799ccdd11c6,,withheld,,T,fair,completed,True,ok,True,False,"[0.5, 0.5, 0.5, 0.5, 0.5, 0.5, 0.5, 0.5, 0.5, 0.5]",0.25,False,0.00578,stop
completion_polarity:Pfb1fbd01a972:mimo:withheld,completion_polarity,mimo,Pfb1fbd01a972,,withheld,,T,plain,completed,True,ok,True,False,"[0.5, 0.5, 0.5, 0.5, 0.5, 0.5, 0.5, 0.5, 0.5, 0.5]",0.25,False,0.00013572,stop
completion_polarity:P37dcdba54f8a:astra:withheld,completion_polarity,astra,P37dcdba54f8a,,withheld,,T,plain,completed,True,ok,True,False,"[0.5, 0.5, 0.5, 0.5, 0.5, 0.5, 0.5, 0.5, 0.5, 0.5]",0.25,False,0.00465,stop
completion_polarity:P311165b56986:mimo:withheld,completion_polarity,mimo,P311165b56986,,withheld,,T,fair,completed,True,ok,True,False,"[0.5, 0.5, 0.5, 0.5, 0.5, 0.5, 0.5, 0.5, 0.5, 0.5]",0.25,False,0.00013572,stop
completion_polarity:P08efdd7d726e:mimo:known,completion_polarity,mimo,P08efdd7d726e,,known,,T,fair,completed,True,ok,True,False,"[0.5, 0.5, 0.5, 0.5, 0.5, 0.5, 0.5, 0.5, 0.5, 0.5]",0.25,False,8.13708e-05,stop
completion_polarity:P5e7d1c65c23a:astra:withheld,completion_polarity,astra,P5e7d1c65c23a,,withheld,,T,fair,completed,True,ok,True,False,"[0.5, 0.5, 0.5, 0.5, 0.5, 0.5, 0.5, 0.5, 0.5, 0.5]",0.25,False,0.0071,stop
completion_polarity:Pbe2c91a32679:fable:known,completion_polarity,fable,Pbe2c91a32679,,known,,T,plain,completed,True,ok,True,False,"[0.5, 0.5, 0.5, 0.5, 0.5, 0.5, 0.5, 0.5, 0.5, 0.5]",0.25,False,0.00577,stop
completion_polarity:P311165b56986:fable:withheld,completion_polarity,fable,P311165b56986,,withheld,,T,fair,completed,True,ok,True,False,"[0.52, 0.5, 0.5, 0.5, 0.5, 0.5, 0.5, 0.5, 0.5, 0.5]",0.24803999999999998,False,0.00578,stop
completion_polarity:Pb728176c80b0:mimo:known,completion_polarity,mimo,Pb728176c80b0,,known,,T,plain,completed,True,ok,True,False,"[0.5, 0.5, 0.5, 0.5, 0.5, 0.5, 0.5, 0.5, 0.5, 0.5]",0.25,False,0.000136155,stop
completion_polarity:P37dcdba54f8a:mimo:withheld,completion_polarity,mimo,P37dcdba54f8a,,withheld,,T,plain,completed,True,ok,True,False,"[0.5, 0.5, 0.5, 0.5, 0.5, 0.5, 0.5, 0.5, 0.5, 0.5]",0.25,False,8.05008e-05,stop
completion_polarity:P08efdd7d726e:fable:known,completion_polarity,fable,P08efdd7d726e,,known,,T,fair,completed,True,ok,True,False,"[0.5, 0.5, 0.5, 0.5, 0.5, 0.5, 0.5, 0.5, 0.5, 0.5]",0.25,False,0.00579,stop
completion_polarity:P030bc4e6312a:fable:known,completion_polarity,fable,P030bc4e6312a,,known,,T,plain,completed,True,ok,True,False,"[0.5, 0.52, 0.5, 0.52, 0.5, 0.5, 0.52, 0.5, 0.5, 0.52]",0.24616,False,0.00581,stop
completion_polarity:P030bc4e6312a:mimo:known,completion_polarity,mimo,P030bc4e6312a,,known,,T,plain,completed,True,ok,True,False,"[0.5, 0.5, 0.5, 0.5, 0.5, 0.5, 0.5, 0.5, 0.5, 0.5]",0.25,False,0.000137025,stop
completion_polarity:Pb728176c80b0:astra:known,completion_polarity,astra,Pb728176c80b0,,known,,T,plain,completed,True,ok,True,False,"[0.5, 0.5, 0.5, 0.5, 0.5, 0.5, 0.5, 0.5, 0.5, 0.5]",0.25,False,0.00464,stop
completion_polarity:P030bc4e6312a:astra:known,completion_polarity,astra,P030bc4e6312a,,known,,T,plain,completed,True,ok,True,False,"[0.5, 0.5, 0.5, 0.5, 0.5, 0.5, 0.5, 0.5, 0.5, 0.5]",0.25,False,0.00568,stop
completion_polarity:Pac1e59009057:astra:withheld,completion_polarity,astra,Pac1e59009057,,withheld,,T,plain,completed,True,ok,True,False,"[0.5, 0.5, 0.5, 0.5, 0.5, 0.5, 0.5, 0.5, 0.5, 0.5]",0.25,False,0.00465,stop
completion_polarity:P34df0d0e02ef:fable:withheld,completion_polarity,fable,P34df0d0e02ef,,withheld,,T,fair,completed,True,ok,True,False,"[0.5, 0.52, 0.5, 0.48, 0.5, 0.52, 0.5, 0.5, 0.48, 0.5]",0.24616,False,0.00578,stop
completion_polarity:P5e7d1c65c23a:mimo:withheld,completion_polarity,mimo,P5e7d1c65c23a,,withheld,,T,fair,completed,True,ok,True,False,"[0.5, 0.5, 0.5, 0.5, 0.5, 0.5, 0.5, 0.5, 0.5, 0.5]",0.25,False,8.05008e-05,stop
completion_polarity:P9799ccdd11c6:mimo:withheld,completion_polarity,mimo,P9799ccdd11c6,,withheld,,T,fair,completed,True,ok,True,False,"[0.5, 0.5, 0.5, 0.5, 0.5, 0.5, 0.5, 0.5, 0.5, 0.5]",0.25,False,8.09358e-05,stop
completion_polarity:P6206e64a1a46:astra:known,completion_polarity,astra,P6206e64a1a46,,known,,T,fair,completed,True,ok,True,False,"[0.5, 0.5, 0.5, 0.5, 0.5, 0.5, 0.5, 0.5, 0.5, 0.5]",0.25,False,0.00468,stop
completion_polarity:Pfb1fbd01a972:fable:withheld,completion_polarity,fable,Pfb1fbd01a972,,withheld,,T,plain,completed,True,ok,True,False,"[0.5, 0.5, 0.5, 0.5, 0.5, 0.5, 0.5, 0.5, 0.5, 0.5]",0.25,False,0.00576,stop
completion_polarity:P5e7d1c65c23a:fable:withheld,completion_polarity,fable,P5e7d1c65c23a,,withheld,,T,fair,completed,True,ok,False,True,"[0.15, 0.85, 0.17, 0.83, 0.19, 0.81, 0.21, 0.79, 0.23, 0.77]",0.036899999999999995,False,0.01213,stop
completion_prior:astra:fair:withheld,completion_prior,astra,,,withheld,,,fair,completed,True,ok,True,False,"[0.5, 0.5, 0.5, 0.5, 0.5, 0.5, 0.5, 0.5, 0.5, 0.5]",,False,0.00439,stop
completion_prior:astra:plain:withheld,completion_prior,astra,,,withheld,,,plain,completed,True,ok,True,False,"[0.5, 0.5, 0.5, 0.5, 0.5, 0.5, 0.5, 0.5, 0.5, 0.5]",,False,0.00438,stop
completion_prior:astra:plain:astra,completion_prior,astra,,,known,,,plain,completed,True,ok,True,False,"[0.5, 0.5, 0.5, 0.5, 0.5, 0.5, 0.5, 0.5, 0.5, 0.5]",,False,0.00438,stop
completion_prior:astra:plain:fable,completion_prior,astra,,,known,,,plain,completed,True,ok,True,False,"[0.5, 0.5, 0.5, 0.5, 0.5, 0.5, 0.5, 0.5, 0.5, 0.5]",,False,0.00441,stop
completion_prior:astra:fair:fable,completion_prior,astra,,,known,,,fair,completed,True,ok,True,False,"[0.5, 0.5, 0.5, 0.5, 0.5, 0.5, 0.5, 0.5, 0.5, 0.5]",,False,0.00442,stop
completion_prior:astra:fair:mimo,completion_prior,astra,,,known,,,fair,completed,True,ok,True,False,"[0.5, 0.5, 0.5, 0.5, 0.5, 0.5, 0.5, 0.5, 0.5, 0.5]",,False,0.00442,stop
completion_prior:astra:fair:astra,completion_prior,astra,,,known,,,fair,completed,True,ok,True,False,"[0.5, 0.5, 0.5, 0.5, 0.5, 0.5, 0.5, 0.5, 0.5, 0.5]",,False,0.00439,stop
completion_prior:astra:plain:mimo,completion_prior,astra,,,known,,,plain,completed,True,ok,True,False,"[0.5, 0.5, 0.5, 0.5, 0.5, 0.5, 0.5, 0.5, 0.5, 0.5]",,False,0.00561,stop
completion_prior:fable:plain:astra,completion_prior,fable,,,known,,,plain,completed,True,ok,True,False,"[0.5, 0.5, 0.5, 0.5, 0.5, 0.5, 0.5, 0.5, 0.5, 0.5]",,False,0.0053,stop
completion_prior:fable:fair:mimo,completion_prior,fable,,,known,,,fair,completed,True,ok,True,False,"[0.5, 0.5, 0.5, 0.5, 0.5, 0.5, 0.5, 0.5, 0.5, 0.5]",,False,0.00536,stop
completion_prior:fable:fair:astra,completion_prior,fable,,,known,,,fair,completed,True,ok,True,False,"[0.5, 0.5, 0.5, 0.5, 0.5, 0.5, 0.5, 0.5, 0.5, 0.5]",,False,0.00532,stop
completion_prior:fable:plain:withheld,completion_prior,fable,,,withheld,,,plain,completed,True,ok,True,False,"[0.5, 0.5, 0.5, 0.5, 0.5, 0.5, 0.5, 0.5, 0.5, 0.5]",,False,0.00529,stop
completion_prior:fable:plain:fable,completion_prior,fable,,,known,,,plain,completed,True,ok,True,False,"[0.5, 0.5, 0.5, 0.5, 0.5, 0.5, 0.5, 0.5, 0.5, 0.5]",,False,0.00531,stop
completion_prior:fable:plain:mimo,completion_prior,fable,,,known,,,plain,completed,True,ok,True,False,"[0.5, 0.5, 0.5, 0.5, 0.5, 0.5, 0.5, 0.5, 0.5, 0.5]",,False,0.00534,stop
completion_prior:mimo:plain:fable,completion_prior,mimo,,,known,,,plain,completed,True,ok,True,False,"[0.5, 0.5, 0.5, 0.5, 0.5, 0.5, 0.5, 0.5, 0.5, 0.5]",,False,0.00012441,stop
completion_prior:mimo:plain:astra,completion_prior,mimo,,,known,,,plain,completed,True,ok,True,False,"[0.5, 0.5, 0.5, 0.5, 0.5, 0.5, 0.5, 0.5, 0.5, 0.5]",,False,0.000123975,stop
completion_prior:fable:fair:fable,completion_prior,fable,,,known,,,fair,completed,True,ok,True,False,"[0.5, 0.5, 0.5, 0.5, 0.5, 0.5, 0.5, 0.5, 0.5, 0.5]",,False,0.00533,stop
completion_prior:fable:fair:withheld,completion_prior,fable,,,withheld,,,fair,completed,True,ok,True,False,"[0.5, 0.5, 0.5, 0.5, 0.5, 0.5, 0.5, 0.5, 0.5, 0.5]",,False,0.00531,stop
completion_prior:mimo:plain:mimo,completion_prior,mimo,,,known,,,plain,completed,True,ok,True,False,"[0.5, 0.5, 0.5, 0.5, 0.5, 0.5, 0.5, 0.5, 0.5, 0.5]",,False,0.00012441,stop
completion_prior:mimo:plain:withheld,completion_prior,mimo,,,withheld,,,plain,completed,True,ok,True,False,"[0.5, 0.5, 0.5, 0.5, 0.5, 0.5, 0.5, 0.5, 0.5, 0.5]",,False,0.000123105,stop
completion_prior:mimo:fair:withheld,completion_prior,mimo,,,withheld,,,fair,completed,True,ok,True,False,"[0.5, 0.5, 0.5, 0.5, 0.5, 0.5, 0.5, 0.5, 0.5, 0.5]",,False,0.00012354,stop
completion_prior:mimo:fair:mimo,completion_prior,mimo,,,known,,,fair,completed,True,ok,True,False,"[0.5, 0.5, 0.5, 0.5, 0.5, 0.5, 0.5, 0.5, 0.5, 0.5]",,False,0.000124845,stop
completion_prior:mimo:fair:astra,completion_prior,mimo,,,known,,,fair,completed,True,ok,True,False,"[0.5, 0.5, 0.5, 0.5, 0.5, 0.5, 0.5, 0.5, 0.5, 0.5]",,False,0.00012441,stop
completion_prior:mimo:fair:fable,completion_prior,mimo,,,known,,,fair,completed,True,ok,True,False,"[0.5, 0.5, 0.5, 0.5, 0.5, 0.5, 0.5, 0.5, 0.5, 0.5]",,False,0.000124845,stop
pairs:PRce50e4c69b64:designated:mimo,pairs,mimo,,PRce50e4c69b64,,designated,SAME,plain,completed,True,ok,True,False,0.5,,True,6.264e-05,stop
pairs:PR01acd1baba5c:swapped:mimo,pairs,mimo,,PR01acd1baba5c,,swapped,SAME,plain,completed,True,ok,True,False,0.5,,True,6.2205e-05,stop
pairs:PR5e2256a590d4:swapped:fable,pairs,fable,,PR5e2256a590d4,,swapped,SAME,fair,completed,True,ok,True,False,0.25,,True,0.00238,stop
pairs:PRb6d4617d79c5:designated:fable,pairs,fable,,PRb6d4617d79c5,,designated,SAME,plain,completed,True,ok,True,False,0.55,,True,0.00236,stop
pairs:PR953565f87e01:designated:fable,pairs,fable,,PR953565f87e01,,designated,SAME,fair,completed,True,ok,True,False,0.6,,True,0.00237,stop
pairs:PR34e580e44628:swapped:fable,pairs,fable,,PR34e580e44628,,swapped,SAME,fair,completed,True,ok,True,False,0.85,,True,0.00238,stop
pairs:PR01acd1baba5c:designated:fable,pairs,fable,,PR01acd1baba5c,,designated,SAME,plain,completed,True,ok,True,False,0.55,,True,0.00236,stop
pairs:PRb29b3c08adfb:swapped:mimo,pairs,mimo,,PRb29b3c08adfb,,swapped,SAME,fair,completed,True,ok,True,False,0.5,,True,6.2205e-05,stop
pairs:PR7696261c2d1d:designated:fable,pairs,fable,,PR7696261c2d1d,,designated,SAME,plain,completed,True,ok,True,False,0.6,,True,0.00236,stop
pairs:PR953565f87e01:designated:mimo,pairs,mimo,,PR953565f87e01,,designated,SAME,fair,completed,True,ok,True,False,0.5,,True,6.2205e-05,stop
pairs:PRfba485e46ba2:swapped:mimo,pairs,mimo,,PRfba485e46ba2,,swapped,SAME,plain,completed,True,ok,True,False,0.5,,True,6.177e-05,stop
pairs:PRf781d7731fd2:designated:fable,pairs,fable,,PRf781d7731fd2,,designated,SAME,plain,completed,True,ok,True,False,0.62,,True,0.00236,stop
pairs:PReae07da1208d:designated:astra,pairs,astra,,PReae07da1208d,,designated,SAME,fair,completed,True,ok,True,False,0.5,,True,0.00311,stop
pairs:PR795d50fdd829:swapped:astra,pairs,astra,,PR795d50fdd829,,swapped,SAME,plain,completed,True,ok,True,False,0.5,,True,0.00395,stop
pairs:PR795d50fdd829:designated:astra,pairs,astra,,PR795d50fdd829,,designated,SAME,plain,completed,True,ok,True,False,0.5,,True,0.0028,stop
pairs:PRbdde5302f996:designated:mimo,pairs,mimo,,PRbdde5302f996,,designated,SAME,plain,completed,True,ok,True,False,0.5,,True,6.264e-05,stop
pairs:PR675e2307f844:designated:fable,pairs,fable,,PR675e2307f844,,designated,SAME,fair,completed,True,ok,True,False,0.72,,True,0.00238,stop
pairs:PR7696261c2d1d:swapped:astra,pairs,astra,,PR7696261c2d1d,,swapped,SAME,plain,completed,True,ok,True,False,0.5,,True,0.00282,stop
pairs:PR780e1ccc0ac8:swapped:fable,pairs,fable,,PR780e1ccc0ac8,,swapped,SAME,plain,completed,True,ok,True,False,0.5,,True,0.00236,stop
pairs:PR43d0d58399a7:swapped:mimo,pairs,mimo,,PR43d0d58399a7,,swapped,SAME,plain,completed,True,ok,True,False,0.5,,True,6.2205e-05,stop
pairs:PRe689eff4b5f2:swapped:fable,pairs,fable,,PRe689eff4b5f2,,swapped,SAME,fair,completed,True,ok,True,False,0.62,,True,0.00237,stop
pairs:PR4662d0af4fd6:swapped:fable,pairs,fable,,PR4662d0af4fd6,,swapped,SAME,plain,completed,True,ok,True,False,0.72,,True,0.00236,stop
pairs:PR5de8d2081c79:designated:fable,pairs,fable,,PR5de8d2081c79,,designated,SAME,plain,completed,True,ok,True,False,0.6,,True,0.00236,stop
pairs:PR74fe71848d91:designated:fable,pairs,fable,,PR74fe71848d91,,designated,SAME,plain,completed,True,ok,True,False,0.55,,True,0.00236,stop
pairs:PRe4a3df67cfe8:swapped:astra,pairs,astra,,PRe4a3df67cfe8,,swapped,SAME,plain,completed,True,ok,True,False,0.5,,True,0.00321,stop
pairs:PRe689eff4b5f2:designated:mimo,pairs,mimo,,PRe689eff4b5f2,,designated,SAME,fair,completed,True,ok,True,False,0.5,,True,6.351e-05,stop
pairs:PRcee97816c406:swapped:fable,pairs,fable,,PRcee97816c406,,swapped,SAME,fair,completed,True,ok,True,False,0.55,,True,0.00238,stop
pairs:PRa6ae8ba10db5:swapped:fable,pairs,fable,,PRa6ae8ba10db5,,swapped,SAME,plain,completed,True,ok,True,False,0.55,,True,0.00236,stop
pairs:PR8c881ce45cfa:swapped:astra,pairs,astra,,PR8c881ce45cfa,,swapped,SAME,fair,completed,True,ok,True,False,0.5,,True,0.00272,stop
pairs:PRdade4e3292bd:swapped:mimo,pairs,mimo,,PRdade4e3292bd,,swapped,SAME,plain,completed,True,ok,True,False,0.5,,True,6.264e-05,stop
pairs:PR26bbeb78cc8e:swapped:mimo,pairs,mimo,,PR26bbeb78cc8e,,swapped,SAME,plain,completed,True,ok,True,False,0.5,,True,6.2205e-05,stop
pairs:PR97fb8b15cb43:swapped:fable,pairs,fable,,PR97fb8b15cb43,,swapped,SAME,plain,completed,True,ok,True,False,0.6,,True,0.00236,stop
pairs:PRe83c39e65024:designated:astra,pairs,astra,,PRe83c39e65024,,designated,SAME,plain,completed,True,ok,True,False,0.5,,True,0.00292,stop
pairs:PRb6d4617d79c5:designated:mimo,pairs,mimo,,PRb6d4617d79c5,,designated,SAME,plain,completed,True,ok,True,False,0.5,,True,6.2205e-05,stop
pairs:PRf5c6d0f02841:designated:mimo,pairs,mimo,,PRf5c6d0f02841,,designated,SAME,fair,completed,True,ok,True,False,0.5,,True,6.264e-05,stop
pairs:PRa4ae23c6d14d:swapped:astra,pairs,astra,,PRa4ae23c6d14d,,swapped,SAME,fair,completed,True,ok,True,False,0.5,,True,0.00302,stop
pairs:PRe83c39e65024:swapped:astra,pairs,astra,,PRe83c39e65024,,swapped,SAME,plain,completed,True,ok,True,False,0.5,,True,0.00267,stop
pairs:PRca51cdabe265:swapped:astra,pairs,astra,,PRca51cdabe265,,swapped,SAME,fair,completed,True,ok,True,False,0.5,,True,0.00266,stop
pairs:PR08c2fc20441d:swapped:astra,pairs,astra,,PR08c2fc20441d,,swapped,SAME,plain,completed,True,ok,True,False,0.5,,True,0.00647,stop
pairs:PRdade4e3292bd:designated:mimo,pairs,mimo,,PRdade4e3292bd,,designated,SAME,plain,completed,True,ok,True,False,0.5,,True,6.264e-05,stop
pairs:PR90b841f0e65a:swapped:mimo,pairs,mimo,,PR90b841f0e65a,,swapped,SAME,plain,completed,True,ok,True,False,0.5,,True,6.2205e-05,stop
pairs:PRc4e8d0c3ab32:designated:mimo,pairs,mimo,,PRc4e8d0c3ab32,,designated,SAME,plain,completed,True,ok,True,False,0.5,,True,6.264e-05,stop
pairs:PRe4a3df67cfe8:designated:mimo,pairs,mimo,,PRe4a3df67cfe8,,designated,SAME,plain,completed,True,ok,True,False,0.5,,True,6.2205e-05,stop
pairs:PR93fc446dbd1a:swapped:fable,pairs,fable,,PR93fc446dbd1a,,swapped,SAME,plain,completed,True,ok,True,False,0.6,,True,0.00236,stop
pairs:PR7bcf537a002a:designated:mimo,pairs,mimo,,PR7bcf537a002a,,designated,SAME,fair,completed,True,ok,True,False,0.5,,True,6.264e-05,stop
pairs:PRbdde5302f996:swapped:astra,pairs,astra,,PRbdde5302f996,,swapped,SAME,plain,completed,True,ok,True,False,0.99,,True,0.00732,stop
pairs:PR3e59a7af3c29:designated:astra,pairs,astra,,PR3e59a7af3c29,,designated,SAME,plain,completed,True,ok,True,False,0.5,,True,0.00306,stop
pairs:PR48d508591d4b:designated:mimo,pairs,mimo,,PR48d508591d4b,,designated,SAME,plain,completed,True,ok,True,False,0.5,,True,6.2205e-05,stop
pairs:PR899d179034e6:designated:mimo,pairs,mimo,,PR899d179034e6,,designated,SAME,fair,completed,True,ok,True,False,0.5,,True,6.3075e-05,stop
pairs:PR1a9a4cd7bc0d:swapped:fable,pairs,fable,,PR1a9a4cd7bc0d,,swapped,SAME,fair,completed,True,ok,True,False,0.5,,True,0.00237,stop
pairs:PR452bcc80efd2:designated:fable,pairs,fable,,PR452bcc80efd2,,designated,SAME,fair,completed,True,ok,True,False,0.25,,True,0.00238,stop
pairs:PR48d508591d4b:designated:astra,pairs,astra,,PR48d508591d4b,,designated,SAME,plain,completed,True,ok,True,False,0.5,,True,0.00486,stop
pairs:PR271b73bc00de:swapped:fable,pairs,fable,,PR271b73bc00de,,swapped,SAME,fair,completed,True,ok,True,False,0.6,,True,0.00237,stop
pairs:PRa0e4cda71d58:designated:mimo,pairs,mimo,,PRa0e4cda71d58,,designated,SAME,plain,completed,True,ok,True,False,0.5,,True,6.177e-05,stop
pairs:PR6b8362ba585f:designated:astra,pairs,astra,,PR6b8362ba585f,,designated,SAME,plain,completed,True,ok,True,False,0.5,,True,0.00281,stop
pairs:PReae07da1208d:designated:mimo,pairs,mimo,,PReae07da1208d,,designated,SAME,fair,completed,True,ok,True,False,0.5,,True,6.2205e-05,stop
pairs:PRe85e6ef6ef19:designated:mimo,pairs,mimo,,PRe85e6ef6ef19,,designated,SAME,plain,completed,True,ok,True,False,0.5,,True,6.2205e-05,stop
pairs:PR02f3106af1ab:swapped:astra,pairs,astra,,PR02f3106af1ab,,swapped,SAME,plain,completed,True,ok,True,False,0.5,,True,0.00302,stop
pairs:PR0390b3e61bc8:designated:astra,pairs,astra,,PR0390b3e61bc8,,designated,SAME,fair,completed,True,ok,True,False,0.5,,True,0.00307,stop
pairs:PRe689eff4b5f2:swapped:mimo,pairs,mimo,,PRe689eff4b5f2,,swapped,SAME,fair,completed,True,ok,True,False,0.5,,True,6.351e-05,stop
pairs:PR23b60d50b0a9:swapped:astra,pairs,astra,,PR23b60d50b0a9,,swapped,SAME,fair,completed,True,ok,True,False,0.5,,True,0.00291,stop
pairs:PRb5a8ac48b0ba:swapped:mimo,pairs,mimo,,PRb5a8ac48b0ba,,swapped,SAME,fair,completed,True,ok,True,False,0.5,,True,6.3075e-05,stop
pairs:PR9a20a9141673:designated:astra,pairs,astra,,PR9a20a9141673,,designated,SAME,plain,completed,True,ok,True,False,0.5,,True,0.00986,stop
pairs:PR47b2cdd54cfe:swapped:fable,pairs,fable,,PR47b2cdd54cfe,,swapped,SAME,fair,completed,True,ok,True,False,0.62,,True,0.00238,stop
pairs:PR97fb8b15cb43:swapped:astra,pairs,astra,,PR97fb8b15cb43,,swapped,SAME,plain,completed,True,ok,True,False,0.5,,True,0.00276,stop
pairs:PR9f2c5bfa8b92:designated:fable,pairs,fable,,PR9f2c5bfa8b92,,designated,SAME,plain,completed,True,ok,True,False,0.55,,True,0.00235,stop
pairs:PReae07da1208d:swapped:astra,pairs,astra,,PReae07da1208d,,swapped,SAME,fair,completed,True,ok,True,False,0.5,,True,0.00306,stop
pairs:PR88b219c13c0d:designated:fable,pairs,fable,,PR88b219c13c0d,,designated,SAME,fair,completed,True,ok,True,False,0.9,,True,0.00238,stop
pairs:PRe0573ab2bac6:swapped:mimo,pairs,mimo,,PRe0573ab2bac6,,swapped,SAME,plain,completed,True,ok,True,False,0.5,,True,6.2205e-05,stop
pairs:PR780e1ccc0ac8:designated:fable,pairs,fable,,PR780e1ccc0ac8,,designated,SAME,plain,completed,True,ok,True,False,0.55,,True,0.00236,stop
pairs:PR8c881ce45cfa:swapped:mimo,pairs,mimo,,PR8c881ce45cfa,,swapped,SAME,fair,completed,True,ok,True,False,0.5,,True,6.264e-05,stop
pairs:PR7bcf537a002a:swapped:mimo,pairs,mimo,,PR7bcf537a002a,,swapped,SAME,fair,completed,True,ok,True,False,0.5,,True,6.264e-05,stop
pairs:PRecceb40bdbc1:designated:fable,pairs,fable,,PRecceb40bdbc1,,designated,SAME,fair,completed,True,ok,True,False,0.55,,True,0.00238,stop
pairs:PR4a19d5c427d1:swapped:fable,pairs,fable,,PR4a19d5c427d1,,swapped,SAME,plain,completed,True,ok,True,False,0.62,,True,0.00236,stop
pairs:PR88b219c13c0d:swapped:astra,pairs,astra,,PR88b219c13c0d,,swapped,SAME,fair,completed,True,ok,True,False,0.5,,True,0.00296,stop
pairs:PR48d508591d4b:swapped:mimo,pairs,mimo,,PR48d508591d4b,,swapped,SAME,plain,completed,True,ok,True,False,0.5,,True,6.2205e-05,stop
pairs:PR34e580e44628:swapped:astra,pairs,astra,,PR34e580e44628,,swapped,SAME,fair,completed,True,ok,True,False,0.5,,True,0.00421,stop
pairs:PR03decbcc6867:designated:fable,pairs,fable,,PR03decbcc6867,,designated,SAME,plain,completed,True,ok,True,False,0.72,,True,0.00236,stop
pairs:PRa6ae8ba10db5:designated:astra,pairs,astra,,PRa6ae8ba10db5,,designated,SAME,plain,completed,True,ok,True,False,0.5,,True,0.00262,stop
pairs:PR9b22fa569173:designated:fable,pairs,fable,,PR9b22fa569173,,designated,SAME,plain,completed,True,ok,True,False,0.6,,True,0.00236,stop
pairs:PR155025653e76:designated:fable,pairs,fable,,PR155025653e76,,designated,SAME,plain,completed,True,ok,True,False,0.5,,True,0.00236,stop
pairs:PR07ab1bb4a7d8:designated:astra,pairs,astra,,PR07ab1bb4a7d8,,designated,SAME,plain,completed,True,ok,True,False,0.5,,True,0.00281,stop
pairs:PR26bbeb78cc8e:designated:mimo,pairs,mimo,,PR26bbeb78cc8e,,designated,SAME,plain,completed,True,ok,True,False,0.5,,True,6.2205e-05,stop
pairs:PR30764c2f7f10:swapped:fable,pairs,fable,,PR30764c2f7f10,,swapped,SAME,plain,completed,True,ok,True,False,0.62,,True,0.00236,stop
pairs:PRe0573ab2bac6:swapped:astra,pairs,astra,,PRe0573ab2bac6,,swapped,SAME,plain,completed,True,ok,True,False,0.5,,True,0.00316,stop
pairs:PR07ab1bb4a7d8:swapped:mimo,pairs,mimo,,PR07ab1bb4a7d8,,swapped,SAME,plain,completed,True,ok,True,False,0.5,,True,6.2205e-05,stop
pairs:PRb4469a83b868:swapped:fable,pairs,fable,,PRb4469a83b868,,swapped,SAME,fair,completed,True,ok,True,False,0.72,,True,0.00238,stop
pairs:PR30764c2f7f10:designated:mimo,pairs,mimo,,PR30764c2f7f10,,designated,SAME,plain,completed,True,ok,True,False,0.5,,True,6.3075e-05,stop
pairs:PR04eee0a21619:swapped:astra,pairs,astra,,PR04eee0a21619,,swapped,SAME,plain,completed,True,ok,True,False,0.5,,True,0.00286,stop
pairs:PR606d6429937a:designated:astra,pairs,astra,,PR606d6429937a,,designated,SAME,plain,completed,True,ok,True,False,0.5,,True,0.00326,stop
pairs:PR03decbcc6867:swapped:fable,pairs,fable,,PR03decbcc6867,,swapped,SAME,plain,completed,False,multiple_or_no_numbers,False,False,,,True,0.00891,stop
pairs:PR0110147319e9:swapped:mimo,pairs,mimo,,PR0110147319e9,,swapped,SAME,plain,completed,True,ok,True,False,0.5,,True,6.264e-05,stop
pairs:PRa0e4cda71d58:swapped:astra,pairs,astra,,PRa0e4cda71d58,,swapped,SAME,plain,completed,True,ok,True,False,0.5,,True,0.0032,stop
pairs:PRb4469a83b868:designated:mimo,pairs,mimo,,PRb4469a83b868,,designated,SAME,fair,completed,True,ok,True,False,0.5,,True,6.3075e-05,stop
pairs:PRbfc410874ea0:designated:mimo,pairs,mimo,,PRbfc410874ea0,,designated,SAME,plain,completed,True,ok,True,False,0.5,,True,6.2205e-05,stop
pairs:PRadf729f088f0:swapped:astra,pairs,astra,,PRadf729f088f0,,swapped,SAME,plain,completed,True,ok,True,False,0.5,,True,0.00261,stop
pairs:PR08c2fc20441d:designated:mimo,pairs,mimo,,PR08c2fc20441d,,designated,SAME,plain,completed,True,ok,True,False,0.5,,True,6.264e-05,stop
pairs:PRbd53aacd5247:designated:mimo,pairs,mimo,,PRbd53aacd5247,,designated,SAME,plain,completed,True,ok,True,False,0.5,,True,6.264e-05,stop
pairs:PRce50e4c69b64:swapped:astra,pairs,astra,,PRce50e4c69b64,,swapped,SAME,plain,completed,True,ok,True,False,0.5,,True,0.00392,stop
pairs:PRdade4e3292bd:designated:fable,pairs,fable,,PRdade4e3292bd,,designated,SAME,plain,completed,True,ok,True,False,0.65,,True,0.00236,stop
pairs:PR0110147319e9:designated:fable,pairs,fable,,PR0110147319e9,,designated,SAME,plain,completed,True,ok,True,False,0.85,,True,0.00236,stop
pairs:PRecceb40bdbc1:designated:mimo,pairs,mimo,,PRecceb40bdbc1,,designated,SAME,fair,completed,True,ok,True,False,0.5,,True,6.264e-05,stop
pairs:PRb4469a83b868:swapped:mimo,pairs,mimo,,PRb4469a83b868,,swapped,SAME,fair,completed,True,ok,True,False,0.5,,True,6.3075e-05,stop
pairs:PRce50e4c69b64:swapped:mimo,pairs,mimo,,PRce50e4c69b64,,swapped,SAME,plain,completed,True,ok,True,False,0.5,,True,6.264e-05,stop
pairs:PR271b73bc00de:designated:mimo,pairs,mimo,,PR271b73bc00de,,designated,SAME,fair,completed,True,ok,True,False,0.5,,True,6.264e-05,stop
pairs:PR62c697058909:swapped:astra,pairs,astra,,PR62c697058909,,swapped,SAME,plain,completed,True,ok,True,False,0.5,,True,0.00411,stop
pairs:PRd65166ca3eef:designated:mimo,pairs,mimo,,PRd65166ca3eef,,designated,SAME,plain,completed,True,ok,True,False,0.5,,True,6.264e-05,stop
pairs:PR780e1ccc0ac8:swapped:mimo,pairs,mimo,,PR780e1ccc0ac8,,swapped,SAME,plain,completed,True,ok,True,False,0.5,,True,6.177e-05,stop
pairs:PR30764c2f7f10:designated:fable,pairs,fable,,PR30764c2f7f10,,designated,SAME,plain,completed,True,ok,True,False,0.65,,True,0.00236,stop
pairs:PRe5a98bbd7a7e:swapped:astra,pairs,astra,,PRe5a98bbd7a7e,,swapped,SAME,plain,completed,True,ok,True,False,0.5,,True,0.0028,stop
pairs:PRadf729f088f0:swapped:fable,pairs,fable,,PRadf729f088f0,,swapped,SAME,plain,completed,True,ok,True,False,0.6,,True,0.00236,stop
pairs:PR88b219c13c0d:designated:astra,pairs,astra,,PR88b219c13c0d,,designated,SAME,fair,completed,True,ok,True,False,0.5,,True,0.00306,stop
pairs:PRbd53aacd5247:designated:astra,pairs,astra,,PRbd53aacd5247,,designated,SAME,plain,completed,True,ok,True,False,0.5,,True,0.00302,stop
pairs:PRe0573ab2bac6:designated:astra,pairs,astra,,PRe0573ab2bac6,,designated,SAME,plain,completed,True,ok,True,False,0.5,,True,0.00276,stop
pairs:PRbfc410874ea0:designated:fable,pairs,fable,,PRbfc410874ea0,,designated,SAME,plain,completed,True,ok,True,False,0.6,,True,0.00236,stop
pairs:PR03e84163ff1d:swapped:astra,pairs,astra,,PR03e84163ff1d,,swapped,SAME,plain,completed,True,ok,True,False,0.5,,True,0.00286,stop
pairs:PR899d179034e6:swapped:astra,pairs,astra,,PR899d179034e6,,swapped,SAME,fair,completed,True,ok,True,False,0.5,,True,0.00288,stop
pairs:PR899d179034e6:swapped:mimo,pairs,mimo,,PR899d179034e6,,swapped,SAME,fair,completed,True,ok,True,False,0.5,,True,6.3075e-05,stop
pairs:PR5e2256a590d4:swapped:astra,pairs,astra,,PR5e2256a590d4,,swapped,SAME,fair,completed,True,ok,True,False,0.5,,True,0.00315,stop
pairs:PR452bcc80efd2:swapped:astra,pairs,astra,,PR452bcc80efd2,,swapped,SAME,fair,completed,True,ok,True,False,0.5,,True,0.00291,stop
pairs:PR9f2c5bfa8b92:swapped:mimo,pairs,mimo,,PR9f2c5bfa8b92,,swapped,SAME,plain,completed,True,ok,True,False,0.5,,True,6.264e-05,stop
pairs:PR806034e39f52:swapped:mimo,pairs,mimo,,PR806034e39f52,,swapped,SAME,plain,completed,True,ok,True,False,0.5,,True,6.2205e-05,stop
pairs:PRe4a3df67cfe8:swapped:fable,pairs,fable,,PRe4a3df67cfe8,,swapped,SAME,plain,completed,True,ok,True,False,0.6,,True,0.00236,stop
pairs:PReae07da1208d:swapped:mimo,pairs,mimo,,PReae07da1208d,,swapped,SAME,fair,completed,True,ok,True,False,0.5,,True,6.2205e-05,stop
pairs:PRc4e8d0c3ab32:swapped:mimo,pairs,mimo,,PRc4e8d0c3ab32,,swapped,SAME,plain,completed,True,ok,True,False,0.5,,True,6.264e-05,stop
pairs:PR90b841f0e65a:designated:mimo,pairs,mimo,,PR90b841f0e65a,,designated,SAME,plain,completed,True,ok,True,False,0.5,,True,6.2205e-05,stop
pairs:PRecceb40bdbc1:swapped:mimo,pairs,mimo,,PRecceb40bdbc1,,swapped,SAME,fair,completed,True,ok,True,False,0.5,,True,6.264e-05,stop
pairs:PR57714878477b:swapped:mimo,pairs,mimo,,PR57714878477b,,swapped,SAME,plain,completed,True,ok,True,False,0.5,,True,6.2205e-05,stop
pairs:PR5e2256a590d4:designated:fable,pairs,fable,,PR5e2256a590d4,,designated,SAME,fair,completed,True,ok,True,False,0.3,,True,0.00238,stop
pairs:PR9b22fa569173:designated:mimo,pairs,mimo,,PR9b22fa569173,,designated,SAME,plain,completed,True,ok,True,False,0.5,,True,6.2205e-05,stop
pairs:PRaa041d48e153:swapped:mimo,pairs,mimo,,PRaa041d48e153,,swapped,SAME,plain,completed,True,ok,True,False,0.5,,True,6.177e-05,stop
pairs:PRe1edec1c89cb:designated:mimo,pairs,mimo,,PRe1edec1c89cb,,designated,SAME,plain,completed,True,ok,True,False,0.5,,True,6.177e-05,stop
pairs:PRcee97816c406:designated:astra,pairs,astra,,PRcee97816c406,,designated,SAME,fair,completed,True,ok,True,False,0.5,,True,0.00312,stop
pairs:PRe85e6ef6ef19:swapped:mimo,pairs,mimo,,PRe85e6ef6ef19,,swapped,SAME,plain,completed,True,ok,True,False,0.5,,True,6.2205e-05,stop
pairs:PR4a19d5c427d1:designated:mimo,pairs,mimo,,PR4a19d5c427d1,,designated,SAME,plain,completed,True,ok,True,False,0.5,,True,6.2205e-05,stop
pairs:PRadf729f088f0:swapped:mimo,pairs,mimo,,PRadf729f088f0,,swapped,SAME,plain,completed,True,ok,True,False,0.5,,True,6.2205e-05,stop
pairs:PR43d0d58399a7:designated:mimo,pairs,mimo,,PR43d0d58399a7,,designated,SAME,plain,completed,True,ok,True,False,0.5,,True,6.2205e-05,stop
pairs:PRb6d4617d79c5:swapped:astra,pairs,astra,,PRb6d4617d79c5,,swapped,SAME,plain,completed,True,ok,True,False,0.5,,True,0.00326,stop
pairs:PR675e2307f844:designated:astra,pairs,astra,,PR675e2307f844,,designated,SAME,fair,completed,True,ok,True,False,0.5,,True,0.00326,stop
pairs:PRb1b350e0d63c:designated:astra,pairs,astra,,PRb1b350e0d63c,,designated,SAME,plain,completed,True,ok,True,False,0.5,,True,0.00246,stop
pairs:PR3699c0857ccb:swapped:astra,pairs,astra,,PR3699c0857ccb,,swapped,SAME,plain,completed,True,ok,True,False,0.5,,True,0.00292,stop
pairs:PR7cf7e6749146:designated:mimo,pairs,mimo,,PR7cf7e6749146,,designated,SAME,plain,completed,True,ok,True,False,0.5,,True,6.2205e-05,stop
pairs:PR47b2cdd54cfe:designated:mimo,pairs,mimo,,PR47b2cdd54cfe,,designated,SAME,fair,completed,True,ok,True,False,0.5,,True,6.264e-05,stop
pairs:PR452bcc80efd2:designated:mimo,pairs,mimo,,PR452bcc80efd2,,designated,SAME,fair,completed,True,ok,True,False,0.5,,True,6.2205e-05,stop
pairs:PReae07da1208d:designated:fable,pairs,fable,,PReae07da1208d,,designated,SAME,fair,completed,True,ok,True,False,0.72,,True,0.00238,stop
pairs:PR0110147319e9:swapped:astra,pairs,astra,,PR0110147319e9,,swapped,SAME,plain,completed,True,ok,True,False,0.5,,True,0.00372,stop
pairs:PR3875601d89be:swapped:fable,pairs,fable,,PR3875601d89be,,swapped,SAME,plain,completed,True,ok,True,False,0.6,,True,0.00236,stop
pairs:PR36fa19fc6283:swapped:astra,pairs,astra,,PR36fa19fc6283,,swapped,SAME,fair,completed,True,ok,True,False,0.5,,True,0.00267,stop
pairs:PRe85e6ef6ef19:designated:fable,pairs,fable,,PRe85e6ef6ef19,,designated,SAME,plain,completed,True,ok,True,False,0.65,,True,0.00236,stop
pairs:PRa6ae8ba10db5:swapped:mimo,pairs,mimo,,PRa6ae8ba10db5,,swapped,SAME,plain,completed,True,ok,True,False,0.5,,True,6.264e-05,stop
pairs:PR93fc446dbd1a:designated:astra,pairs,astra,,PR93fc446dbd1a,,designated,SAME,plain,completed,True,ok,True,False,0.5,,True,0.00292,stop
pairs:PR26bbeb78cc8e:swapped:astra,pairs,astra,,PR26bbeb78cc8e,,swapped,SAME,plain,completed,True,ok,True,False,0.5,,True,0.00316,stop
pairs:PR6b8362ba585f:swapped:astra,pairs,astra,,PR6b8362ba585f,,swapped,SAME,plain,completed,True,ok,True,False,0.5,,True,0.00281,stop
pairs:PRecceb40bdbc1:swapped:astra,pairs,astra,,PRecceb40bdbc1,,swapped,SAME,fair,completed,True,ok,True,False,0.5,,True,0.00352,stop
pairs:PR5de8d2081c79:swapped:fable,pairs,fable,,PR5de8d2081c79,,swapped,SAME,plain,completed,True,ok,True,False,0.6,,True,0.00236,stop
pairs:PRb29b3c08adfb:designated:astra,pairs,astra,,PRb29b3c08adfb,,designated,SAME,fair,completed,True,ok,True,False,0.5,,True,0.00356,stop
pairs:PR9a20a9141673:swapped:astra,pairs,astra,,PR9a20a9141673,,swapped,SAME,plain,completed,True,ok,True,False,0.5,,True,0.00301,stop
pairs:PRf5c6d0f02841:swapped:astra,pairs,astra,,PRf5c6d0f02841,,swapped,SAME,fair,completed,True,ok,True,False,0.5,,True,0.00252,stop
pairs:PRaa041d48e153:swapped:fable,pairs,fable,,PRaa041d48e153,,swapped,SAME,plain,completed,True,ok,True,False,0.72,,True,0.00236,stop
pairs:PRcee97816c406:swapped:astra,pairs,astra,,PRcee97816c406,,swapped,SAME,fair,completed,True,ok,True,False,0.5,,True,0.00267,stop
pairs:PR3875601d89be:swapped:mimo,pairs,mimo,,PR3875601d89be,,swapped,SAME,plain,completed,True,ok,True,False,0.5,,True,6.264e-05,stop
pairs:PRe0573ab2bac6:designated:mimo,pairs,mimo,,PRe0573ab2bac6,,designated,SAME,plain,completed,True,ok,True,False,0.5,,True,6.2205e-05,stop
pairs:PR15dc436c9628:designated:astra,pairs,astra,,PR15dc436c9628,,designated,SAME,plain,completed,True,ok,True,False,0.5,,True,0.00276,stop
pairs:PR1a9a4cd7bc0d:designated:astra,pairs,astra,,PR1a9a4cd7bc0d,,designated,SAME,fair,completed,True,ok,True,False,0.5,,True,0.00282,stop
pairs:PRb4469a83b868:designated:fable,pairs,fable,,PRb4469a83b868,,designated,SAME,fair,completed,True,ok,True,False,0.9,,True,0.00238,stop
pairs:PRf6c212137626:designated:mimo,pairs,mimo,,PRf6c212137626,,designated,SAME,plain,completed,True,ok,True,False,0.5,,True,6.177e-05,stop
pairs:PRb6d4617d79c5:swapped:mimo,pairs,mimo,,PRb6d4617d79c5,,swapped,SAME,plain,completed,True,ok,True,False,0.5,,True,6.2205e-05,stop
pairs:PRb1b350e0d63c:swapped:astra,pairs,astra,,PRb1b350e0d63c,,swapped,SAME,plain,completed,True,ok,True,False,0.5,,True,0.00286,stop
pairs:PRa4ae23c6d14d:designated:mimo,pairs,mimo,,PRa4ae23c6d14d,,designated,SAME,fair,completed,True,ok,True,False,0.5,,True,6.264e-05,stop
pairs:PR04eee0a21619:swapped:mimo,pairs,mimo,,PR04eee0a21619,,swapped,SAME,plain,completed,True,ok,True,False,0.5,,True,6.2205e-05,stop
pairs:PR3e59a7af3c29:swapped:fable,pairs,fable,,PR3e59a7af3c29,,swapped,SAME,plain,completed,True,ok,True,False,0.55,,True,0.00236,stop
pairs:PRe5a98bbd7a7e:designated:mimo,pairs,mimo,,PRe5a98bbd7a7e,,designated,SAME,plain,completed,True,ok,True,False,0.5,,True,6.177e-05,stop
pairs:PR0e48925dce4f:swapped:mimo,pairs,mimo,,PR0e48925dce4f,,swapped,SAME,fair,completed,True,ok,True,False,0.5,,True,6.264e-05,stop
pairs:PR62c697058909:designated:mimo,pairs,mimo,,PR62c697058909,,designated,SAME,plain,completed,True,ok,True,False,0.5,,True,6.2205e-05,stop
pairs:PR36fa19fc6283:designated:fable,pairs,fable,,PR36fa19fc6283,,designated,SAME,fair,completed,True,ok,True,False,0.55,,True,0.00238,stop
pairs:PR9a20a9141673:swapped:mimo,pairs,mimo,,PR9a20a9141673,,swapped,SAME,plain,completed,True,ok,True,False,0.5,,True,6.2205e-05,stop
pairs:PR3699c0857ccb:designated:fable,pairs,fable,,PR3699c0857ccb,,designated,SAME,plain,completed,True,ok,True,False,0.6,,True,0.00236,stop
pairs:PR23b60d50b0a9:designated:fable,pairs,fable,,PR23b60d50b0a9,,designated,SAME,fair,completed,False,multiple_or_no_numbers,False,False,,,True,0.00568,stop
pairs:PR806034e39f52:designated:fable,pairs,fable,,PR806034e39f52,,designated,SAME,plain,completed,True,ok,True,False,0.55,,True,0.00236,stop
pairs:PR155025653e76:swapped:mimo,pairs,mimo,,PR155025653e76,,swapped,SAME,plain,completed,True,ok,True,False,0.5,,True,6.2205e-05,stop
pairs:PR0390b3e61bc8:swapped:astra,pairs,astra,,PR0390b3e61bc8,,swapped,SAME,fair,completed,True,ok,True,False,0.5,,True,0.00287,stop
pairs:PR90b841f0e65a:designated:fable,pairs,fable,,PR90b841f0e65a,,designated,SAME,plain,completed,True,ok,True,False,0.65,,True,0.00236,stop
pairs:PRbfe5b45397d6:designated:astra,pairs,astra,,PRbfe5b45397d6,,designated,SAME,plain,completed,True,ok,True,False,0.5,,True,0.00342,stop
pairs:PRb5a8ac48b0ba:designated:astra,pairs,astra,,PRb5a8ac48b0ba,,designated,SAME,fair,completed,True,ok,True,False,0.5,,True,0.00273,stop
pairs:PR899d179034e6:swapped:fable,pairs,fable,,PR899d179034e6,,swapped,SAME,fair,completed,True,ok,True,False,0.6,,True,0.00238,stop
pairs:PR97fb8b15cb43:swapped:mimo,pairs,mimo,,PR97fb8b15cb43,,swapped,SAME,plain,completed,True,ok,True,False,0.5,,True,6.9858e-06,stop
pairs:PR15dc436c9628:swapped:astra,pairs,astra,,PR15dc436c9628,,swapped,SAME,plain,completed,True,ok,True,False,0.5,,True,0.00296,stop
pairs:PR606d6429937a:swapped:astra,pairs,astra,,PR606d6429937a,,swapped,SAME,plain,completed,True,ok,True,False,0.5,,True,0.00276,stop
pairs:PR7696261c2d1d:designated:mimo,pairs,mimo,,PR7696261c2d1d,,designated,SAME,plain,completed,True,ok,True,False,0.5,,True,6.264e-05,stop
pairs:PR93fc446dbd1a:swapped:astra,pairs,astra,,PR93fc446dbd1a,,swapped,SAME,plain,completed,True,ok,True,False,0.5,,True,0.00317,stop
pairs:PR8f06ba340ddf:swapped:astra,pairs,astra,,PR8f06ba340ddf,,swapped,SAME,plain,completed,True,ok,True,False,0.5,,True,0.00367,stop
pairs:PR5e2256a590d4:designated:astra,pairs,astra,,PR5e2256a590d4,,designated,SAME,fair,completed,True,ok,True,False,0.5,,True,0.00345,stop
pairs:PR5d9467940577:designated:fable,pairs,fable,,PR5d9467940577,,designated,SAME,plain,completed,True,ok,True,False,0.65,,True,0.00236,stop
pairs:PRecbe0e4f035b:designated:mimo,pairs,mimo,,PRecbe0e4f035b,,designated,SAME,plain,completed,True,ok,True,False,0.5,,True,6.2205e-05,stop
pairs:PR5de8d2081c79:designated:astra,pairs,astra,,PR5de8d2081c79,,designated,SAME,plain,completed,True,ok,True,False,0.5,,True,0.00312,stop
pairs:PR953565f87e01:swapped:astra,pairs,astra,,PR953565f87e01,,swapped,SAME,fair,completed,True,ok,True,False,0.5,,True,0.00311,stop
pairs:PR2f90b92f4e63:swapped:fable,pairs,fable,,PR2f90b92f4e63,,swapped,SAME,plain,completed,True,ok,True,False,0.6,,True,0.00236,stop
pairs:PRc2ee10969303:swapped:fable,pairs,fable,,PRc2ee10969303,,swapped,SAME,fair,completed,True,ok,True,False,0.5,,True,0.00238,stop
pairs:PRf6c212137626:swapped:astra,pairs,astra,,PRf6c212137626,,swapped,SAME,plain,completed,True,ok,True,False,0.5,,True,0.00285,stop
pairs:PRca51cdabe265:swapped:fable,pairs,fable,,PRca51cdabe265,,swapped,SAME,fair,completed,True,ok,True,False,0.5,,True,0.00237,stop
pairs:PR97fb8b15cb43:designated:fable,pairs,fable,,PR97fb8b15cb43,,designated,SAME,plain,completed,True,ok,True,False,0.6,,True,0.00236,stop
pairs:PR07ab1bb4a7d8:swapped:astra,pairs,astra,,PR07ab1bb4a7d8,,swapped,SAME,plain,completed,True,ok,True,False,0.5,,True,0.00256,stop
pairs:PR3e59a7af3c29:designated:fable,pairs,fable,,PR3e59a7af3c29,,designated,SAME,plain,completed,True,ok,True,False,0.6,,True,0.00236,stop
pairs:PR899d179034e6:designated:astra,pairs,astra,,PR899d179034e6,,designated,SAME,fair,completed,True,ok,True,False,0.5,,True,0.00283,stop
pairs:PR2f90b92f4e63:designated:mimo,pairs,mimo,,PR2f90b92f4e63,,designated,SAME,plain,completed,True,ok,True,False,0.5,,True,6.264e-05,stop
pairs:PR26b3a61c565a:designated:fable,pairs,fable,,PR26b3a61c565a,,designated,SAME,plain,completed,True,ok,True,False,0.5,,True,0.00236,stop
pairs:PR74fe71848d91:swapped:mimo,pairs,mimo,,PR74fe71848d91,,swapped,SAME,plain,completed,True,ok,True,False,0.5,,True,6.2205e-05,stop
pairs:PR780e1ccc0ac8:designated:astra,pairs,astra,,PR780e1ccc0ac8,,designated,SAME,plain,completed,True,ok,True,False,0.5,,True,0.0028,stop
pairs:PRe4a3df67cfe8:swapped:mimo,pairs,mimo,,PRe4a3df67cfe8,,swapped,SAME,plain,completed,True,ok,True,False,0.5,,True,6.2205e-05,stop
pairs:PRf6c212137626:designated:astra,pairs,astra,,PRf6c212137626,,designated,SAME,plain,completed,True,ok,True,False,0.5,,True,0.0025,stop
pairs:PR36fa19fc6283:designated:astra,pairs,astra,,PR36fa19fc6283,,designated,SAME,fair,completed,True,ok,True,False,0.5,,True,0.00342,stop
pairs:PR3699c0857ccb:swapped:fable,pairs,fable,,PR3699c0857ccb,,swapped,SAME,plain,completed,True,ok,True,False,0.62,,True,0.00236,stop
pairs:PR26b3a61c565a:swapped:astra,pairs,astra,,PR26b3a61c565a,,swapped,SAME,plain,completed,True,ok,True,False,0.5,,True,0.00251,stop
pairs:PR57714878477b:swapped:astra,pairs,astra,,PR57714878477b,,swapped,SAME,plain,completed,True,ok,True,False,0.5,,True,0.00266,stop
pairs:PR3e59a7af3c29:designated:mimo,pairs,mimo,,PR3e59a7af3c29,,designated,SAME,plain,completed,True,ok,True,False,0.5,,True,6.2205e-05,stop
pairs:PR43d0d58399a7:swapped:fable,pairs,fable,,PR43d0d58399a7,,swapped,SAME,plain,completed,True,ok,True,False,0.55,,True,0.00236,stop
pairs:PR47b2cdd54cfe:swapped:astra,pairs,astra,,PR47b2cdd54cfe,,swapped,SAME,fair,completed,True,ok,True,False,0.5,,True,0.00272,stop
pairs:PR5e2256a590d4:designated:mimo,pairs,mimo,,PR5e2256a590d4,,designated,SAME,fair,completed,True,ok,True,False,0.5,,True,6.177e-05,stop
pairs:PRe3355dc8f156:swapped:astra,pairs,astra,,PRe3355dc8f156,,swapped,SAME,fair,completed,True,ok,True,False,0.5,,True,0.00337,stop
pairs:PR36fa19fc6283:swapped:fable,pairs,fable,,PR36fa19fc6283,,swapped,SAME,fair,completed,True,ok,True,False,0.5,,True,0.00238,stop
pairs:PR2f90b92f4e63:designated:fable,pairs,fable,,PR2f90b92f4e63,,designated,SAME,plain,completed,True,ok,True,False,0.55,,True,0.00236,stop
pairs:PR795d50fdd829:designated:fable,pairs,fable,,PR795d50fdd829,,designated,SAME,plain,completed,True,ok,True,False,0.35,,True,0.00236,stop
pairs:PR675e2307f844:designated:mimo,pairs,mimo,,PR675e2307f844,,designated,SAME,fair,completed,True,ok,True,False,0.5,,True,6.2205e-05,stop
pairs:PR9a20a9141673:designated:fable,pairs,fable,,PR9a20a9141673,,designated,SAME,plain,completed,True,ok,True,False,0.68,,True,0.00235,stop
pairs:PR08c2fc20441d:designated:fable,pairs,fable,,PR08c2fc20441d,,designated,SAME,plain,completed,True,ok,True,False,0.85,,True,0.00236,stop
pairs:PR43d0d58399a7:designated:fable,pairs,fable,,PR43d0d58399a7,,designated,SAME,plain,completed,True,ok,True,False,0.55,,True,0.00236,stop
pairs:PR03e84163ff1d:designated:fable,pairs,fable,,PR03e84163ff1d,,designated,SAME,plain,completed,True,ok,True,False,0.6,,True,0.00236,stop
pairs:PR0e48925dce4f:designated:astra,pairs,astra,,PR0e48925dce4f,,designated,SAME,fair,completed,True,ok,True,False,0.5,,True,0.00297,stop
pairs:PR7bcf537a002a:swapped:astra,pairs,astra,,PR7bcf537a002a,,swapped,SAME,fair,completed,True,ok,True,False,0.5,,True,0.00292,stop
pairs:PR5d9467940577:swapped:astra,pairs,astra,,PR5d9467940577,,swapped,SAME,plain,completed,True,ok,True,False,0.5,,True,0.00291,stop
pairs:PR7cf7e6749146:designated:astra,pairs,astra,,PR7cf7e6749146,,designated,SAME,plain,completed,True,ok,True,False,0.5,,True,0.00251,stop
pairs:PR155025653e76:swapped:astra,pairs,astra,,PR155025653e76,,swapped,SAME,plain,completed,True,ok,True,False,0.5,,True,0.00306,stop
pairs:PR48d508591d4b:swapped:astra,pairs,astra,,PR48d508591d4b,,swapped,SAME,plain,completed,True,ok,True,False,0.5,,True,0.00256,stop
pairs:PR86663b5ee6ef:swapped:mimo,pairs,mimo,,PR86663b5ee6ef,,swapped,SAME,fair,completed,True,ok,True,False,0.5,,True,6.2205e-05,stop
pairs:PR953565f87e01:swapped:fable,pairs,fable,,PR953565f87e01,,swapped,SAME,fair,completed,True,ok,True,False,0.6,,True,0.00237,stop
pairs:PRbdde5302f996:swapped:fable,pairs,fable,,PRbdde5302f996,,swapped,SAME,plain,completed,False,multiple_or_no_numbers,False,False,,,True,0.00426,stop
pairs:PRbdde5302f996:designated:astra,pairs,astra,,PRbdde5302f996,,designated,SAME,plain,completed,True,ok,True,False,0.5,,True,0.00852,stop
pairs:PR01acd1baba5c:swapped:fable,pairs,fable,,PR01acd1baba5c,,swapped,SAME,plain,completed,True,ok,True,False,0.55,,True,0.00236,stop
pairs:PR0e48925dce4f:swapped:fable,pairs,fable,,PR0e48925dce4f,,swapped,SAME,fair,completed,True,ok,True,False,0.6,,True,0.00238,stop
pairs:PRa0e4cda71d58:designated:fable,pairs,fable,,PRa0e4cda71d58,,designated,SAME,plain,completed,True,ok,True,False,0.68,,True,0.00236,stop
pairs:PR0110147319e9:designated:astra,pairs,astra,,PR0110147319e9,,designated,SAME,plain,completed,True,ok,True,False,0.5,,True,0.00432,stop
pairs:PRa6ae8ba10db5:designated:fable,pairs,fable,,PRa6ae8ba10db5,,designated,SAME,plain,completed,True,ok,True,False,0.6,,True,0.00236,stop
pairs:PRe689eff4b5f2:designated:astra,pairs,astra,,PRe689eff4b5f2,,designated,SAME,fair,completed,True,ok,True,False,0.5,,True,0.00264,stop
pairs:PRe83c39e65024:swapped:mimo,pairs,mimo,,PRe83c39e65024,,swapped,SAME,plain,completed,True,ok,True,False,0.5,,True,6.264e-05,stop
pairs:PRaa041d48e153:designated:fable,pairs,fable,,PRaa041d48e153,,designated,SAME,plain,completed,True,ok,True,False,0.72,,True,0.00236,stop
pairs:PR8f06ba340ddf:designated:mimo,pairs,mimo,,PR8f06ba340ddf,,designated,SAME,plain,completed,True,ok,True,False,0.5,,True,6.264e-05,stop
pairs:PRbfc410874ea0:swapped:astra,pairs,astra,,PRbfc410874ea0,,swapped,SAME,plain,completed,True,ok,True,False,0.5,,True,0.00281,stop
pairs:PR26b3a61c565a:designated:mimo,pairs,mimo,,PR26b3a61c565a,,designated,SAME,plain,completed,True,ok,True,False,0.5,,True,6.2205e-05,stop
pairs:PRe1edec1c89cb:swapped:fable,pairs,fable,,PRe1edec1c89cb,,swapped,SAME,plain,completed,False,multiple_or_no_numbers,False,False,,,True,0.00511,stop
pairs:PRca51cdabe265:designated:mimo,pairs,mimo,,PRca51cdabe265,,designated,SAME,fair,completed,True,ok,True,False,0.5,,True,6.2205e-05,stop
pairs:PRe5a98bbd7a7e:swapped:fable,pairs,fable,,PRe5a98bbd7a7e,,swapped,SAME,plain,completed,True,ok,True,False,0.5,,True,0.00236,stop
pairs:PR452bcc80efd2:swapped:mimo,pairs,mimo,,PR452bcc80efd2,,swapped,SAME,fair,completed,True,ok,True,False,0.5,,True,6.2205e-05,stop
pairs:PR5d9467940577:designated:astra,pairs,astra,,PR5d9467940577,,designated,SAME,plain,completed,True,ok,True,False,0.5,,True,0.00266,stop
pairs:PRb6d4617d79c5:swapped:fable,pairs,fable,,PRb6d4617d79c5,,swapped,SAME,plain,completed,True,ok,True,False,0.6,,True,0.00236,stop
pairs:PR806034e39f52:swapped:fable,pairs,fable,,PR806034e39f52,,swapped,SAME,plain,completed,True,ok,True,False,0.6,,True,0.00236,stop
pairs:PRe0573ab2bac6:designated:fable,pairs,fable,,PRe0573ab2bac6,,designated,SAME,plain,completed,True,ok,True,False,0.4,,True,0.00236,stop
pairs:PR34e580e44628:swapped:mimo,pairs,mimo,,PR34e580e44628,,swapped,SAME,fair,completed,True,ok,True,False,0.5,,True,6.2205e-05,stop
pairs:PR02f3106af1ab:designated:mimo,pairs,mimo,,PR02f3106af1ab,,designated,SAME,plain,completed,True,ok,True,False,0.5,,True,6.264e-05,stop
pairs:PR26b3a61c565a:swapped:mimo,pairs,mimo,,PR26b3a61c565a,,swapped,SAME,plain,completed,True,ok,True,False,0.5,,True,6.2205e-05,stop
pairs:PRb5a8ac48b0ba:swapped:astra,pairs,astra,,PRb5a8ac48b0ba,,swapped,SAME,fair,completed,True,ok,True,False,0.5,,True,0.00273,stop
pairs:PRbd53aacd5247:designated:fable,pairs,fable,,PRbd53aacd5247,,designated,SAME,plain,completed,True,ok,True,False,0.6,,True,0.00236,stop
pairs:PR43d0d58399a7:swapped:astra,pairs,astra,,PR43d0d58399a7,,swapped,SAME,plain,completed,True,ok,True,False,0.5,,True,0.00281,stop
pairs:PR02f3106af1ab:designated:astra,pairs,astra,,PR02f3106af1ab,,designated,SAME,plain,completed,True,ok,True,False,0.5,,True,0.00257,stop
pairs:PRa6ae8ba10db5:swapped:astra,pairs,astra,,PRa6ae8ba10db5,,swapped,SAME,plain,completed,True,ok,True,False,0.5,,True,0.00272,stop
pairs:PRaa041d48e153:designated:astra,pairs,astra,,PRaa041d48e153,,designated,SAME,plain,completed,True,ok,True,False,0.5,,True,0.0028,stop
pairs:PR15dc436c9628:designated:fable,pairs,fable,,PR15dc436c9628,,designated,SAME,plain,completed,True,ok,True,False,0.6,,True,0.00236,stop
pairs:PRb5a8ac48b0ba:designated:mimo,pairs,mimo,,PRb5a8ac48b0ba,,designated,SAME,fair,completed,True,ok,True,False,0.5,,True,6.3075e-05,stop
pairs:PR30764c2f7f10:swapped:mimo,pairs,mimo,,PR30764c2f7f10,,swapped,SAME,plain,completed,True,ok,True,False,0.5,,True,6.3075e-05,stop
pairs:PR72c336d564d4:designated:fable,pairs,fable,,PR72c336d564d4,,designated,SAME,plain,completed,True,ok,True,False,0.55,,True,0.00236,stop
pairs:PR90b841f0e65a:designated:astra,pairs,astra,,PR90b841f0e65a,,designated,SAME,plain,completed,True,ok,True,False,0.5,,True,0.00246,stop
pairs:PRb1b350e0d63c:swapped:fable,pairs,fable,,PRb1b350e0d63c,,swapped,SAME,plain,completed,True,ok,True,False,0.65,,True,0.00235,stop
pairs:PRadf729f088f0:designated:mimo,pairs,mimo,,PRadf729f088f0,,designated,SAME,plain,completed,True,ok,True,False,0.5,,True,6.2205e-05,stop
pairs:PRf5c6d0f02841:swapped:mimo,pairs,mimo,,PRf5c6d0f02841,,swapped,SAME,fair,completed,True,ok,True,False,0.5,,True,6.264e-05,stop
pairs:PR1a9a4cd7bc0d:designated:mimo,pairs,mimo,,PR1a9a4cd7bc0d,,designated,SAME,fair,completed,True,ok,True,False,0.5,,True,6.264e-05,stop
pairs:PR5daaebc43021:designated:astra,pairs,astra,,PR5daaebc43021,,designated,SAME,plain,completed,True,ok,True,False,0.5,,True,0.00397,stop
pairs:PR04eee0a21619:designated:mimo,pairs,mimo,,PR04eee0a21619,,designated,SAME,plain,completed,True,ok,True,False,0.5,,True,6.2205e-05,stop
pairs:PR3875601d89be:designated:fable,pairs,fable,,PR3875601d89be,,designated,SAME,plain,completed,True,ok,True,False,0.6,,True,0.00236,stop
pairs:PR780e1ccc0ac8:designated:mimo,pairs,mimo,,PR780e1ccc0ac8,,designated,SAME,plain,completed,True,ok,True,False,0.5,,True,6.177e-05,stop
pairs:PR88b219c13c0d:designated:mimo,pairs,mimo,,PR88b219c13c0d,,designated,SAME,fair,completed,True,ok,True,False,0.5,,True,6.2205e-05,stop
pairs:PR5de8d2081c79:swapped:astra,pairs,astra,,PR5de8d2081c79,,swapped,SAME,plain,completed,True,ok,True,False,0.5,,True,0.00332,stop
pairs:PRaa041d48e153:swapped:astra,pairs,astra,,PRaa041d48e153,,swapped,SAME,plain,completed,True,ok,True,False,0.85,,True,0.0094,stop
pairs:PR72c336d564d4:swapped:astra,pairs,astra,,PR72c336d564d4,,swapped,SAME,plain,completed,True,ok,True,False,0.5,,True,0.00322,stop
pairs:PR7cf7e6749146:swapped:mimo,pairs,mimo,,PR7cf7e6749146,,swapped,SAME,plain,completed,True,ok,True,False,0.5,,True,6.2205e-05,stop
pairs:PR86663b5ee6ef:designated:fable,pairs,fable,,PR86663b5ee6ef,,designated,SAME,fair,completed,True,ok,True,False,0.55,,True,0.00238,stop
pairs:PR4662d0af4fd6:swapped:astra,pairs,astra,,PR4662d0af4fd6,,swapped,SAME,plain,completed,True,ok,True,False,0.5,,True,0.00346,stop
pairs:PR15dc436c9628:designated:mimo,pairs,mimo,,PR15dc436c9628,,designated,SAME,plain,completed,True,ok,True,False,0.5,,True,6.2205e-05,stop
pairs:PR780e1ccc0ac8:swapped:astra,pairs,astra,,PR780e1ccc0ac8,,swapped,SAME,plain,completed,True,ok,True,False,0.5,,True,0.0032,stop
pairs:PRe5a98bbd7a7e:swapped:mimo,pairs,mimo,,PRe5a98bbd7a7e,,swapped,SAME,plain,completed,True,ok,True,False,0.5,,True,6.177e-05,stop
pairs:PRd65166ca3eef:swapped:fable,pairs,fable,,PRd65166ca3eef,,swapped,SAME,plain,completed,False,multiple_or_no_numbers,False,False,,,True,0.00651,stop
pairs:PRb5a8ac48b0ba:designated:fable,pairs,fable,,PRb5a8ac48b0ba,,designated,SAME,fair,completed,True,ok,True,False,0.6,,True,0.00238,stop
pairs:PRca51cdabe265:swapped:mimo,pairs,mimo,,PRca51cdabe265,,swapped,SAME,fair,completed,True,ok,True,False,0.5,,True,6.2205e-05,stop
pairs:PR08c2fc20441d:designated:astra,pairs,astra,,PR08c2fc20441d,,designated,SAME,plain,completed,True,ok,True,False,0.5,,True,0.00467,stop
pairs:PR57714878477b:swapped:fable,pairs,fable,,PR57714878477b,,swapped,SAME,plain,completed,True,ok,True,False,0.55,,True,0.00236,stop
pairs:PR271b73bc00de:swapped:astra,pairs,astra,,PR271b73bc00de,,swapped,SAME,fair,completed,True,ok,True,False,0.5,,True,0.00272,stop
pairs:PRa4ae23c6d14d:designated:astra,pairs,astra,,PRa4ae23c6d14d,,designated,SAME,fair,completed,True,ok,True,False,0.5,,True,0.00257,stop
pairs:PR36e843bf9a44:designated:fable,pairs,fable,,PR36e843bf9a44,,designated,SAME,fair,completed,True,ok,True,False,0.6,,True,0.00238,stop
pairs:PRbfe5b45397d6:designated:mimo,pairs,mimo,,PRbfe5b45397d6,,designated,SAME,plain,completed,True,ok,True,False,0.5,,True,6.264e-05,stop
pairs:PRaa041d48e153:designated:mimo,pairs,mimo,,PRaa041d48e153,,designated,SAME,plain,completed,True,ok,True,False,0.5,,True,6.177e-05,stop
pairs:PR47b2cdd54cfe:designated:fable,pairs,fable,,PR47b2cdd54cfe,,designated,SAME,fair,completed,True,ok,True,False,0.65,,True,0.00238,stop
pairs:PR72c336d564d4:swapped:mimo,pairs,mimo,,PR72c336d564d4,,swapped,SAME,plain,completed,True,ok,True,False,0.5,,True,6.264e-05,stop
pairs:PR93fc446dbd1a:swapped:mimo,pairs,mimo,,PR93fc446dbd1a,,swapped,SAME,plain,completed,True,ok,True,False,0.5,,True,6.264e-05,stop
pairs:PRa0e4cda71d58:designated:astra,pairs,astra,,PRa0e4cda71d58,,designated,SAME,plain,completed,True,ok,True,False,0.5,,True,0.00235,stop
pairs:PRdade4e3292bd:swapped:fable,pairs,fable,,PRdade4e3292bd,,swapped,SAME,plain,completed,True,ok,True,False,0.6,,True,0.00236,stop
pairs:PR48d508591d4b:designated:fable,pairs,fable,,PR48d508591d4b,,designated,SAME,plain,completed,True,ok,True,False,0.6,,True,0.00236,stop
pairs:PR57714878477b:designated:mimo,pairs,mimo,,PR57714878477b,,designated,SAME,plain,completed,True,ok,True,False,0.5,,True,6.9858e-06,stop
pairs:PRc2ee10969303:swapped:astra,pairs,astra,,PRc2ee10969303,,swapped,SAME,fair,completed,True,ok,True,False,0.5,,True,0.00272,stop
pairs:PR36fa19fc6283:designated:mimo,pairs,mimo,,PR36fa19fc6283,,designated,SAME,fair,completed,True,ok,True,False,0.5,,True,6.264e-05,stop
pairs:PRa0e4cda71d58:swapped:fable,pairs,fable,,PRa0e4cda71d58,,swapped,SAME,plain,completed,True,ok,True,False,0.65,,True,0.00236,stop
pairs:PRd65166ca3eef:designated:astra,pairs,astra,,PRd65166ca3eef,,designated,SAME,plain,completed,True,ok,True,False,0.5,,True,0.00387,stop
pairs:PR04eee0a21619:designated:fable,pairs,fable,,PR04eee0a21619,,designated,SAME,plain,completed,True,ok,True,False,0.6,,True,0.00236,stop
pairs:PR2f90b92f4e63:swapped:astra,pairs,astra,,PR2f90b92f4e63,,swapped,SAME,plain,completed,True,ok,True,False,0.5,,True,0.00262,stop
pairs:PRe3355dc8f156:swapped:fable,pairs,fable,,PRe3355dc8f156,,swapped,SAME,fair,completed,True,ok,True,False,0.68,,True,0.00238,stop
pairs:PR0390b3e61bc8:swapped:mimo,pairs,mimo,,PR0390b3e61bc8,,swapped,SAME,fair,completed,True,ok,True,False,0.5,,True,6.264e-05,stop
pairs:PR7696261c2d1d:swapped:mimo,pairs,mimo,,PR7696261c2d1d,,swapped,SAME,plain,completed,True,ok,True,False,0.5,,True,6.264e-05,stop
pairs:PR155025653e76:swapped:fable,pairs,fable,,PR155025653e76,,swapped,SAME,plain,completed,True,ok,True,False,0.5,,True,0.00236,stop
pairs:PR3875601d89be:designated:astra,pairs,astra,,PR3875601d89be,,designated,SAME,plain,completed,True,ok,True,False,0.5,,True,0.00287,stop
pairs:PR7bcf537a002a:swapped:fable,pairs,fable,,PR7bcf537a002a,,swapped,SAME,fair,completed,True,ok,True,False,0.55,,True,0.00238,stop
pairs:PR74fe71848d91:swapped:fable,pairs,fable,,PR74fe71848d91,,swapped,SAME,plain,completed,True,ok,True,False,0.6,,True,0.00236,stop
pairs:PRb6d4617d79c5:designated:astra,pairs,astra,,PRb6d4617d79c5,,designated,SAME,plain,completed,True,ok,True,False,0.5,,True,0.00361,stop
pairs:PR03decbcc6867:designated:astra,pairs,astra,,PR03decbcc6867,,designated,SAME,plain,completed,True,ok,True,False,0.5,,True,0.0028,stop
pairs:PR1a9a4cd7bc0d:designated:fable,pairs,fable,,PR1a9a4cd7bc0d,,designated,SAME,fair,completed,True,ok,True,False,0.5,,True,0.00237,stop
pairs:PR57714878477b:designated:fable,pairs,fable,,PR57714878477b,,designated,SAME,plain,completed,True,ok,True,False,0.6,,True,0.00236,stop
pairs:PR30764c2f7f10:swapped:astra,pairs,astra,,PR30764c2f7f10,,swapped,SAME,plain,completed,True,ok,True,False,0.5,,True,0.00363,stop
pairs:PR88b219c13c0d:swapped:mimo,pairs,mimo,,PR88b219c13c0d,,swapped,SAME,fair,completed,True,ok,True,False,0.5,,True,6.2205e-05,stop
pairs:PRd65166ca3eef:swapped:astra,pairs,astra,,PRd65166ca3eef,,swapped,SAME,plain,completed,True,ok,True,False,0.95,,True,0.00667,stop
pairs:PRe3355dc8f156:swapped:mimo,pairs,mimo,,PRe3355dc8f156,,swapped,SAME,fair,completed,True,ok,True,False,0.5,,True,6.264e-05,stop
pairs:PR57714878477b:designated:astra,pairs,astra,,PR57714878477b,,designated,SAME,plain,completed,True,ok,True,False,0.5,,True,0.00306,stop
pairs:PR04eee0a21619:swapped:fable,pairs,fable,,PR04eee0a21619,,swapped,SAME,plain,completed,True,ok,True,False,0.6,,True,0.00236,stop
pairs:PR7cf7e6749146:designated:fable,pairs,fable,,PR7cf7e6749146,,designated,SAME,plain,completed,True,ok,True,False,0.6,,True,0.00236,stop
pairs:PRb4469a83b868:swapped:astra,pairs,astra,,PRb4469a83b868,,swapped,SAME,fair,completed,True,ok,True,False,0.5,,True,0.00288,stop
pairs:PRa6ae8ba10db5:designated:mimo,pairs,mimo,,PRa6ae8ba10db5,,designated,SAME,plain,completed,True,ok,True,False,0.5,,True,6.264e-05,stop
pairs:PR806034e39f52:designated:mimo,pairs,mimo,,PR806034e39f52,,designated,SAME,plain,completed,True,ok,True,False,0.5,,True,6.2205e-05,stop
pairs:PR271b73bc00de:swapped:mimo,pairs,mimo,,PR271b73bc00de,,swapped,SAME,fair,completed,True,ok,True,False,0.5,,True,6.264e-05,stop
pairs:PR7cf7e6749146:swapped:astra,pairs,astra,,PR7cf7e6749146,,swapped,SAME,plain,completed,True,ok,True,False,0.5,,True,0.00276,stop
pairs:PR452bcc80efd2:swapped:fable,pairs,fable,,PR452bcc80efd2,,swapped,SAME,fair,completed,True,ok,True,False,0.3,,True,0.00238,stop
pairs:PR6b8362ba585f:designated:fable,pairs,fable,,PR6b8362ba585f,,designated,SAME,plain,completed,True,ok,True,False,0.72,,True,0.00236,stop
pairs:PR74fe71848d91:designated:mimo,pairs,mimo,,PR74fe71848d91,,designated,SAME,plain,completed,True,ok,True,False,0.5,,True,6.2205e-05,stop
pairs:PR606d6429937a:designated:fable,pairs,fable,,PR606d6429937a,,designated,SAME,plain,completed,True,ok,True,False,0.45,,True,0.00236,stop
pairs:PRbd53aacd5247:swapped:fable,pairs,fable,,PRbd53aacd5247,,swapped,SAME,plain,completed,True,ok,True,False,0.6,,True,0.00236,stop
pairs:PR953565f87e01:swapped:mimo,pairs,mimo,,PR953565f87e01,,swapped,SAME,fair,completed,True,ok,True,False,0.5,,True,6.2205e-05,stop
pairs:PR452bcc80efd2:designated:astra,pairs,astra,,PR452bcc80efd2,,designated,SAME,fair,completed,True,ok,True,False,0.5,,True,0.00316,stop
pairs:PRfba485e46ba2:swapped:astra,pairs,astra,,PRfba485e46ba2,,swapped,SAME,plain,completed,True,ok,True,False,0.5,,True,0.00395,stop
pairs:PRc2ee10969303:designated:fable,pairs,fable,,PRc2ee10969303,,designated,SAME,fair,completed,True,ok,True,False,0.5,,True,0.00238,stop
pairs:PRb29b3c08adfb:designated:fable,pairs,fable,,PRb29b3c08adfb,,designated,SAME,fair,completed,False,multiple_or_no_numbers,False,False,,,True,0.00608,stop
pairs:PR9a20a9141673:swapped:fable,pairs,fable,,PR9a20a9141673,,swapped,SAME,plain,completed,True,ok,True,False,0.65,,True,0.00235,stop
pairs:PRbfe5b45397d6:designated:fable,pairs,fable,,PRbfe5b45397d6,,designated,SAME,plain,completed,True,ok,True,False,0.65,,True,0.00236,stop
pairs:PR02f3106af1ab:designated:fable,pairs,fable,,PR02f3106af1ab,,designated,SAME,plain,completed,True,ok,True,False,0.6,,True,0.00236,stop
pairs:PR155025653e76:designated:astra,pairs,astra,,PR155025653e76,,designated,SAME,plain,completed,True,ok,True,False,0.5,,True,0.00331,stop
pairs:PR0390b3e61bc8:swapped:fable,pairs,fable,,PR0390b3e61bc8,,swapped,SAME,fair,completed,True,ok,True,False,0.65,,True,0.00238,stop
pairs:PR48d508591d4b:swapped:fable,pairs,fable,,PR48d508591d4b,,swapped,SAME,plain,completed,True,ok,True,False,0.68,,True,0.00236,stop
pairs:PRc4e8d0c3ab32:swapped:astra,pairs,astra,,PRc4e8d0c3ab32,,swapped,SAME,plain,completed,True,ok,True,False,0.5,,True,0.00367,stop
pairs:PR675e2307f844:swapped:astra,pairs,astra,,PR675e2307f844,,swapped,SAME,fair,completed,True,ok,True,False,0.5,,True,0.00306,stop
pairs:PRb5a8ac48b0ba:swapped:fable,pairs,fable,,PRb5a8ac48b0ba,,swapped,SAME,fair,completed,True,ok,True,False,0.6,,True,0.00238,stop
pairs:PR23b60d50b0a9:designated:mimo,pairs,mimo,,PR23b60d50b0a9,,designated,SAME,fair,completed,True,ok,True,False,0.5,,True,6.2205e-05,stop
pairs:PR271b73bc00de:designated:fable,pairs,fable,,PR271b73bc00de,,designated,SAME,fair,completed,True,ok,True,False,0.5,,True,0.00237,stop
pairs:PRce50e4c69b64:designated:astra,pairs,astra,,PRce50e4c69b64,,designated,SAME,plain,completed,True,ok,True,False,0.5,,True,0.00312,stop
pairs:PRf5c6d0f02841:designated:fable,pairs,fable,,PRf5c6d0f02841,,designated,SAME,fair,completed,True,ok,True,False,0.55,,True,0.00238,stop
pairs:PR6b8362ba585f:swapped:mimo,pairs,mimo,,PR6b8362ba585f,,swapped,SAME,plain,completed,True,ok,True,False,0.5,,True,6.2205e-05,stop
pairs:PR8f06ba340ddf:swapped:fable,pairs,fable,,PR8f06ba340ddf,,swapped,SAME,plain,completed,True,ok,True,False,0.72,,True,0.00236,stop
pairs:PR08c2fc20441d:swapped:mimo,pairs,mimo,,PR08c2fc20441d,,swapped,SAME,plain,completed,True,ok,True,False,0.5,,True,6.264e-05,stop
pairs:PR03e84163ff1d:designated:astra,pairs,astra,,PR03e84163ff1d,,designated,SAME,plain,completed,True,ok,True,False,0.5,,True,0.00271,stop
pairs:PR03e84163ff1d:swapped:mimo,pairs,mimo,,PR03e84163ff1d,,swapped,SAME,plain,completed,True,ok,True,False,0.5,,True,6.2205e-05,stop
pairs:PR07ab1bb4a7d8:designated:fable,pairs,fable,,PR07ab1bb4a7d8,,designated,SAME,plain,completed,True,ok,True,False,0.72,,True,0.00236,stop
pairs:PRc2ee10969303:swapped:mimo,pairs,mimo,,PRc2ee10969303,,swapped,SAME,fair,completed,True,ok,True,False,0.5,,True,6.264e-05,stop
pairs:PR1a9a4cd7bc0d:swapped:astra,pairs,astra,,PR1a9a4cd7bc0d,,swapped,SAME,fair,completed,True,ok,True,False,0.5,,True,0.00267,stop
pairs:PRe1edec1c89cb:swapped:mimo,pairs,mimo,,PRe1edec1c89cb,,swapped,SAME,plain,completed,True,ok,True,False,0.5,,True,6.177e-05,stop
pairs:PR0390b3e61bc8:designated:fable,pairs,fable,,PR0390b3e61bc8,,designated,SAME,fair,completed,True,ok,True,False,0.62,,True,0.00238,stop
pairs:PR36e843bf9a44:designated:mimo,pairs,mimo,,PR36e843bf9a44,,designated,SAME,fair,completed,True,ok,True,False,0.5,,True,6.3075e-05,stop
pairs:PRd65166ca3eef:designated:fable,pairs,fable,,PRd65166ca3eef,,designated,SAME,plain,completed,False,multiple_or_no_numbers,False,False,,,True,0.00596,stop
pairs:PRecbe0e4f035b:swapped:mimo,pairs,mimo,,PRecbe0e4f035b,,swapped,SAME,plain,completed,True,ok,True,False,0.5,,True,6.2205e-05,stop
pairs:PR08c2fc20441d:swapped:fable,pairs,fable,,PR08c2fc20441d,,swapped,SAME,plain,completed,False,multiple_or_no_numbers,False,False,,,True,0.00621,stop
pairs:PR5daaebc43021:swapped:fable,pairs,fable,,PR5daaebc43021,,swapped,SAME,plain,completed,True,ok,True,False,0.6,,True,0.00236,stop
pairs:PR62c697058909:designated:fable,pairs,fable,,PR62c697058909,,designated,SAME,plain,completed,True,ok,True,False,0.6,,True,0.00236,stop
pairs:PRecceb40bdbc1:swapped:fable,pairs,fable,,PRecceb40bdbc1,,swapped,SAME,fair,completed,True,ok,True,False,0.55,,True,0.00238,stop
pairs:PR795d50fdd829:designated:mimo,pairs,mimo,,PR795d50fdd829,,designated,SAME,plain,completed,True,ok,True,False,0.5,,True,6.177e-05,stop
pairs:PR3699c0857ccb:designated:mimo,pairs,mimo,,PR3699c0857ccb,,designated,SAME,plain,completed,True,ok,True,False,0.5,,True,6.264e-05,stop
pairs:PR02f3106af1ab:swapped:fable,pairs,fable,,PR02f3106af1ab,,swapped,SAME,plain,completed,True,ok,True,False,0.6,,True,0.00236,stop
pairs:PRf781d7731fd2:swapped:mimo,pairs,mimo,,PRf781d7731fd2,,swapped,SAME,plain,completed,True,ok,True,False,0.5,,True,6.264e-05,stop
pairs:PR36e843bf9a44:swapped:fable,pairs,fable,,PR36e843bf9a44,,swapped,SAME,fair,completed,True,ok,True,False,0.55,,True,0.00238,stop
pairs:PRe1edec1c89cb:designated:fable,pairs,fable,,PRe1edec1c89cb,,designated,SAME,plain,completed,False,multiple_or_no_numbers,False,False,,,True,0.00641,stop
pairs:PRcee97816c406:designated:fable,pairs,fable,,PRcee97816c406,,designated,SAME,fair,completed,True,ok,True,False,0.62,,True,0.00238,stop
pairs:PRe5a98bbd7a7e:designated:astra,pairs,astra,,PRe5a98bbd7a7e,,designated,SAME,plain,completed,True,ok,True,False,0.5,,True,0.00325,stop
pairs:PRfba485e46ba2:designated:fable,pairs,fable,,PRfba485e46ba2,,designated,SAME,plain,completed,True,ok,True,False,0.62,,True,0.00236,stop
pairs:PR7696261c2d1d:swapped:fable,pairs,fable,,PR7696261c2d1d,,swapped,SAME,plain,completed,True,ok,True,False,0.55,,True,0.00236,stop
pairs:PRc2ee10969303:designated:astra,pairs,astra,,PRc2ee10969303,,designated,SAME,fair,completed,True,ok,True,False,0.5,,True,0.00277,stop
pairs:PR9b22fa569173:swapped:mimo,pairs,mimo,,PR9b22fa569173,,swapped,SAME,plain,completed,True,ok,True,False,0.5,,True,6.2205e-05,stop
pairs:PRecbe0e4f035b:designated:fable,pairs,fable,,PRecbe0e4f035b,,designated,SAME,plain,completed,True,ok,True,False,0.65,,True,0.00236,stop
pairs:PR8c881ce45cfa:swapped:fable,pairs,fable,,PR8c881ce45cfa,,swapped,SAME,fair,completed,True,ok,True,False,0.55,,True,0.00238,stop
pairs:PR9f2c5bfa8b92:designated:mimo,pairs,mimo,,PR9f2c5bfa8b92,,designated,SAME,plain,completed,True,ok,True,False,0.5,,True,6.264e-05,stop
pairs:PRf5c6d0f02841:designated:astra,pairs,astra,,PRf5c6d0f02841,,designated,SAME,fair,completed,True,ok,True,False,0.5,,True,0.00272,stop
pairs:PR36fa19fc6283:swapped:mimo,pairs,mimo,,PR36fa19fc6283,,swapped,SAME,fair,completed,True,ok,True,False,0.5,,True,6.264e-05,stop
pairs:PR03decbcc6867:designated:mimo,pairs,mimo,,PR03decbcc6867,,designated,SAME,plain,completed,True,ok,True,False,0.5,,True,6.177e-05,stop
pairs:PR62c697058909:swapped:fable,pairs,fable,,PR62c697058909,,swapped,SAME,plain,completed,True,ok,True,False,0.55,,True,0.00236,stop
pairs:PR6b8362ba585f:designated:mimo,pairs,mimo,,PR6b8362ba585f,,designated,SAME,plain,completed,True,ok,True,False,0.5,,True,6.2205e-05,stop
pairs:PR795d50fdd829:swapped:mimo,pairs,mimo,,PR795d50fdd829,,swapped,SAME,plain,completed,True,ok,True,False,0.5,,True,6.177e-05,stop
pairs:PR01acd1baba5c:designated:mimo,pairs,mimo,,PR01acd1baba5c,,designated,SAME,plain,completed,True,ok,True,False,0.5,,True,6.2205e-05,stop
pairs:PR7cf7e6749146:swapped:fable,pairs,fable,,PR7cf7e6749146,,swapped,SAME,plain,completed,True,ok,True,False,0.55,,True,0.00236,stop
pairs:PR72c336d564d4:designated:astra,pairs,astra,,PR72c336d564d4,,designated,SAME,plain,completed,True,ok,True,False,0.5,,True,0.00317,stop
pairs:PR899d179034e6:designated:fable,pairs,fable,,PR899d179034e6,,designated,SAME,fair,completed,True,ok,True,False,0.6,,True,0.00238,stop
pairs:PRa0e4cda71d58:swapped:mimo,pairs,mimo,,PRa0e4cda71d58,,swapped,SAME,plain,completed,True,ok,True,False,0.5,,True,6.177e-05,stop
pairs:PR606d6429937a:swapped:mimo,pairs,mimo,,PR606d6429937a,,swapped,SAME,plain,completed,True,ok,True,False,0.5,,True,6.2205e-05,stop
pairs:PR5daaebc43021:designated:mimo,pairs,mimo,,PR5daaebc43021,,designated,SAME,plain,completed,True,ok,True,False,0.5,,True,6.264e-05,stop
pairs:PRbfc410874ea0:swapped:mimo,pairs,mimo,,PRbfc410874ea0,,swapped,SAME,plain,completed,True,ok,True,False,0.5,,True,6.2205e-05,stop
pairs:PR72c336d564d4:designated:mimo,pairs,mimo,,PR72c336d564d4,,designated,SAME,plain,completed,True,ok,True,False,0.5,,True,6.264e-05,stop
pairs:PR02f3106af1ab:swapped:mimo,pairs,mimo,,PR02f3106af1ab,,swapped,SAME,plain,completed,True,ok,True,False,0.5,,True,6.264e-05,stop
pairs:PR0110147319e9:swapped:fable,pairs,fable,,PR0110147319e9,,swapped,SAME,plain,completed,True,ok,True,False,0.9,,True,0.00236,stop
pairs:PR26bbeb78cc8e:designated:astra,pairs,astra,,PR26bbeb78cc8e,,designated,SAME,plain,completed,True,ok,True,False,0.5,,True,0.00291,stop
pairs:PR01acd1baba5c:designated:astra,pairs,astra,,PR01acd1baba5c,,designated,SAME,plain,completed,True,ok,True,False,0.5,,True,0.00351,stop
pairs:PRe83c39e65024:designated:mimo,pairs,mimo,,PRe83c39e65024,,designated,SAME,plain,completed,True,ok,True,False,0.5,,True,6.264e-05,stop
pairs:PR271b73bc00de:designated:astra,pairs,astra,,PR271b73bc00de,,designated,SAME,fair,completed,True,ok,True,False,0.5,,True,0.00282,stop
pairs:PRf781d7731fd2:designated:mimo,pairs,mimo,,PRf781d7731fd2,,designated,SAME,plain,completed,True,ok,True,False,0.5,,True,6.264e-05,stop
pairs:PR26bbeb78cc8e:designated:fable,pairs,fable,,PR26bbeb78cc8e,,designated,SAME,plain,completed,True,ok,True,False,0.62,,True,0.00236,stop
pairs:PRe0573ab2bac6:swapped:fable,pairs,fable,,PRe0573ab2bac6,,swapped,SAME,plain,completed,False,multiple_or_no_numbers,False,False,,,True,0.00796,stop
pairs:PR8f06ba340ddf:swapped:mimo,pairs,mimo,,PR8f06ba340ddf,,swapped,SAME,plain,completed,True,ok,True,False,0.5,,True,6.264e-05,stop
pairs:PR97fb8b15cb43:designated:astra,pairs,astra,,PR97fb8b15cb43,,designated,SAME,plain,completed,True,ok,True,False,0.5,,True,0.00281,stop
pairs:PR9f2c5bfa8b92:designated:astra,pairs,astra,,PR9f2c5bfa8b92,,designated,SAME,plain,completed,True,ok,True,False,0.5,,True,0.00332,stop
pairs:PR9f2c5bfa8b92:swapped:astra,pairs,astra,,PR9f2c5bfa8b92,,swapped,SAME,plain,completed,True,ok,True,False,0.5,,True,0.00272,stop
pairs:PRe689eff4b5f2:designated:fable,pairs,fable,,PRe689eff4b5f2,,designated,SAME,fair,completed,True,ok,True,False,0.55,,True,0.00237,stop
pairs:PR5e2256a590d4:swapped:mimo,pairs,mimo,,PR5e2256a590d4,,swapped,SAME,fair,completed,True,ok,True,False,0.5,,True,6.177e-05,stop
pairs:PR62c697058909:designated:astra,pairs,astra,,PR62c697058909,,designated,SAME,plain,completed,True,ok,True,False,0.5,,True,0.00271,stop
pairs:PRca51cdabe265:designated:fable,pairs,fable,,PRca51cdabe265,,designated,SAME,fair,completed,True,ok,True,False,0.5,,True,0.00237,stop
pairs:PRf6c212137626:swapped:mimo,pairs,mimo,,PRf6c212137626,,swapped,SAME,plain,completed,True,ok,True,False,0.5,,True,6.177e-05,stop
pairs:PRe83c39e65024:swapped:fable,pairs,fable,,PRe83c39e65024,,swapped,SAME,plain,completed,True,ok,True,False,0.5,,True,0.00236,stop
pairs:PR47b2cdd54cfe:swapped:mimo,pairs,mimo,,PR47b2cdd54cfe,,swapped,SAME,fair,completed,True,ok,True,False,0.5,,True,6.264e-05,stop
pairs:PR675e2307f844:swapped:mimo,pairs,mimo,,PR675e2307f844,,swapped,SAME,fair,completed,True,ok,True,False,0.5,,True,6.2205e-05,stop
pairs:PRfba485e46ba2:swapped:fable,pairs,fable,,PRfba485e46ba2,,swapped,SAME,plain,completed,True,ok,True,False,0.72,,True,0.00236,stop
pairs:PR15dc436c9628:swapped:fable,pairs,fable,,PR15dc436c9628,,swapped,SAME,plain,completed,True,ok,True,False,0.6,,True,0.00236,stop
pairs:PR97fb8b15cb43:designated:mimo,pairs,mimo,,PR97fb8b15cb43,,designated,SAME,plain,completed,True,ok,True,False,0.5,,True,6.2205e-05,stop
pairs:PRe83c39e65024:designated:fable,pairs,fable,,PRe83c39e65024,,designated,SAME,plain,completed,True,ok,True,False,0.55,,True,0.00236,stop
pairs:PRcee97816c406:swapped:mimo,pairs,mimo,,PRcee97816c406,,swapped,SAME,fair,completed,True,ok,True,False,0.5,,True,6.264e-05,stop
pairs:PRce50e4c69b64:designated:fable,pairs,fable,,PRce50e4c69b64,,designated,SAME,plain,completed,False,multiple_or_no_numbers,False,False,,,True,0.00596,stop
pairs:PR90b841f0e65a:swapped:fable,pairs,fable,,PR90b841f0e65a,,swapped,SAME,plain,completed,True,ok,True,False,0.6,,True,0.00236,stop
pairs:PR90b841f0e65a:swapped:astra,pairs,astra,,PR90b841f0e65a,,swapped,SAME,plain,completed,True,ok,True,False,0.5,,True,0.00481,stop
pairs:PRbfe5b45397d6:swapped:mimo,pairs,mimo,,PRbfe5b45397d6,,swapped,SAME,plain,completed,True,ok,True,False,0.5,,True,6.264e-05,stop
pairs:PR5daaebc43021:designated:fable,pairs,fable,,PR5daaebc43021,,designated,SAME,plain,completed,True,ok,True,False,0.6,,True,0.00236,stop
pairs:PRc4e8d0c3ab32:designated:fable,pairs,fable,,PRc4e8d0c3ab32,,designated,SAME,plain,completed,True,ok,True,False,0.6,,True,0.00236,stop
pairs:PRadf729f088f0:designated:fable,pairs,fable,,PRadf729f088f0,,designated,SAME,plain,completed,True,ok,True,False,0.6,,True,0.00236,stop
pairs:PR3875601d89be:designated:mimo,pairs,mimo,,PR3875601d89be,,designated,SAME,plain,completed,True,ok,True,False,0.5,,True,6.264e-05,stop
pairs:PRe3355dc8f156:designated:astra,pairs,astra,,PRe3355dc8f156,,designated,SAME,fair,completed,True,ok,True,False,0.5,,True,0.00252,stop
pairs:PR34e580e44628:designated:mimo,pairs,mimo,,PR34e580e44628,,designated,SAME,fair,completed,True,ok,True,False,0.5,,True,6.2205e-05,stop
pairs:PR9a20a9141673:designated:mimo,pairs,mimo,,PR9a20a9141673,,designated,SAME,plain,completed,True,ok,True,False,0.5,,True,6.2205e-05,stop
pairs:PR0e48925dce4f:designated:fable,pairs,fable,,PR0e48925dce4f,,designated,SAME,fair,completed,True,ok,True,False,0.55,,True,0.00238,stop
pairs:PR4a19d5c427d1:designated:fable,pairs,fable,,PR4a19d5c427d1,,designated,SAME,plain,completed,True,ok,True,False,0.6,,True,0.00236,stop
pairs:PRe4a3df67cfe8:designated:astra,pairs,astra,,PRe4a3df67cfe8,,designated,SAME,plain,completed,True,ok,True,False,0.5,,True,0.00311,stop
pairs:PR47b2cdd54cfe:designated:astra,pairs,astra,,PR47b2cdd54cfe,,designated,SAME,fair,completed,True,ok,True,False,0.5,,True,0.00347,stop
pairs:PR5daaebc43021:swapped:mimo,pairs,mimo,,PR5daaebc43021,,swapped,SAME,plain,completed,True,ok,True,False,0.5,,True,6.264e-05,stop
pairs:PRbd53aacd5247:swapped:astra,pairs,astra,,PRbd53aacd5247,,swapped,SAME,plain,completed,True,ok,True,False,0.5,,True,0.00277,stop
pairs:PR03e84163ff1d:designated:mimo,pairs,mimo,,PR03e84163ff1d,,designated,SAME,plain,completed,True,ok,True,False,0.5,,True,6.2205e-05,stop
pairs:PRca51cdabe265:designated:astra,pairs,astra,,PRca51cdabe265,,designated,SAME,fair,completed,True,ok,True,False,0.5,,True,0.00256,stop
pairs:PR36e843bf9a44:swapped:astra,pairs,astra,,PR36e843bf9a44,,swapped,SAME,fair,completed,True,ok,True,False,0.5,,True,0.00278,stop
pairs:PRbfc410874ea0:swapped:fable,pairs,fable,,PRbfc410874ea0,,swapped,SAME,plain,completed,True,ok,True,False,0.6,,True,0.00236,stop
pairs:PRb29b3c08adfb:designated:mimo,pairs,mimo,,PRb29b3c08adfb,,designated,SAME,fair,completed,True,ok,True,False,0.5,,True,6.2205e-05,stop
pairs:PR26b3a61c565a:designated:astra,pairs,astra,,PR26b3a61c565a,,designated,SAME,plain,completed,True,ok,True,False,0.5,,True,0.00246,stop
pairs:PR5d9467940577:designated:mimo,pairs,mimo,,PR5d9467940577,,designated,SAME,plain,completed,True,ok,True,False,0.5,,True,6.2205e-05,stop
pairs:PRcee97816c406:designated:mimo,pairs,mimo,,PRcee97816c406,,designated,SAME,fair,completed,True,ok,True,False,0.5,,True,6.264e-05,stop
pairs:PR07ab1bb4a7d8:swapped:fable,pairs,fable,,PR07ab1bb4a7d8,,swapped,SAME,plain,completed,True,ok,True,False,0.6,,True,0.00236,stop
pairs:PR0390b3e61bc8:designated:mimo,pairs,mimo,,PR0390b3e61bc8,,designated,SAME,fair,completed,True,ok,True,False,0.5,,True,6.264e-05,stop
pairs:PR15dc436c9628:swapped:mimo,pairs,mimo,,PR15dc436c9628,,swapped,SAME,plain,completed,True,ok,True,False,0.5,,True,6.2205e-05,stop
pairs:PR3699c0857ccb:swapped:mimo,pairs,mimo,,PR3699c0857ccb,,swapped,SAME,plain,completed,True,ok,True,False,0.5,,True,6.264e-05,stop
pairs:PR3e59a7af3c29:swapped:mimo,pairs,mimo,,PR3e59a7af3c29,,swapped,SAME,plain,completed,True,ok,True,False,0.5,,True,6.2205e-05,stop
pairs:PR9b22fa569173:designated:astra,pairs,astra,,PR9b22fa569173,,designated,SAME,plain,completed,True,ok,True,False,0.5,,True,0.00281,stop
pairs:PRf781d7731fd2:designated:astra,pairs,astra,,PRf781d7731fd2,,designated,SAME,plain,completed,True,ok,True,False,0.5,,True,0.00272,stop
pairs:PR03decbcc6867:swapped:astra,pairs,astra,,PR03decbcc6867,,swapped,SAME,plain,completed,True,ok,True,False,0.5,,True,0.00325,stop
pairs:PR93fc446dbd1a:designated:mimo,pairs,mimo,,PR93fc446dbd1a,,designated,SAME,plain,completed,True,ok,True,False,0.5,,True,6.264e-05,stop
pairs:PRb29b3c08adfb:swapped:astra,pairs,astra,,PRb29b3c08adfb,,swapped,SAME,fair,completed,True,ok,True,False,0.5,,True,0.00366,stop
pairs:PR3e59a7af3c29:swapped:astra,pairs,astra,,PR3e59a7af3c29,,swapped,SAME,plain,completed,True,ok,True,False,0.5,,True,0.00286,stop
pairs:PR72c336d564d4:swapped:fable,pairs,fable,,PR72c336d564d4,,swapped,SAME,plain,completed,True,ok,True,False,0.6,,True,0.00236,stop
pairs:PRe4a3df67cfe8:designated:fable,pairs,fable,,PRe4a3df67cfe8,,designated,SAME,plain,completed,True,ok,True,False,0.6,,True,0.00236,stop
pairs:PR86663b5ee6ef:designated:astra,pairs,astra,,PR86663b5ee6ef,,designated,SAME,fair,completed,True,ok,True,False,0.5,,True,0.00276,stop
pairs:PRe3355dc8f156:designated:mimo,pairs,mimo,,PRe3355dc8f156,,designated,SAME,fair,completed,True,ok,True,False,0.5,,True,6.264e-05,stop
pairs:PR155025653e76:designated:mimo,pairs,mimo,,PR155025653e76,,designated,SAME,plain,completed,True,ok,True,False,0.5,,True,6.2205e-05,stop
pairs:PR9f2c5bfa8b92:swapped:fable,pairs,fable,,PR9f2c5bfa8b92,,swapped,SAME,plain,completed,True,ok,True,False,0.6,,True,0.00235,stop
pairs:PR9b22fa569173:swapped:fable,pairs,fable,,PR9b22fa569173,,swapped,SAME,plain,completed,True,ok,True,False,0.6,,True,0.00236,stop
pairs:PR4662d0af4fd6:swapped:mimo,pairs,mimo,,PR4662d0af4fd6,,swapped,SAME,plain,completed,True,ok,True,False,0.5,,True,6.2205e-05,stop
pairs:PR4a19d5c427d1:designated:astra,pairs,astra,,PR4a19d5c427d1,,designated,SAME,plain,completed,True,ok,True,False,0.5,,True,0.00291,stop
pairs:PRb1b350e0d63c:swapped:mimo,pairs,mimo,,PRb1b350e0d63c,,swapped,SAME,plain,completed,True,ok,True,False,0.5,,True,6.2205e-05,stop
pairs:PR675e2307f844:swapped:fable,pairs,fable,,PR675e2307f844,,swapped,SAME,fair,completed,True,ok,True,False,0.6,,True,0.00238,stop
pairs:PR86663b5ee6ef:designated:mimo,pairs,mimo,,PR86663b5ee6ef,,designated,SAME,fair,completed,True,ok,True,False,0.5,,True,6.2205e-05,stop
pairs:PR9b22fa569173:swapped:astra,pairs,astra,,PR9b22fa569173,,swapped,SAME,plain,completed,True,ok,True,False,0.5,,True,0.00256,stop
pairs:PR606d6429937a:designated:mimo,pairs,mimo,,PR606d6429937a,,designated,SAME,plain,completed,True,ok,True,False,0.5,,True,6.2205e-05,stop
pairs:PRf6c212137626:designated:fable,pairs,fable,,PRf6c212137626,,designated,SAME,plain,completed,False,multiple_or_no_numbers,False,False,,,True,0.00725,stop
pairs:PRe85e6ef6ef19:designated:astra,pairs,astra,,PRe85e6ef6ef19,,designated,SAME,plain,completed,True,ok,True,False,0.5,,True,0.00286,stop
pairs:PR6b8362ba585f:swapped:fable,pairs,fable,,PR6b8362ba585f,,swapped,SAME,plain,completed,True,ok,True,False,0.62,,True,0.00236,stop
pairs:PRe1edec1c89cb:swapped:astra,pairs,astra,,PRe1edec1c89cb,,swapped,SAME,plain,completed,True,ok,True,False,0.95,,True,0.00855,stop
pairs:PRbfe5b45397d6:swapped:astra,pairs,astra,,PRbfe5b45397d6,,swapped,SAME,plain,completed,True,ok,True,False,0.5,,True,0.00297,stop
pairs:PRb1b350e0d63c:designated:mimo,pairs,mimo,,PRb1b350e0d63c,,designated,SAME,plain,completed,True,ok,True,False,0.5,,True,6.2205e-05,stop
pairs:PR0110147319e9:designated:mimo,pairs,mimo,,PR0110147319e9,,designated,SAME,plain,completed,True,ok,True,False,0.5,,True,6.264e-05,stop
pairs:PR8c881ce45cfa:designated:fable,pairs,fable,,PR8c881ce45cfa,,designated,SAME,fair,completed,True,ok,True,False,0.5,,True,0.00238,stop
pairs:PR8c881ce45cfa:designated:mimo,pairs,mimo,,PR8c881ce45cfa,,designated,SAME,fair,completed,True,ok,True,False,0.5,,True,6.264e-05,stop
pairs:PRecbe0e4f035b:designated:astra,pairs,astra,,PRecbe0e4f035b,,designated,SAME,plain,completed,True,ok,True,False,0.5,,True,0.00266,stop
pairs:PRa4ae23c6d14d:swapped:fable,pairs,fable,,PRa4ae23c6d14d,,swapped,SAME,fair,completed,True,ok,True,False,0.5,,True,0.00237,stop
pairs:PRfba485e46ba2:designated:astra,pairs,astra,,PRfba485e46ba2,,designated,SAME,plain,completed,True,ok,True,False,0.5,,True,0.00365,stop
pairs:PR23b60d50b0a9:designated:astra,pairs,astra,,PR23b60d50b0a9,,designated,SAME,fair,completed,True,ok,True,False,0.5,,True,0.00441,stop
pairs:PRce50e4c69b64:swapped:fable,pairs,fable,,PRce50e4c69b64,,swapped,SAME,plain,completed,True,ok,True,False,0.7,,True,0.00236,stop
pairs:PRb4469a83b868:designated:astra,pairs,astra,,PRb4469a83b868,,designated,SAME,fair,completed,True,ok,True,False,0.5,,True,0.00368,stop
pairs:PR8f06ba340ddf:designated:fable,pairs,fable,,PR8f06ba340ddf,,designated,SAME,plain,completed,True,ok,True,False,0.62,,True,0.00236,stop
pairs:PR93fc446dbd1a:designated:fable,pairs,fable,,PR93fc446dbd1a,,designated,SAME,plain,completed,False,multiple_or_no_numbers,False,False,,,True,0.00921,stop
pairs:PR5de8d2081c79:swapped:mimo,pairs,mimo,,PR5de8d2081c79,,swapped,SAME,plain,completed,True,ok,True,False,0.5,,True,6.264e-05,stop
pairs:PRe689eff4b5f2:swapped:astra,pairs,astra,,PRe689eff4b5f2,,swapped,SAME,fair,completed,True,ok,True,False,0.5,,True,0.00279,stop
pairs:PR4a19d5c427d1:swapped:astra,pairs,astra,,PR4a19d5c427d1,,swapped,SAME,plain,completed,True,ok,True,False,0.5,,True,0.00286,stop
pairs:PR03e84163ff1d:swapped:fable,pairs,fable,,PR03e84163ff1d,,swapped,SAME,plain,completed,True,ok,True,False,0.62,,True,0.00236,stop
pairs:PReae07da1208d:swapped:fable,pairs,fable,,PReae07da1208d,,swapped,SAME,fair,completed,True,ok,True,False,0.68,,True,0.00238,stop
pairs:PRf6c212137626:swapped:fable,pairs,fable,,PRf6c212137626,,swapped,SAME,plain,completed,True,ok,True,False,0.68,,True,0.00235,stop
pairs:PRa4ae23c6d14d:designated:fable,pairs,fable,,PRa4ae23c6d14d,,designated,SAME,fair,completed,True,ok,True,False,0.5,,True,0.00237,stop
pairs:PR7bcf537a002a:designated:fable,pairs,fable,,PR7bcf537a002a,,designated,SAME,fair,completed,True,ok,True,False,0.55,,True,0.00238,stop
pairs:PR0e48925dce4f:swapped:astra,pairs,astra,,PR0e48925dce4f,,swapped,SAME,fair,completed,True,ok,True,False,0.5,,True,0.00302,stop
pairs:PR4662d0af4fd6:designated:astra,pairs,astra,,PR4662d0af4fd6,,designated,SAME,plain,completed,True,ok,True,False,0.5,,True,0.00306,stop
pairs:PR7696261c2d1d:designated:astra,pairs,astra,,PR7696261c2d1d,,designated,SAME,plain,completed,True,ok,True,False,0.5,,True,0.00337,stop
pairs:PRbfc410874ea0:designated:astra,pairs,astra,,PRbfc410874ea0,,designated,SAME,plain,completed,True,ok,True,False,0.5,,True,0.00291,stop
pairs:PR2f90b92f4e63:swapped:mimo,pairs,mimo,,PR2f90b92f4e63,,swapped,SAME,plain,completed,True,ok,True,False,0.5,,True,6.264e-05,stop
pairs:PRecbe0e4f035b:swapped:astra,pairs,astra,,PRecbe0e4f035b,,swapped,SAME,plain,completed,True,ok,True,False,0.5,,True,0.00256,stop
pairs:PRc4e8d0c3ab32:swapped:fable,pairs,fable,,PRc4e8d0c3ab32,,swapped,SAME,plain,completed,True,ok,True,False,0.65,,True,0.00236,stop
pairs:PR2f90b92f4e63:designated:astra,pairs,astra,,PR2f90b92f4e63,,designated,SAME,plain,completed,True,ok,True,False,0.5,,True,0.00272,stop
pairs:PR5daaebc43021:swapped:astra,pairs,astra,,PR5daaebc43021,,swapped,SAME,plain,completed,True,ok,True,False,0.5,,True,0.00257,stop
pairs:PRf781d7731fd2:swapped:fable,pairs,fable,,PRf781d7731fd2,,swapped,SAME,plain,completed,True,ok,True,False,0.55,,True,0.00236,stop
pairs:PR04eee0a21619:designated:astra,pairs,astra,,PR04eee0a21619,,designated,SAME,plain,completed,True,ok,True,False,0.5,,True,0.00286,stop
pairs:PR3875601d89be:swapped:astra,pairs,astra,,PR3875601d89be,,swapped,SAME,plain,completed,True,ok,True,False,0.5,,True,0.00292,stop
pairs:PR26b3a61c565a:swapped:fable,pairs,fable,,PR26b3a61c565a,,swapped,SAME,plain,completed,True,ok,True,False,0.55,,True,0.00236,stop
pairs:PRc4e8d0c3ab32:designated:astra,pairs,astra,,PRc4e8d0c3ab32,,designated,SAME,plain,completed,True,ok,True,False,0.5,,True,0.00262,stop
pairs:PR26bbeb78cc8e:swapped:fable,pairs,fable,,PR26bbeb78cc8e,,swapped,SAME,plain,completed,True,ok,True,False,0.6,,True,0.00236,stop
pairs:PR86663b5ee6ef:swapped:astra,pairs,astra,,PR86663b5ee6ef,,swapped,SAME,fair,completed,True,ok,True,False,0.5,,True,0.00276,stop
pairs:PR01acd1baba5c:swapped:astra,pairs,astra,,PR01acd1baba5c,,swapped,SAME,plain,completed,True,ok,True,False,0.5,,True,0.00266,stop
pairs:PRe3355dc8f156:designated:fable,pairs,fable,,PRe3355dc8f156,,designated,SAME,fair,completed,True,ok,True,False,0.72,,True,0.00238,stop
pairs:PR36e843bf9a44:designated:astra,pairs,astra,,PR36e843bf9a44,,designated,SAME,fair,completed,True,ok,True,False,0.5,,True,0.00298,stop
pairs:PRfba485e46ba2:designated:mimo,pairs,mimo,,PRfba485e46ba2,,designated,SAME,plain,completed,True,ok,True,False,0.5,,True,6.177e-05,stop
pairs:PR30764c2f7f10:designated:astra,pairs,astra,,PR30764c2f7f10,,designated,SAME,plain,completed,True,ok,True,False,0.7,,True,0.01118,stop
pairs:PR34e580e44628:designated:fable,pairs,fable,,PR34e580e44628,,designated,SAME,fair,completed,False,multiple_or_no_numbers,False,False,,,True,0.00668,stop
pairs:PR23b60d50b0a9:swapped:mimo,pairs,mimo,,PR23b60d50b0a9,,swapped,SAME,fair,completed,True,ok,True,False,0.5,,True,6.2205e-05,stop
pairs:PR1a9a4cd7bc0d:swapped:mimo,pairs,mimo,,PR1a9a4cd7bc0d,,swapped,SAME,fair,completed,True,ok,True,False,0.5,,True,6.264e-05,stop
pairs:PR62c697058909:swapped:mimo,pairs,mimo,,PR62c697058909,,swapped,SAME,plain,completed,True,ok,True,False,0.5,,True,6.2205e-05,stop
pairs:PRe5a98bbd7a7e:designated:fable,pairs,fable,,PRe5a98bbd7a7e,,designated,SAME,plain,completed,True,ok,True,False,0.5,,True,0.00236,stop
pairs:PR5de8d2081c79:designated:mimo,pairs,mimo,,PR5de8d2081c79,,designated,SAME,plain,completed,True,ok,True,False,0.5,,True,6.264e-05,stop
pairs:PRbfe5b45397d6:swapped:fable,pairs,fable,,PRbfe5b45397d6,,swapped,SAME,plain,completed,True,ok,True,False,0.6,,True,0.00236,stop
pairs:PR4662d0af4fd6:designated:fable,pairs,fable,,PR4662d0af4fd6,,designated,SAME,plain,completed,True,ok,True,False,0.68,,True,0.00236,stop
pairs:PRbdde5302f996:designated:fable,pairs,fable,,PRbdde5302f996,,designated,SAME,plain,completed,False,multiple_or_no_numbers,False,False,,,True,0.00581,stop
pairs:PRb1b350e0d63c:designated:fable,pairs,fable,,PRb1b350e0d63c,,designated,SAME,plain,completed,True,ok,True,False,0.6,,True,0.00235,stop
pairs:PR8c881ce45cfa:designated:astra,pairs,astra,,PR8c881ce45cfa,,designated,SAME,fair,completed,True,ok,True,False,0.5,,True,0.00297,stop
pairs:PR4662d0af4fd6:designated:mimo,pairs,mimo,,PR4662d0af4fd6,,designated,SAME,plain,completed,True,ok,True,False,0.5,,True,6.2205e-05,stop
pairs:PR8f06ba340ddf:designated:astra,pairs,astra,,PR8f06ba340ddf,,designated,SAME,plain,completed,True,ok,True,False,0.5,,True,0.00272,stop
pairs:PRe1edec1c89cb:designated:astra,pairs,astra,,PRe1edec1c89cb,,designated,SAME,plain,completed,True,ok,True,False,0.5,,True,0.00875,stop
pairs:PRecbe0e4f035b:swapped:fable,pairs,fable,,PRecbe0e4f035b,,swapped,SAME,plain,completed,True,ok,True,False,0.6,,True,0.00236,stop
pairs:PR23b60d50b0a9:swapped:fable,pairs,fable,,PR23b60d50b0a9,,swapped,SAME,fair,completed,False,multiple_or_no_numbers,False,False,,,True,0.00493,stop
pairs:PR953565f87e01:designated:astra,pairs,astra,,PR953565f87e01,,designated,SAME,fair,completed,True,ok,True,False,0.5,,True,0.00316,stop
pairs:PRecceb40bdbc1:designated:astra,pairs,astra,,PRecceb40bdbc1,,designated,SAME,fair,completed,True,ok,True,False,0.5,,True,0.00257,stop
pairs:PR36e843bf9a44:swapped:mimo,pairs,mimo,,PR36e843bf9a44,,swapped,SAME,fair,completed,True,ok,True,False,0.5,,True,6.3075e-05,stop
pairs:PR606d6429937a:swapped:fable,pairs,fable,,PR606d6429937a,,swapped,SAME,plain,completed,True,ok,True,False,0.5,,True,0.00236,stop
pairs:PRdade4e3292bd:swapped:astra,pairs,astra,,PRdade4e3292bd,,swapped,SAME,plain,completed,True,ok,True,False,0.5,,True,0.00277,stop
pairs:PR43d0d58399a7:designated:astra,pairs,astra,,PR43d0d58399a7,,designated,SAME,plain,completed,True,ok,True,False,0.5,,True,0.00281,stop
pairs:PR86663b5ee6ef:swapped:fable,pairs,fable,,PR86663b5ee6ef,,swapped,SAME,fair,completed,True,ok,True,False,0.55,,True,0.00238,stop
pairs:PR5d9467940577:swapped:fable,pairs,fable,,PR5d9467940577,,swapped,SAME,plain,completed,True,ok,True,False,0.6,,True,0.00236,stop
pairs:PR795d50fdd829:swapped:fable,pairs,fable,,PR795d50fdd829,,swapped,SAME,plain,completed,True,ok,True,False,0.45,,True,0.00236,stop
pairs:PRf781d7731fd2:swapped:astra,pairs,astra,,PRf781d7731fd2,,swapped,SAME,plain,completed,True,ok,True,False,0.5,,True,0.00272,stop
pairs:PR07ab1bb4a7d8:designated:mimo,pairs,mimo,,PR07ab1bb4a7d8,,designated,SAME,plain,completed,True,ok,True,False,0.5,,True,6.2205e-05,stop
pairs:PRb29b3c08adfb:swapped:fable,pairs,fable,,PRb29b3c08adfb,,swapped,SAME,fair,completed,True,ok,True,False,0.72,,True,0.00238,stop
pairs:PRbdde5302f996:swapped:mimo,pairs,mimo,,PRbdde5302f996,,swapped,SAME,plain,completed,True,ok,True,False,0.5,,True,6.264e-05,stop
pairs:PR0e48925dce4f:designated:mimo,pairs,mimo,,PR0e48925dce4f,,designated,SAME,fair,completed,True,ok,True,False,0.5,,True,6.264e-05,stop
pairs:PRe85e6ef6ef19:swapped:fable,pairs,fable,,PRe85e6ef6ef19,,swapped,SAME,plain,completed,True,ok,True,False,0.6,,True,0.00236,stop
pairs:PR806034e39f52:swapped:astra,pairs,astra,,PR806034e39f52,,swapped,SAME,plain,completed,True,ok,True,False,0.5,,True,0.00236,stop
pairs:PR34e580e44628:designated:astra,pairs,astra,,PR34e580e44628,,designated,SAME,fair,completed,True,ok,True,False,0.5,,True,0.00361,stop
pairs:PRadf729f088f0:designated:astra,pairs,astra,,PRadf729f088f0,,designated,SAME,plain,completed,True,ok,True,False,0.5,,True,0.00281,stop
pairs:PR74fe71848d91:designated:astra,pairs,astra,,PR74fe71848d91,,designated,SAME,plain,completed,True,ok,True,False,0.5,,True,0.00296,stop
pairs:PRbd53aacd5247:swapped:mimo,pairs,mimo,,PRbd53aacd5247,,swapped,SAME,plain,completed,True,ok,True,False,0.5,,True,6.264e-05,stop
pairs:PR4a19d5c427d1:swapped:mimo,pairs,mimo,,PR4a19d5c427d1,,swapped,SAME,plain,completed,True,ok,True,False,0.5,,True,6.2205e-05,stop
pairs:PRc2ee10969303:designated:mimo,pairs,mimo,,PRc2ee10969303,,designated,SAME,fair,completed,True,ok,True,False,0.5,,True,6.264e-05,stop
pairs:PRd65166ca3eef:swapped:mimo,pairs,mimo,,PRd65166ca3eef,,swapped,SAME,plain,completed,True,ok,True,False,0.5,,True,6.264e-05,stop
pairs:PR03decbcc6867:swapped:mimo,pairs,mimo,,PR03decbcc6867,,swapped,SAME,plain,completed,True,ok,True,False,0.5,,True,6.177e-05,stop
pairs:PR5d9467940577:swapped:mimo,pairs,mimo,,PR5d9467940577,,swapped,SAME,plain,completed,True,ok,True,False,0.5,,True,6.2205e-05,stop
pairs:PR7bcf537a002a:designated:astra,pairs,astra,,PR7bcf537a002a,,designated,SAME,fair,completed,True,ok,True,False,0.5,,True,0.00277,stop
pairs:PR74fe71848d91:swapped:astra,pairs,astra,,PR74fe71848d91,,swapped,SAME,plain,completed,True,ok,True,False,0.5,,True,0.00256,stop
pairs:PRe85e6ef6ef19:swapped:astra,pairs,astra,,PRe85e6ef6ef19,,swapped,SAME,plain,completed,True,ok,True,False,0.5,,True,0.00356,stop
pairs:PR3699c0857ccb:designated:astra,pairs,astra,,PR3699c0857ccb,,designated,SAME,plain,completed,True,ok,True,False,0.5,,True,0.00252,stop
pairs:PR806034e39f52:designated:astra,pairs,astra,,PR806034e39f52,,designated,SAME,plain,completed,True,ok,True,False,0.5,,True,0.00261,stop
pairs:PRdade4e3292bd:designated:astra,pairs,astra,,PRdade4e3292bd,,designated,SAME,plain,completed,True,ok,True,False,0.5,,True,0.00272,stop
pairs:PRa4ae23c6d14d:swapped:mimo,pairs,mimo,,PRa4ae23c6d14d,,swapped,SAME,fair,completed,True,ok,True,False,0.5,,True,6.264e-05,stop
pairs:PRf5c6d0f02841:swapped:fable,pairs,fable,,PRf5c6d0f02841,,swapped,SAME,fair,completed,True,ok,True,False,0.5,,True,0.00238,stop
pairs:PR88b219c13c0d:swapped:fable,pairs,fable,,PR88b219c13c0d,,swapped,SAME,fair,completed,False,multiple_or_no_numbers,False,False,,,True,0.00558,stop
pair_repeat:PRce50e4c69b64:designated:mimo,pair_repeat,mimo,,PRce50e4c69b64,,designated,SAME,plain,completed,True,ok,True,False,0.5,,False,6.264e-05,stop
pair_repeat:PR15dc436c9628:designated:mimo,pair_repeat,mimo,,PR15dc436c9628,,designated,SAME,plain,completed,True,ok,True,False,0.5,,False,6.2205e-05,stop
pair_repeat:PR15dc436c9628:designated:fable,pair_repeat,fable,,PR15dc436c9628,,designated,SAME,plain,completed,True,ok,True,False,0.65,,False,0.00236,stop
pair_repeat:PRa6ae8ba10db5:designated:astra,pair_repeat,astra,,PRa6ae8ba10db5,,designated,SAME,plain,completed,True,ok,True,False,0.5,,False,0.00262,stop
pair_repeat:PR4a19d5c427d1:designated:astra,pair_repeat,astra,,PR4a19d5c427d1,,designated,SAME,plain,completed,True,ok,True,False,0.5,,False,0.00316,stop
pair_repeat:PR675e2307f844:designated:fable,pair_repeat,fable,,PR675e2307f844,,designated,SAME,fair,completed,True,ok,True,False,0.72,,False,0.00238,stop
pair_repeat:PR47b2cdd54cfe:designated:astra,pair_repeat,astra,,PR47b2cdd54cfe,,designated,SAME,fair,completed,True,ok,True,False,0.5,,False,0.00302,stop
pair_repeat:PR15dc436c9628:designated:astra,pair_repeat,astra,,PR15dc436c9628,,designated,SAME,plain,completed,True,ok,True,False,0.5,,False,0.00281,stop
pair_repeat:PR675e2307f844:designated:mimo,pair_repeat,mimo,,PR675e2307f844,,designated,SAME,fair,completed,True,ok,True,False,0.5,,False,6.2205e-05,stop
pair_repeat:PRa6ae8ba10db5:designated:fable,pair_repeat,fable,,PRa6ae8ba10db5,,designated,SAME,plain,completed,True,ok,True,False,0.6,,False,0.00236,stop
pair_repeat:PR5e2256a590d4:designated:astra,pair_repeat,astra,,PR5e2256a590d4,,designated,SAME,fair,completed,True,ok,True,False,0.5,,False,0.00325,stop
pair_repeat:PR4a19d5c427d1:designated:fable,pair_repeat,fable,,PR4a19d5c427d1,,designated,SAME,plain,completed,True,ok,True,False,0.6,,False,0.00236,stop
pair_repeat:PR675e2307f844:designated:astra,pair_repeat,astra,,PR675e2307f844,,designated,SAME,fair,completed,True,ok,True,False,0.5,,False,0.00296,stop
pair_repeat:PR452bcc80efd2:designated:mimo,pair_repeat,mimo,,PR452bcc80efd2,,designated,SAME,fair,completed,True,ok,True,False,0.5,,False,6.2205e-05,stop
pair_repeat:PR08c2fc20441d:designated:astra,pair_repeat,astra,,PR08c2fc20441d,,designated,SAME,plain,completed,True,ok,True,False,0.5,,False,0.00962,stop
pair_repeat:PR08c2fc20441d:designated:fable,pair_repeat,fable,,PR08c2fc20441d,,designated,SAME,plain,completed,False,multiple_or_no_numbers,False,False,,,False,0.00441,stop
pair_repeat:PR899d179034e6:designated:fable,pair_repeat,fable,,PR899d179034e6,,designated,SAME,fair,completed,True,ok,True,False,0.6,,False,0.00238,stop
pair_repeat:PR47b2cdd54cfe:designated:mimo,pair_repeat,mimo,,PR47b2cdd54cfe,,designated,SAME,fair,completed,True,ok,True,False,0.5,,False,6.264e-05,stop
pair_repeat:PR5de8d2081c79:designated:mimo,pair_repeat,mimo,,PR5de8d2081c79,,designated,SAME,plain,completed,True,ok,True,False,0.5,,False,7.4208e-06,stop
pair_repeat:PR5e2256a590d4:designated:fable,pair_repeat,fable,,PR5e2256a590d4,,designated,SAME,fair,completed,True,ok,True,False,0.3,,False,0.00238,stop
pair_repeat:PR899d179034e6:designated:astra,pair_repeat,astra,,PR899d179034e6,,designated,SAME,fair,completed,True,ok,True,False,0.5,,False,0.00298,stop
pair_repeat:PR08c2fc20441d:designated:mimo,pair_repeat,mimo,,PR08c2fc20441d,,designated,SAME,plain,completed,True,ok,True,False,0.5,,False,7.4208e-06,stop
pair_repeat:PR5de8d2081c79:designated:astra,pair_repeat,astra,,PR5de8d2081c79,,designated,SAME,plain,completed,True,ok,True,False,0.5,,False,0.00252,stop
pair_repeat:PRce50e4c69b64:designated:fable,pair_repeat,fable,,PRce50e4c69b64,,designated,SAME,plain,completed,False,multiple_or_no_numbers,False,False,,,False,0.00606,stop
pair_repeat:PR4a19d5c427d1:designated:mimo,pair_repeat,mimo,,PR4a19d5c427d1,,designated,SAME,plain,completed,True,ok,True,False,0.5,,False,6.2205e-05,stop
pair_repeat:PR23b60d50b0a9:designated:astra,pair_repeat,astra,,PR23b60d50b0a9,,designated,SAME,fair,completed,True,ok,True,False,0.5,,False,0.00396,stop
pair_repeat:PR452bcc80efd2:designated:fable,pair_repeat,fable,,PR452bcc80efd2,,designated,SAME,fair,completed,True,ok,True,False,0.25,,False,0.00238,stop
pair_repeat:PR23b60d50b0a9:designated:fable,pair_repeat,fable,,PR23b60d50b0a9,,designated,SAME,fair,completed,False,multiple_or_no_numbers,False,False,,,False,0.00533,stop
pair_repeat:PR452bcc80efd2:designated:astra,pair_repeat,astra,,PR452bcc80efd2,,designated,SAME,fair,completed,True,ok,True,False,0.5,,False,0.00351,stop
pair_repeat:PR899d179034e6:designated:mimo,pair_repeat,mimo,,PR899d179034e6,,designated,SAME,fair,completed,True,ok,True,False,0.5,,False,6.3075e-05,stop
pair_repeat:PRce50e4c69b64:designated:astra,pair_repeat,astra,,PRce50e4c69b64,,designated,SAME,plain,completed,True,ok,True,False,0.5,,False,0.00277,stop
pair_repeat:PR5de8d2081c79:designated:fable,pair_repeat,fable,,PR5de8d2081c79,,designated,SAME,plain,completed,True,ok,True,False,0.6,,False,0.00236,stop
pair_repeat:PR5e2256a590d4:designated:mimo,pair_repeat,mimo,,PR5e2256a590d4,,designated,SAME,fair,completed,True,ok,True,False,0.5,,False,6.177e-05,stop
pair_repeat:PR23b60d50b0a9:designated:mimo,pair_repeat,mimo,,PR23b60d50b0a9,,designated,SAME,fair,completed,True,ok,True,False,0.5,,False,6.2205e-05,stop
pair_repeat:PRa6ae8ba10db5:designated:mimo,pair_repeat,mimo,,PRa6ae8ba10db5,,designated,SAME,plain,completed,True,ok,True,False,0.5,,False,6.264e-05,stop
pair_repeat:PR47b2cdd54cfe:designated:fable,pair_repeat,fable,,PR47b2cdd54cfe,,designated,SAME,fair,completed,True,ok,True,False,0.6,,False,0.00238,stop
pair_polarity:PR5e2256a590d4:designated:mimo,pair_polarity,mimo,,PR5e2256a590d4,,designated,DIFFERENT,fair,completed,True,ok,True,False,0.5,,False,6.177e-05,stop
pair_polarity:PR47b2cdd54cfe:designated:fable,pair_polarity,fable,,PR47b2cdd54cfe,,designated,DIFFERENT,fair,completed,True,ok,True,False,0.45,,False,0.00238,stop
pair_polarity:PR899d179034e6:designated:astra,pair_polarity,astra,,PR899d179034e6,,designated,DIFFERENT,fair,completed,True,ok,True,False,0.5,,False,0.00308,stop
pair_polarity:PRce50e4c69b64:designated:fable,pair_polarity,fable,,PRce50e4c69b64,,designated,DIFFERENT,plain,completed,True,ok,True,False,0.35,,False,0.00236,stop
pair_polarity:PR15dc436c9628:designated:fable,pair_polarity,fable,,PR15dc436c9628,,designated,DIFFERENT,plain,completed,True,ok,True,False,0.4,,False,0.00236,stop
pair_polarity:PR899d179034e6:designated:fable,pair_polarity,fable,,PR899d179034e6,,designated,DIFFERENT,fair,completed,True,ok,True,False,0.45,,False,0.00238,stop
pair_polarity:PR5de8d2081c79:designated:fable,pair_polarity,fable,,PR5de8d2081c79,,designated,DIFFERENT,plain,completed,True,ok,True,False,0.45,,False,0.00236,stop
pair_polarity:PR452bcc80efd2:designated:astra,pair_polarity,astra,,PR452bcc80efd2,,designated,DIFFERENT,fair,completed,True,ok,True,False,0.5,,False,0.00346,stop
pair_polarity:PR15dc436c9628:designated:astra,pair_polarity,astra,,PR15dc436c9628,,designated,DIFFERENT,plain,completed,True,ok,True,False,0.5,,False,0.00281,stop
pair_polarity:PR08c2fc20441d:designated:astra,pair_polarity,astra,,PR08c2fc20441d,,designated,DIFFERENT,plain,completed,True,ok,True,False,0.5,,False,0.00497,stop
pair_polarity:PRa6ae8ba10db5:designated:astra,pair_polarity,astra,,PRa6ae8ba10db5,,designated,DIFFERENT,plain,completed,True,ok,True,False,0.5,,False,0.00302,stop
pair_polarity:PR23b60d50b0a9:designated:fable,pair_polarity,fable,,PR23b60d50b0a9,,designated,DIFFERENT,fair,completed,True,ok,True,False,0.3,,False,0.00238,stop
pair_polarity:PR675e2307f844:designated:mimo,pair_polarity,mimo,,PR675e2307f844,,designated,DIFFERENT,fair,completed,True,ok,True,False,0.5,,False,6.2205e-05,stop
pair_polarity:PR15dc436c9628:designated:mimo,pair_polarity,mimo,,PR15dc436c9628,,designated,DIFFERENT,plain,completed,True,ok,True,False,0.5,,False,6.2205e-05,stop
pair_polarity:PRa6ae8ba10db5:designated:mimo,pair_polarity,mimo,,PRa6ae8ba10db5,,designated,DIFFERENT,plain,completed,True,ok,True,False,0.5,,False,6.264e-05,stop
pair_polarity:PR47b2cdd54cfe:designated:astra,pair_polarity,astra,,PR47b2cdd54cfe,,designated,DIFFERENT,fair,completed,True,ok,True,False,0.5,,False,0.00322,stop
pair_polarity:PR4a19d5c427d1:designated:astra,pair_polarity,astra,,PR4a19d5c427d1,,designated,DIFFERENT,plain,completed,True,ok,True,False,0.5,,False,0.00286,stop
pair_polarity:PRce50e4c69b64:designated:mimo,pair_polarity,mimo,,PRce50e4c69b64,,designated,DIFFERENT,plain,completed,True,ok,True,False,0.5,,False,6.264e-05,stop
pair_polarity:PR47b2cdd54cfe:designated:mimo,pair_polarity,mimo,,PR47b2cdd54cfe,,designated,DIFFERENT,fair,completed,True,ok,True,False,0.5,,False,6.264e-05,stop
pair_polarity:PR675e2307f844:designated:fable,pair_polarity,fable,,PR675e2307f844,,designated,DIFFERENT,fair,completed,True,ok,True,False,0.4,,False,0.00238,stop
pair_polarity:PR5de8d2081c79:designated:astra,pair_polarity,astra,,PR5de8d2081c79,,designated,DIFFERENT,plain,completed,True,ok,True,False,0.5,,False,0.00282,stop
pair_polarity:PR23b60d50b0a9:designated:astra,pair_polarity,astra,,PR23b60d50b0a9,,designated,DIFFERENT,fair,completed,True,ok,True,False,0.5,,False,0.00361,stop
pair_polarity:PR5de8d2081c79:designated:mimo,pair_polarity,mimo,,PR5de8d2081c79,,designated,DIFFERENT,plain,completed,True,ok,True,False,0.5,,False,6.264e-05,stop
pair_polarity:PR452bcc80efd2:designated:mimo,pair_polarity,mimo,,PR452bcc80efd2,,designated,DIFFERENT,fair,completed,True,ok,True,False,0.5,,False,6.2205e-05,stop
pair_polarity:PR899d179034e6:designated:mimo,pair_polarity,mimo,,PR899d179034e6,,designated,DIFFERENT,fair,completed,True,ok,True,False,0.5,,False,6.3075e-05,stop
pair_polarity:PR5e2256a590d4:designated:fable,pair_polarity,fable,,PR5e2256a590d4,,designated,DIFFERENT,fair,completed,True,ok,True,False,0.7,,False,0.00238,stop
pair_polarity:PR23b60d50b0a9:designated:mimo,pair_polarity,mimo,,PR23b60d50b0a9,,designated,DIFFERENT,fair,completed,True,ok,True,False,0.5,,False,6.2205e-05,stop
pair_polarity:PR5e2256a590d4:designated:astra,pair_polarity,astra,,PR5e2256a590d4,,designated,DIFFERENT,fair,completed,True,ok,True,False,0.5,,False,0.00355,stop
pair_polarity:PR4a19d5c427d1:designated:fable,pair_polarity,fable,,PR4a19d5c427d1,,designated,DIFFERENT,plain,completed,True,ok,True,False,0.42,,False,0.00236,stop
pair_polarity:PRce50e4c69b64:designated:astra,pair_polarity,astra,,PRce50e4c69b64,,designated,DIFFERENT,plain,completed,True,ok,True,False,0.5,,False,0.00287,stop
pair_polarity:PRa6ae8ba10db5:designated:fable,pair_polarity,fable,,PRa6ae8ba10db5,,designated,DIFFERENT,plain,completed,True,ok,True,False,0.45,,False,0.00236,stop
pair_polarity:PR4a19d5c427d1:designated:mimo,pair_polarity,mimo,,PR4a19d5c427d1,,designated,DIFFERENT,plain,completed,True,ok,True,False,0.5,,False,6.2205e-05,stop
pair_polarity:PR08c2fc20441d:designated:mimo,pair_polarity,mimo,,PR08c2fc20441d,,designated,DIFFERENT,plain,completed,True,ok,True,False,0.5,,False,6.264e-05,stop
pair_polarity:PR675e2307f844:designated:astra,pair_polarity,astra,,PR675e2307f844,,designated,DIFFERENT,fair,completed,True,ok,True,False,0.5,,False,0.00276,stop
pair_polarity:PR452bcc80efd2:designated:fable,pair_polarity,fable,,PR452bcc80efd2,,designated,DIFFERENT,fair,completed,True,ok,True,False,0.8,,False,0.00238,stop
pair_polarity:PR08c2fc20441d:designated:fable,pair_polarity,fable,,PR08c2fc20441d,,designated,DIFFERENT,plain,completed,False,multiple_or_no_numbers,False,False,,,False,0.00461,stop
pair_prior:astra:plain:SAME,pair_prior,astra,,,,,SAME,plain,completed,True,ok,True,False,0.5,,False,0.00139,stop
pair_prior:astra:fair:SAME,pair_prior,astra,,,,,SAME,fair,completed,True,ok,True,False,0.5,,False,0.0014,stop
pair_prior:astra:fair:DIFFERENT,pair_prior,astra,,,,,DIFFERENT,fair,completed,True,ok,True,False,0.5,,False,0.0014,stop
pair_prior:fable:fair:DIFFERENT,pair_prior,fable,,,,,DIFFERENT,fair,completed,True,ok,True,False,0.5,,False,0.0019,stop
pair_prior:fable:fair:SAME,pair_prior,fable,,,,,SAME,fair,completed,True,ok,True,False,0.5,,False,0.0019,stop
pair_prior:astra:plain:DIFFERENT,pair_prior,astra,,,,,DIFFERENT,plain,completed,True,ok,True,False,0.5,,False,0.00139,stop
pair_prior:fable:plain:DIFFERENT,pair_prior,fable,,,,,DIFFERENT,plain,completed,True,ok,True,False,0.5,,False,0.00188,stop
pair_prior:mimo:plain:SAME,pair_prior,mimo,,,,,SAME,plain,completed,True,ok,True,False,0.5,,False,5.046e-05,stop
pair_prior:mimo:fair:SAME,pair_prior,mimo,,,,,SAME,fair,completed,True,ok,True,False,0.5,,False,5.0895e-05,stop
pair_prior:fable:plain:SAME,pair_prior,fable,,,,,SAME,plain,completed,True,ok,True,False,0.5,,False,0.00188,stop
pair_prior:mimo:plain:DIFFERENT,pair_prior,mimo,,,,,DIFFERENT,plain,completed,True,ok,True,False,0.5,,False,5.046e-05,stop
pair_prior:mimo:fair:DIFFERENT,pair_prior,mimo,,,,,DIFFERENT,fair,completed,True,ok,True,False,0.5,,False,5.0895e-05,stop
fix:named:astra:02,fixture_named,astra,,,,,,,completed,True,ok,True,False,"{""C1"": 0.0, ""C2"": 0.0, ""C3"": 1.0}",,False,0.00281,stop
fix:named:astra:05,fixture_named,astra,,,,,,,completed,True,ok,True,False,"{""C1"": 1.0, ""C2"": 0.0, ""C3"": 0.0}",,False,0.00281,stop
fix:named:fable:01,fixture_named,fable,,,,,,,completed,True,ok,True,False,"{""C1"": 0.0, ""C2"": 9.5367431640625e-07, ""C3"": 0.9999990463256836}",,False,0.00483,stop
fix:named:fable:02,fixture_named,fable,,,,,,,completed,True,ok,True,False,"{""C1"": 0.0, ""C2"": 0.0, ""C3"": 1.0}",,False,0.00394,stop
fix:named:fable:00,fixture_named,fable,,,,,,,completed,True,ok,True,False,"{""C1"": 0.9999990463256836, ""C2"": 0.0, ""C3"": 9.5367431640625e-07}",,False,0.00474,stop
fix:named:fable:03,fixture_named,fable,,,,,,,completed,True,ok,True,False,"{""C1"": 0.0, ""C2"": 9.5367e-07, ""C3"": 0.99999904633}",,False,0.00455,stop
fix:named:astra:00,fixture_named,astra,,,,,,,completed,True,ok,True,False,"{""C1"": 0.9999990463265931, ""C2"": 0.0, ""C3"": 9.536734069124156e-07}",,False,0.00604,stop
fix:named:astra:04,fixture_named,astra,,,,,,,completed,True,ok,True,False,"{""C1"": 9.536734069124156e-07, ""C2"": 0.0, ""C3"": 0.9999990463265931}",,False,0.00709,stop
fix:named:astra:03,fixture_named,astra,,,,,,,completed,True,ok,True,False,"{""C1"": 0.0, ""C2"": 9.53673406911461e-07, ""C3"": 0.9999990463265931}",,False,0.00679,stop
fix:named:fable:05,fixture_named,fable,,,,,,,completed,True,ok,True,False,"{""C1"": 1.0, ""C2"": 0.0, ""C3"": 0.0}",,False,0.00423,stop
fix:named:mimo:00,fixture_named,mimo,,,,,,,completed,True,ok,True,False,"{""C1"": 0.9999999999999999, ""C2"": 0.0, ""C3"": 1.0000000000000003e-16}",,False,0.00013398,stop
fix:named:mimo:01,fixture_named,mimo,,,,,,,completed,True,ok,True,False,"{""C1"": 0.0, ""C2"": 0.0, ""C3"": 1.0}",,False,9.918e-05,stop
fix:named:fable:04,fixture_named,fable,,,,,,,completed,True,ok,True,False,"{""C1"": 9.536743164617e-07, ""C2"": 0.0, ""C3"": 0.9999990463256836}",,False,0.00478,stop
fix:named:mimo:02,fixture_named,mimo,,,,,,,completed,True,ok,True,False,"{""C1"": 0.0, ""C2"": 0.0, ""C3"": 1.0}",,False,0.000105705,stop
fix:named:astra:01,fixture_named,astra,,,,,,,completed,True,ok,True,False,"{""C1"": 0.0, ""C2"": 9.53673406911461e-07, ""C3"": 0.9999990463265931}",,False,0.00784,stop
fix:named:mimo:03,fixture_named,mimo,,,,,,,completed,True,ok,True,False,"{""C1"": 0.0, ""C2"": 9.5367431640625e-07, ""C3"": 0.9999990463256836}",,False,0.00013224,stop
fix:named:mimo:04,fixture_named,mimo,,,,,,,completed,False,ambiguous_or_missing_payload,False,False,,,False,0.0001305,stop
fix:named:mimo:05,fixture_named,mimo,,,,,,,completed,False,object_sum_not_one,False,True,,,False,0.000124845,stop
named:P633cce82bfa2:mimo,named,mimo,P633cce82bfa2,,,,,fair,completed,True,ok,True,False,"{""C1"": 0.34, ""C2"": 0.33, ""C3"": 0.33}",,True,0.000106575,stop
named:P48b6ce201a09:mimo,named,mimo,P48b6ce201a09,,,,,plain,completed,True,ok,True,False,"{""C1"": 0.33, ""C2"": 0.33, ""C3"": 0.34}",,True,0.000105705,stop
named:P9623d498f378:mimo,named,mimo,P9623d498f378,,,,,plain,completed,True,ok,True,False,"{""C1"": 0.3333333333333333, ""C2"": 0.3333333333333333, ""C3"": 0.3333333333333333}",,True,0.00014268,stop
named:P34df0d0e02ef:astra,named,astra,P34df0d0e02ef,,,,,fair,completed,True,ok,True,False,"{""C1"": 0.3333333333333333, ""C2"": 0.3333333333333333, ""C3"": 0.3333333333333333}",,True,0.00378,stop
named:Pd9f29d3be7f9:mimo,named,mimo,Pd9f29d3be7f9,,,,,plain,completed,True,ok,True,False,"{""C1"": 0.34, ""C2"": 0.33, ""C3"": 0.33}",,True,0.000105705,stop
named:P9623d498f378:fable,named,fable,P9623d498f378,,,,,plain,completed,True,ok,True,False,"{""C1"": 0.33, ""C2"": 0.33, ""C3"": 0.34}",,True,0.00419,stop
named:P9799ccdd11c6:astra,named,astra,P9799ccdd11c6,,,,,fair,completed,True,ok,True,False,"{""C1"": 0.3333333333333333, ""C2"": 0.3333333333333333, ""C3"": 0.3333333333333334}",,True,0.00593,stop
named:Pf4b50baaac55:fable,named,fable,Pf4b50baaac55,,,,,plain,completed,True,ok,True,False,"{""C1"": 0.33, ""C2"": 0.33, ""C3"": 0.34}",,True,0.00419,stop
named:Pb728176c80b0:mimo,named,mimo,Pb728176c80b0,,,,,plain,completed,True,ok,True,False,"{""C1"": 0.34, ""C2"": 0.33, ""C3"": 0.33}",,True,0.000105705,stop
named:P6e7386996121:mimo,named,mimo,P6e7386996121,,,,,fair,completed,True,ok,True,False,"{""C1"": 0.34, ""C2"": 0.33, ""C3"": 0.33}",,True,0.00010614,stop
named:Pd1d27b041b66:fable,named,fable,Pd1d27b041b66,,,,,plain,completed,True,ok,True,False,"{""C1"": 0.3, ""C2"": 0.3, ""C3"": 0.4}",,True,0.00419,stop
named:P34df0d0e02ef:fable,named,fable,P34df0d0e02ef,,,,,fair,completed,True,ok,True,False,"{""C1"": 0.33, ""C2"": 0.33, ""C3"": 0.34}",,True,0.00421,stop
named:P9799ccdd11c6:fable,named,fable,P9799ccdd11c6,,,,,fair,completed,True,ok,True,False,"{""C1"": 0.33, ""C2"": 0.33, ""C3"": 0.34}",,True,0.00421,stop
named:Pf4b50baaac55:mimo,named,mimo,Pf4b50baaac55,,,,,plain,completed,True,ok,True,False,"{""C1"": 0.3333333333333333, ""C2"": 0.3333333333333333, ""C3"": 0.3333333333333333}",,True,0.000142245,stop
named:Pf3d993a7ee4c:fable,named,fable,Pf3d993a7ee4c,,,,,fair,completed,True,ok,True,False,"{""C1"": 0.34, ""C2"": 0.33, ""C3"": 0.33}",,True,0.00421,stop
named:P311165b56986:mimo,named,mimo,P311165b56986,,,,,fair,completed,True,ok,True,False,"{""C1"": 0.3333333333333333, ""C2"": 0.3333333333333333, ""C3"": 0.3333333333333333}",,True,0.00014268,stop
named:P311165b56986:astra,named,astra,P311165b56986,,,,,fair,completed,True,ok,True,False,"{""C1"": 0.3333333333333333, ""C2"": 0.3333333333333333, ""C3"": 0.3333333333333334}",,True,0.00377,stop
named:P34df0d0e02ef:mimo,named,mimo,P34df0d0e02ef,,,,,fair,completed,True,ok,True,False,"{""C1"": 0.34, ""C2"": 0.33, ""C3"": 0.33}",,True,0.000106575,stop
named:P5e7d1c65c23a:mimo,named,mimo,P5e7d1c65c23a,,,,,fair,completed,True,ok,True,False,"{""C1"": 0.05, ""C2"": 0.1, ""C3"": 0.85}",,True,0.000104835,stop
named:P5e7d1c65c23a:fable,named,fable,P5e7d1c65c23a,,,,,fair,completed,True,ok,True,False,"{""C1"": 0.34, ""C2"": 0.33, ""C3"": 0.33}",,True,0.00421,stop
named:Pf912b277130e:mimo,named,mimo,Pf912b277130e,,,,,plain,completed,True,ok,True,False,"{""C1"": 0.3333333333333333, ""C2"": 0.3333333333333333, ""C3"": 0.3333333333333333}",,True,0.000142245,stop
named:P154ffb63867c:mimo,named,mimo,P154ffb63867c,,,,,plain,completed,True,ok,True,False,"{""C1"": 0.34, ""C2"": 0.33, ""C3"": 0.33}",,True,0.000105705,stop
named:P2bc62689bf73:mimo,named,mimo,P2bc62689bf73,,,,,fair,completed,True,ok,True,False,"{""C1"": 0.34, ""C2"": 0.33, ""C3"": 0.33}",,True,0.00010614,stop
named:P6db6b290c9f7:mimo,named,mimo,P6db6b290c9f7,,,,,fair,completed,True,ok,True,False,"{""C1"": 0.34, ""C2"": 0.33, ""C3"": 0.33}",,True,0.000106575,stop
named:Pb079280de9bf:mimo,named,mimo,Pb079280de9bf,,,,,plain,completed,True,ok,True,False,"{""C1"": 0.34, ""C2"": 0.33, ""C3"": 0.33}",,True,0.00010614,stop
named:P38d4da757e9b:mimo,named,mimo,P38d4da757e9b,,,,,fair,completed,True,ok,True,False,"{""C1"": 0.34, ""C2"": 0.33, ""C3"": 0.33}",,True,0.00010614,stop
named:Pb079280de9bf:fable,named,fable,Pb079280de9bf,,,,,plain,completed,True,ok,True,False,"{""C1"": 0.4, ""C2"": 0.32, ""C3"": 0.28}",,True,0.00419,stop
named:Pd1d27b041b66:astra,named,astra,Pd1d27b041b66,,,,,plain,completed,True,ok,True,False,"{""C1"": 0.3333333333333333, ""C2"": 0.3333333333333333, ""C3"": 0.3333333333333334}",,True,0.00376,stop
named:P1fbe776671a1:fable,named,fable,P1fbe776671a1,,,,,plain,completed,True,ok,True,False,"{""C1"": 0.33, ""C2"": 0.33, ""C3"": 0.34}",,True,0.00419,stop
named:P08efdd7d726e:mimo,named,mimo,P08efdd7d726e,,,,,fair,completed,True,ok,True,False,"{""C1"": 0.34, ""C2"": 0.33, ""C3"": 0.33}",,True,0.00010614,stop
named:P6db6b290c9f7:fable,named,fable,P6db6b290c9f7,,,,,fair,completed,True,ok,True,False,"{""C1"": 0.33, ""C2"": 0.33, ""C3"": 0.34}",,True,0.0042,stop
named:P6206e64a1a46:astra,named,astra,P6206e64a1a46,,,,,fair,completed,True,ok,True,False,"{""C1"": 0.3333333333333333, ""C2"": 0.3333333333333333, ""C3"": 0.3333333333333334}",,True,0.00557,stop
named:P154ffb63867c:astra,named,astra,P154ffb63867c,,,,,plain,completed,True,ok,True,False,"{""C1"": 0.3333333333333333, ""C2"": 0.3333333333333333, ""C3"": 0.3333333333333334}",,True,0.00376,stop
named:P6e7386996121:astra,named,astra,P6e7386996121,,,,,fair,completed,True,ok,True,False,"{""C1"": 0.3333333333333333, ""C2"": 0.3333333333333333, ""C3"": 0.3333333333333334}",,True,0.00377,stop
named:Pfb1fbd01a972:fable,named,fable,Pfb1fbd01a972,,,,,plain,completed,True,ok,True,False,"{""C1"": 0.33, ""C2"": 0.34, ""C3"": 0.33}",,True,0.00419,stop
named:Pac1e59009057:astra,named,astra,Pac1e59009057,,,,,plain,completed,True,ok,True,False,"{""C1"": 0.3333333333333333, ""C2"": 0.3333333333333333, ""C3"": 0.3333333333333334}",,True,0.00377,stop
named:Pc5a04d251fc6:astra,named,astra,Pc5a04d251fc6,,,,,fair,completed,True,ok,True,False,"{""C1"": 0.3333333333333333, ""C2"": 0.3333333333333333, ""C3"": 0.3333333333333334}",,True,0.00377,stop
named:P2bc62689bf73:astra,named,astra,P2bc62689bf73,,,,,fair,completed,True,ok,True,False,"{""C1"": 0.3333333333333333, ""C2"": 0.3333333333333333, ""C3"": 0.3333333333333334}",,True,0.00612,stop
named:Pb30f63c422d5:fable,named,fable,Pb30f63c422d5,,,,,plain,completed,True,ok,True,False,"{""C1"": 0.3, ""C2"": 0.36, ""C3"": 0.34}",,True,0.00418,stop
named:Pbe2c91a32679:astra,named,astra,Pbe2c91a32679,,,,,plain,completed,True,ok,True,False,"{""C1"": 0.3333333333333333, ""C2"": 0.3333333333333333, ""C3"": 0.3333333333333334}",,True,0.00377,stop
named:P1fbe776671a1:mimo,named,mimo,P1fbe776671a1,,,,,plain,completed,True,ok,True,False,"{""C1"": 0.3333333333333333, ""C2"": 0.3333333333333333, ""C3"": 0.3333333333333333}",,True,0.00014268,stop
named:P44c3132dd9c8:astra,named,astra,P44c3132dd9c8,,,,,fair,completed,True,ok,True,False,"{""C1"": 0.3333333333333333, ""C2"": 0.3333333333333333, ""C3"": 0.3333333333333334}",,True,0.00377,stop
named:P633cce82bfa2:fable,named,fable,P633cce82bfa2,,,,,fair,completed,True,ok,True,False,"{""C1"": 0.32, ""C2"": 0.33, ""C3"": 0.35}",,True,0.00421,stop
named:Pfb1fbd01a972:astra,named,astra,Pfb1fbd01a972,,,,,plain,completed,True,ok,True,False,"{""C1"": 0.3333333333333333, ""C2"": 0.3333333333333333, ""C3"": 0.3333333333333333}",,True,0.00377,stop
named:P48b6ce201a09:fable,named,fable,P48b6ce201a09,,,,,plain,completed,True,ok,True,False,"{""C1"": 0.33, ""C2"": 0.34, ""C3"": 0.33}",,True,0.00419,stop
named:P56f4dfbe28d3:astra,named,astra,P56f4dfbe28d3,,,,,plain,completed,True,ok,True,False,"{""C1"": 0.3333333333333333, ""C2"": 0.3333333333333333, ""C3"": 0.3333333333333334}",,True,0.00378,stop
named:Pb728176c80b0:astra,named,astra,Pb728176c80b0,,,,,plain,completed,True,ok,True,False,"{""C1"": 0.3333333333333333, ""C2"": 0.3333333333333333, ""C3"": 0.3333333333333334}",,True,0.00376,stop
named:Pf4b50baaac55:astra,named,astra,Pf4b50baaac55,,,,,plain,completed,True,ok,True,False,"{""C1"": 0.3333333333333333, ""C2"": 0.3333333333333333, ""C3"": 0.3333333333333334}",,True,0.00376,stop
named:P44c3132dd9c8:fable,named,fable,P44c3132dd9c8,,,,,fair,completed,True,ok,True,False,"{""C1"": 0.33, ""C2"": 0.34, ""C3"": 0.33}",,True,0.00421,stop
named:P9799ccdd11c6:mimo,named,mimo,P9799ccdd11c6,,,,,fair,completed,True,ok,True,False,"{""C1"": 0.34, ""C2"": 0.33, ""C3"": 0.33}",,True,0.000106575,stop
named:P5e7d1c65c23a:astra,named,astra,P5e7d1c65c23a,,,,,fair,completed,True,ok,True,False,"{""C1"": 0.3333333333333333, ""C2"": 0.3333333333333333, ""C3"": 0.3333333333333334}",,True,0.00376,stop
named:P1b14967de0e4:astra,named,astra,P1b14967de0e4,,,,,plain,completed,True,ok,True,False,"{""C1"": 0.3333333333333333, ""C2"": 0.3333333333333333, ""C3"": 0.3333333333333334}",,True,0.00377,stop
named:P311165b56986:fable,named,fable,P311165b56986,,,,,fair,completed,True,ok,True,False,"{""C1"": 0.33, ""C2"": 0.33, ""C3"": 0.34}",,True,0.00421,stop
named:P56f4dfbe28d3:fable,named,fable,P56f4dfbe28d3,,,,,plain,completed,True,ok,True,False,"{""C1"": 0.34, ""C2"": 0.33, ""C3"": 0.33}",,True,0.00419,stop
named:Pb30f63c422d5:mimo,named,mimo,Pb30f63c422d5,,,,,plain,completed,True,ok,True,False,"{""C1"": 0.34, ""C2"": 0.33, ""C3"": 0.33}",,True,0.000105705,stop
named:Pf912b277130e:fable,named,fable,Pf912b277130e,,,,,plain,completed,True,ok,True,False,"{""C1"": 0.3, ""C2"": 0.38, ""C3"": 0.32}",,True,0.00419,stop
named:P80afc9796590:fable,named,fable,P80afc9796590,,,,,fair,completed,True,ok,True,False,"{""C1"": 0.34, ""C2"": 0.33, ""C3"": 0.33}",,True,0.00421,stop
named:Pd1d27b041b66:mimo,named,mimo,Pd1d27b041b66,,,,,plain,completed,True,ok,True,False,"{""C1"": 0.34, ""C2"": 0.33, ""C3"": 0.33}",,True,0.000105705,stop
named:P633cce82bfa2:astra,named,astra,P633cce82bfa2,,,,,fair,completed,True,ok,True,False,"{""C1"": 0.3333333333333333, ""C2"": 0.3333333333333333, ""C3"": 0.3333333333333334}",,True,0.00378,stop
named:P6db6b290c9f7:astra,named,astra,P6db6b290c9f7,,,,,fair,completed,True,ok,True,False,"{""C1"": 0.3333333333333333, ""C2"": 0.3333333333333333, ""C3"": 0.3333333333333334}",,True,0.00378,stop
named:Pb728176c80b0:fable,named,fable,Pb728176c80b0,,,,,plain,completed,True,ok,True,False,"{""C1"": 0.34, ""C2"": 0.33, ""C3"": 0.33}",,True,0.00419,stop
named:P80afc9796590:astra,named,astra,P80afc9796590,,,,,fair,completed,True,ok,True,False,"{""C1"": 0.3333333333333333, ""C2"": 0.3333333333333333, ""C3"": 0.3333333333333334}",,True,0.00377,stop
named:Pd9f29d3be7f9:fable,named,fable,Pd9f29d3be7f9,,,,,plain,completed,True,ok,True,False,"{""C1"": 0.33, ""C2"": 0.34, ""C3"": 0.33}",,True,0.00419,stop
named:Pcdc1f778b578:mimo,named,mimo,Pcdc1f778b578,,,,,fair,completed,True,ok,True,False,"{""C1"": 0.34, ""C2"": 0.33, ""C3"": 0.33}",,True,0.00010701,stop
named:P030bc4e6312a:mimo,named,mimo,P030bc4e6312a,,,,,plain,completed,True,ok,True,False,"{""C1"": 0.3333333333333333, ""C2"": 0.3333333333333333, ""C3"": 0.3333333333333333}",,True,0.00014268,stop
named:P56f4dfbe28d3:mimo,named,mimo,P56f4dfbe28d3,,,,,plain,completed,True,ok,True,False,"{""C1"": 0.34, ""C2"": 0.33, ""C3"": 0.33}",,True,0.000106575,stop
named:Pbe2c91a32679:fable,named,fable,Pbe2c91a32679,,,,,plain,completed,True,ok,True,False,"{""C1"": 0.34, ""C2"": 0.33, ""C3"": 0.33}",,True,0.00419,stop
named:P6e7386996121:fable,named,fable,P6e7386996121,,,,,fair,completed,True,ok,True,False,"{""C1"": 0.4, ""C2"": 0.32, ""C3"": 0.28}",,True,0.00421,stop
named:Paa1a9013b1ec:fable,named,fable,Paa1a9013b1ec,,,,,fair,completed,True,ok,True,False,"{""C1"": 0.33, ""C2"": 0.33, ""C3"": 0.34}",,True,0.0042,stop
named:P1b14967de0e4:fable,named,fable,P1b14967de0e4,,,,,plain,completed,True,ok,True,False,"{""C1"": 0.33, ""C2"": 0.34, ""C3"": 0.33}",,True,0.00419,stop
named:P37dcdba54f8a:fable,named,fable,P37dcdba54f8a,,,,,plain,completed,True,ok,True,False,"{""C1"": 0.33, ""C2"": 0.33, ""C3"": 0.34}",,True,0.00419,stop
named:P9623d498f378:astra,named,astra,P9623d498f378,,,,,plain,completed,True,ok,True,False,"{""C1"": 0.3333333333333333, ""C2"": 0.3333333333333333, ""C3"": 0.3333333333333334}",,True,0.00377,stop
named:P2bc62689bf73:fable,named,fable,P2bc62689bf73,,,,,fair,completed,True,ok,True,False,"{""C1"": 0.4, ""C2"": 0.3, ""C3"": 0.3}",,True,0.0042,stop
named:P030bc4e6312a:fable,named,fable,P030bc4e6312a,,,,,plain,completed,True,ok,True,False,"{""C1"": 0.3, ""C2"": 0.3, ""C3"": 0.4}",,True,0.00419,stop
named:P1fbe776671a1:astra,named,astra,P1fbe776671a1,,,,,plain,completed,True,ok,True,False,"{""C1"": 0.3333333333333333, ""C2"": 0.3333333333333333, ""C3"": 0.3333333333333334}",,True,0.00377,stop
named:P030bc4e6312a:astra,named,astra,P030bc4e6312a,,,,,plain,completed,True,ok,True,False,"{""C1"": 0.3333333333333333, ""C2"": 0.3333333333333333, ""C3"": 0.3333333333333334}",,True,0.00377,stop
named:Pac1e59009057:mimo,named,mimo,Pac1e59009057,,,,,plain,completed,True,ok,True,False,"{""C1"": 0.34, ""C2"": 0.33, ""C3"": 0.33}",,True,0.00010614,stop
named:Pd9f29d3be7f9:astra,named,astra,Pd9f29d3be7f9,,,,,plain,completed,True,ok,True,False,"{""C1"": 0.3333333333333333, ""C2"": 0.3333333333333333, ""C3"": 0.3333333333333334}",,True,0.00376,stop
named:P44c3132dd9c8:mimo,named,mimo,P44c3132dd9c8,,,,,fair,completed,True,ok,True,False,"{""C1"": 0.3333333333333333, ""C2"": 0.3333333333333333, ""C3"": 0.3333333333333333}",,True,0.00014268,stop
named:Pb30f63c422d5:astra,named,astra,Pb30f63c422d5,,,,,plain,completed,True,ok,True,False,"{""C1"": 0.3333333333333333, ""C2"": 0.3333333333333333, ""C3"": 0.3333333333333334}",,True,0.00376,stop
named:Pcdc1f778b578:fable,named,fable,Pcdc1f778b578,,,,,fair,completed,True,ok,True,False,"{""C1"": 0.33, ""C2"": 0.34, ""C3"": 0.33}",,True,0.00421,stop
named:P08efdd7d726e:fable,named,fable,P08efdd7d726e,,,,,fair,completed,True,ok,True,False,"{""C1"": 0.33, ""C2"": 0.34, ""C3"": 0.33}",,True,0.00421,stop
named:P37dcdba54f8a:astra,named,astra,P37dcdba54f8a,,,,,plain,completed,True,ok,True,False,"{""C1"": 0.3333333333333333, ""C2"": 0.3333333333333333, ""C3"": 0.3333333333333333}",,True,0.00377,stop
named:Pb079280de9bf:astra,named,astra,Pb079280de9bf,,,,,plain,completed,True,ok,True,False,"{""C1"": 0.3333333333333333, ""C2"": 0.3333333333333333, ""C3"": 0.3333333333333334}",,True,0.00377,stop
named:P1b14967de0e4:mimo,named,mimo,P1b14967de0e4,,,,,plain,completed,True,ok,True,False,"{""C1"": 0.3333333333333333, ""C2"": 0.3333333333333333, ""C3"": 0.3333333333333333}",,True,0.00014268,stop
named:P37dcdba54f8a:mimo,named,mimo,P37dcdba54f8a,,,,,plain,completed,True,ok,True,False,"{""C1"": 0.34, ""C2"": 0.33, ""C3"": 0.33}",,True,0.00010614,stop
named:P6206e64a1a46:fable,named,fable,P6206e64a1a46,,,,,fair,completed,True,ok,True,False,"{""C1"": 0.34, ""C2"": 0.33, ""C3"": 0.33}",,True,0.00421,stop
named:Pf912b277130e:astra,named,astra,Pf912b277130e,,,,,plain,completed,True,ok,True,False,"{""C1"": 0.3333333333333333, ""C2"": 0.3333333333333333, ""C3"": 0.3333333333333334}",,True,0.00376,stop
named:Pbe2c91a32679:mimo,named,mimo,Pbe2c91a32679,,,,,plain,completed,True,ok,True,False,"{""C1"": 0.34, ""C2"": 0.33, ""C3"": 0.33}",,True,0.00010614,stop
named:Paa1a9013b1ec:astra,named,astra,Paa1a9013b1ec,,,,,fair,completed,True,ok,True,False,"{""C1"": 0.3333333333333333, ""C2"": 0.3333333333333333, ""C3"": 0.3333333333333334}",,True,0.00432,stop
named:Pac1e59009057:fable,named,fable,Pac1e59009057,,,,,plain,completed,True,ok,True,False,"{""C1"": 0.34, ""C2"": 0.33, ""C3"": 0.33}",,True,0.00419,stop
named:P80afc9796590:mimo,named,mimo,P80afc9796590,,,,,fair,completed,True,ok,True,False,"{""C1"": 0.34, ""C2"": 0.33, ""C3"": 0.33}",,True,0.00010614,stop
named:Pdf2b3d9b2d24:mimo,named,mimo,Pdf2b3d9b2d24,,,,,fair,completed,True,ok,True,False,"{""C1"": 0.34, ""C2"": 0.33, ""C3"": 0.33}",,True,0.00010614,stop
named:P38d4da757e9b:astra,named,astra,P38d4da757e9b,,,,,fair,completed,True,ok,True,False,"{""C1"": 0.3333333333333333, ""C2"": 0.3333333333333333, ""C3"": 0.3333333333333334}",,True,0.00377,stop
named:Pf3d993a7ee4c:astra,named,astra,Pf3d993a7ee4c,,,,,fair,completed,True,ok,True,False,"{""C1"": 0.3333333333333333, ""C2"": 0.3333333333333333, ""C3"": 0.3333333333333334}",,True,0.00378,stop
named:P48b6ce201a09:astra,named,astra,P48b6ce201a09,,,,,plain,completed,True,ok,True,False,"{""C1"": 0.3333333333333333, ""C2"": 0.3333333333333333, ""C3"": 0.3333333333333334}",,True,0.00526,stop
named:Pcdc1f778b578:astra,named,astra,Pcdc1f778b578,,,,,fair,completed,True,ok,True,False,"{""C1"": 0.3333333333333333, ""C2"": 0.3333333333333333, ""C3"": 0.3333333333333334}",,True,0.00744,stop
named:Paa1a9013b1ec:mimo,named,mimo,Paa1a9013b1ec,,,,,fair,completed,True,ok,True,False,"{""C1"": 0.3333333333333333, ""C2"": 0.3333333333333333, ""C3"": 0.3333333333333333}",,True,0.00014268,stop
named:Pdf2b3d9b2d24:fable,named,fable,Pdf2b3d9b2d24,,,,,fair,completed,True,ok,True,False,"{""C1"": 0.33, ""C2"": 0.34, ""C3"": 0.33}",,True,0.00421,stop
named:Pf3d993a7ee4c:mimo,named,mimo,Pf3d993a7ee4c,,,,,fair,completed,True,ok,True,False,"{""C1"": 0.34, ""C2"": 0.33, ""C3"": 0.33}",,True,0.000106575,stop
named:Pc5a04d251fc6:fable,named,fable,Pc5a04d251fc6,,,,,fair,completed,True,ok,True,False,"{""C1"": 0.33, ""C2"": 0.34, ""C3"": 0.33}",,True,0.00421,stop
named:P38d4da757e9b:fable,named,fable,P38d4da757e9b,,,,,fair,completed,True,ok,True,False,"{""C1"": 0.34, ""C2"": 0.33, ""C3"": 0.33}",,True,0.00421,stop
named:P6206e64a1a46:mimo,named,mimo,P6206e64a1a46,,,,,fair,completed,True,ok,True,False,"{""C1"": 0.34, ""C2"": 0.33, ""C3"": 0.33}",,True,0.00010614,stop
named:P08efdd7d726e:astra,named,astra,P08efdd7d726e,,,,,fair,completed,True,ok,True,False,"{""C1"": 0.3333333333333333, ""C2"": 0.3333333333333333, ""C3"": 0.3333333333333334}",,True,0.00377,stop
named:P154ffb63867c:fable,named,fable,P154ffb63867c,,,,,plain,completed,True,ok,True,False,"{""C1"": 0.34, ""C2"": 0.33, ""C3"": 0.33}",,True,0.00419,stop
named:Pfb1fbd01a972:mimo,named,mimo,Pfb1fbd01a972,,,,,plain,completed,True,ok,True,False,"{""C1"": 0.3333333333333333, ""C2"": 0.3333333333333333, ""C3"": 0.3333333333333333}",,True,0.00014268,stop
named:Pdf2b3d9b2d24:astra,named,astra,Pdf2b3d9b2d24,,,,,fair,completed,True,ok,True,False,"{""C1"": 0.3333333333333333, ""C2"": 0.3333333333333333, ""C3"": 0.3333333333333334}",,True,0.00377,stop
named:Pc5a04d251fc6:mimo,named,mimo,Pc5a04d251fc6,,,,,fair,completed,True,ok,True,False,"{""C1"": 0.34, ""C2"": 0.33, ""C3"": 0.33}",,True,0.00010614,stop
named_prior:astra:plain:0,named_prior,astra,,,,,,plain,completed,True,ok,True,False,"{""C1"": 0.3333333333333333, ""C2"": 0.3333333333333333, ""C3"": 0.3333333333333334}",,False,0.00352,stop
named_prior:astra:plain:2,named_prior,astra,,,,,,plain,completed,True,ok,True,False,"{""C1"": 0.3333333333333333, ""C2"": 0.3333333333333333, ""C3"": 0.3333333333333334}",,False,0.00352,stop
named_prior:astra:plain:4,named_prior,astra,,,,,,plain,completed,True,ok,True,False,"{""C1"": 0.3333333333333333, ""C2"": 0.3333333333333333, ""C3"": 0.3333333333333334}",,False,0.00352,stop
named_prior:astra:plain:5,named_prior,astra,,,,,,plain,completed,True,ok,True,False,"{""C1"": 0.3333333333333333, ""C2"": 0.3333333333333333, ""C3"": 0.3333333333333334}",,False,0.00352,stop
named_prior:astra:plain:1,named_prior,astra,,,,,,plain,completed,True,ok,True,False,"{""C1"": 0.3333333333333333, ""C2"": 0.3333333333333333, ""C3"": 0.3333333333333333}",,False,0.00352,stop
named_prior:astra:fair:0,named_prior,astra,,,,,,fair,completed,True,ok,True,False,"{""C1"": 0.3333333333333333, ""C2"": 0.3333333333333333, ""C3"": 0.3333333333333334}",,False,0.00353,stop
named_prior:astra:plain:3,named_prior,astra,,,,,,plain,completed,True,ok,True,False,"{""C1"": 0.3333333333333333, ""C2"": 0.3333333333333333, ""C3"": 0.3333333333333334}",,False,0.00352,stop
named_prior:astra:fair:1,named_prior,astra,,,,,,fair,completed,True,ok,True,False,"{""C1"": 0.3333333333333333, ""C2"": 0.3333333333333333, ""C3"": 0.3333333333333334}",,False,0.00353,stop
named_prior:astra:fair:2,named_prior,astra,,,,,,fair,completed,True,ok,True,False,"{""C1"": 0.3333333333333333, ""C2"": 0.3333333333333333, ""C3"": 0.3333333333333334}",,False,0.00353,stop
named_prior:astra:fair:3,named_prior,astra,,,,,,fair,completed,True,ok,True,False,"{""C1"": 0.3333333333333333, ""C2"": 0.3333333333333333, ""C3"": 0.3333333333333334}",,False,0.00353,stop
named_prior:astra:fair:5,named_prior,astra,,,,,,fair,completed,True,ok,True,False,"{""C1"": 0.3333333333333333, ""C2"": 0.3333333333333333, ""C3"": 0.3333333333333333}",,False,0.00353,stop
named_prior:astra:fair:4,named_prior,astra,,,,,,fair,completed,True,ok,True,False,"{""C1"": 0.3333333333333333, ""C2"": 0.3333333333333333, ""C3"": 0.3333333333333334}",,False,0.00353,stop
named_prior:fable:plain:0,named_prior,fable,,,,,,plain,completed,True,ok,True,False,"{""C1"": 0.3333, ""C2"": 0.3334, ""C3"": 0.3333}",,False,0.00388,stop
named_prior:fable:plain:1,named_prior,fable,,,,,,plain,completed,True,ok,True,False,"{""C1"": 0.3333, ""C2"": 0.3333, ""C3"": 0.3334}",,False,0.00388,stop
named_prior:fable:plain:3,named_prior,fable,,,,,,plain,completed,True,ok,True,False,"{""C1"": 0.3333, ""C2"": 0.3333, ""C3"": 0.3334}",,False,0.00388,stop
named_prior:fable:plain:2,named_prior,fable,,,,,,plain,completed,True,ok,True,False,"{""C1"": 0.3333, ""C2"": 0.3333, ""C3"": 0.3334}",,False,0.00388,stop
named_prior:fable:plain:5,named_prior,fable,,,,,,plain,completed,True,ok,True,False,"{""C1"": 0.3333, ""C2"": 0.3333, ""C3"": 0.3334}",,False,0.00388,stop
named_prior:fable:fair:1,named_prior,fable,,,,,,fair,completed,True,ok,True,False,"{""C1"": 0.3333, ""C2"": 0.3333, ""C3"": 0.3334}",,False,0.0039,stop
named_prior:fable:fair:0,named_prior,fable,,,,,,fair,completed,True,ok,True,False,"{""C1"": 0.3333, ""C2"": 0.3334, ""C3"": 0.3333}",,False,0.0039,stop
named_prior:fable:fair:3,named_prior,fable,,,,,,fair,completed,True,ok,True,False,"{""C1"": 0.3333, ""C2"": 0.3333, ""C3"": 0.3334}",,False,0.0039,stop
named_prior:fable:plain:4,named_prior,fable,,,,,,plain,completed,True,ok,True,False,"{""C1"": 0.3333, ""C2"": 0.3333, ""C3"": 0.3334}",,False,0.00388,stop
named_prior:fable:fair:2,named_prior,fable,,,,,,fair,completed,True,ok,True,False,"{""C1"": 0.3333, ""C2"": 0.3333, ""C3"": 0.3334}",,False,0.0039,stop
named_prior:fable:fair:4,named_prior,fable,,,,,,fair,completed,True,ok,True,False,"{""C1"": 0.3333, ""C2"": 0.3333, ""C3"": 0.3334}",,False,0.0039,stop
named_prior:fable:fair:5,named_prior,fable,,,,,,fair,completed,True,ok,True,False,"{""C1"": 0.3333, ""C2"": 0.3334, ""C3"": 0.3333}",,False,0.0039,stop
named_prior:mimo:plain:0,named_prior,mimo,,,,,,plain,completed,True,ok,True,False,"{""C1"": 0.3333333333333333, ""C2"": 0.3333333333333333, ""C3"": 0.3333333333333333}",,False,0.000131805,stop
named_prior:mimo:plain:2,named_prior,mimo,,,,,,plain,completed,True,ok,True,False,"{""C1"": 0.3333333333333333, ""C2"": 0.3333333333333333, ""C3"": 0.3333333333333333}",,False,0.000131805,stop
named_prior:mimo:plain:3,named_prior,mimo,,,,,,plain,completed,True,ok,False,True,"{""C1"": 0.3333333333333333, ""C2"": 0.3333333333333333, ""C3"": 0.3333333333333333}",,False,0.000135285,stop
named_prior:mimo:plain:1,named_prior,mimo,,,,,,plain,completed,True,ok,True,False,"{""C1"": 0.3333333333333333, ""C2"": 0.3333333333333333, ""C3"": 0.3333333333333333}",,False,0.000131805,stop
named_prior:mimo:plain:4,named_prior,mimo,,,,,,plain,completed,True,ok,False,True,"{""C1"": 0.3333333333333333, ""C2"": 0.3333333333333333, ""C3"": 0.3333333333333333}",,False,0.000135285,stop
named_prior:mimo:fair:5,named_prior,mimo,,,,,,fair,completed,True,ok,True,False,"{""C1"": 0.3333333333333333, ""C2"": 0.3333333333333333, ""C3"": 0.3333333333333333}",,False,0.00013224,stop
named_prior:mimo:plain:5,named_prior,mimo,,,,,,plain,completed,True,ok,False,True,"{""C1"": 0.3333333333333333, ""C2"": 0.3333333333333333, ""C3"": 0.3333333333333333}",,False,0.000135285,stop
named_prior:mimo:fair:1,named_prior,mimo,,,,,,fair,completed,True,ok,True,False,"{""C1"": 0.3333333333333333, ""C2"": 0.3333333333333333, ""C3"": 0.3333333333333333}",,False,0.00013224,stop
named_prior:mimo:fair:3,named_prior,mimo,,,,,,fair,completed,True,ok,False,True,"{""C1"": 0.3333333333333333, ""C2"": 0.3333333333333333, ""C3"": 0.3333333333333333}",,False,0.00013572,stop
named_prior:mimo:fair:0,named_prior,mimo,,,,,,fair,completed,True,ok,True,False,"{""C1"": 0.3333333333333333, ""C2"": 0.3333333333333333, ""C3"": 0.3333333333333333}",,False,0.00013224,stop
named_prior:mimo:fair:2,named_prior,mimo,,,,,,fair,completed,True,ok,True,False,"{""C1"": 0.3333333333333333, ""C2"": 0.3333333333333333, ""C3"": 0.3333333333333333}",,False,0.00013224,stop
named_prior:mimo:fair:4,named_prior,mimo,,,,,,fair,completed,True,ok,True,False,"{""C1"": 0.3333333333333333, ""C2"": 0.3333333333333333, ""C3"": 0.3333333333333333}",,False,0.00013224,stop
