slot_id,parent_id,split,source,prompt,temperature,idx,time_block,smoke,status,valid,reason,outcomes,repeated_list,finish_reason,completed_utc,cost_usd,parser_version,dispatch_parse_valid
gen:development:astra:fair:000,Ped67f237d3d9,development,astra,fair,,0,0,True,completed,True,ok,HTTHHTHTTTHHTHTHHTTH,False,stop,2026-10-08T10:28:56.088918Z,0.00592,gen_v3,True
gen:development:astra:fair:001,P3bc2656b2f12,development,astra,fair,,1,0,True,completed,True,ok,HTHHTTHTHHHTTHTHHTHT,False,stop,2026-10-08T10:28:58.569209Z,0.00857,gen_v3,True
gen:development:astra:fair:002,Pc54645167dd2,development,astra,fair,,2,0,True,completed,True,ok,HTTHHTHTHTHHTHHTTHTH,False,stop,2026-10-08T10:28:50.999913Z,0.00632,gen_v3,True
gen:development:astra:fair:003,P6257a1c31b05,development,astra,fair,,3,0,True,completed,True,ok,HTTHHTHTTTHHTHTHHTHH,False,stop,2026-10-08T10:28:56.750465Z,0.00587,gen_v3,True
gen:development:astra:fair:004,P6ab0538c2d5d,development,astra,fair,,4,0,True,completed,True,ok,HTTHHTHTTTHHTHHHTTHH,False,stop,2026-10-08T10:28:52.713316Z,0.00567,gen_v3,True
gen:development:astra:fair:005,P12808637aa17,development,astra,fair,,5,0,False,completed,True,ok,HTTHHTHTTTHHTHHHTTHT,False,stop,2026-10-08T10:30:10.587682Z,0.00662,gen_v3,True
gen:development:astra:fair:006,P014cec60451c,development,astra,fair,,6,0,False,completed,True,ok,HTTHHTHTTTHHTHTHHTTH,False,stop,2026-10-08T10:30:21.475676Z,0.00622,gen_v3,True
gen:development:astra:fair:007,P74d5b90292e6,development,astra,fair,,7,0,False,completed,True,ok,HTTHHTHTTTHHTHHTTHTH,False,stop,2026-10-08T10:30:17.152181Z,0.00617,gen_v3,True
gen:development:astra:fair:008,P95461ffe3eae,development,astra,fair,,8,0,False,completed,True,ok,HTHHTTHHHTHTTHHTHTHH,False,stop,2026-10-08T10:30:08.853767Z,0.00857,gen_v3,True
gen:development:astra:fair:009,P4974af736eb2,development,astra,fair,,9,0,False,completed,True,ok,HHTHTTHHHTHTHTHHTHTT,False,stop,2026-10-08T10:30:23.781135Z,0.00902,gen_v3,True
gen:development:astra:fair:010,P5a7db47a64a7,development,astra,fair,,10,1,False,completed,True,ok,HTTHHTHTTTHHTHTHHTTH,False,stop,2026-10-08T10:30:54.249969Z,0.00547,gen_v3,True
gen:development:astra:fair:011,P8bac92ce8ef4,development,astra,fair,,11,1,False,completed,True,ok,HTTHHTHTTHHHTHTHHTHT,False,stop,2026-10-08T10:31:14.130056Z,0.00607,gen_v3,True
gen:development:astra:fair:012,P181d06bd7e8c,development,astra,fair,,12,1,False,completed,True,ok,HTTHHTHTTTHHTHTHHTHH,False,stop,2026-10-08T10:31:18.075059Z,0.00827,gen_v3,True
gen:development:astra:fair:013,Pf4056cdfcf28,development,astra,fair,,13,1,False,completed,True,ok,HTHHTTTHTHHTHTTHHHTH,False,stop,2026-10-08T10:30:49.821291Z,0.00947,gen_v3,True
gen:development:astra:fair:014,P8887b3906707,development,astra,fair,,14,1,False,completed,True,ok,HTTHHTHTTTHHTHHHTTHT,False,stop,2026-10-08T10:30:54.256319Z,0.00557,gen_v3,True
gen:development:astra:fair:015,P2c46a9acae22,development,astra,fair,,15,1,False,completed,True,ok,HTTHHTHTTTHHTHHHTTHT,False,stop,2026-10-08T10:30:52.494795Z,0.00527,gen_v3,True
gen:development:astra:fair:016,Pf3e5f0f9cc0a,development,astra,fair,,16,1,False,completed,True,ok,THHTHTTHHHTHTTHTHHTT,False,stop,2026-10-08T10:30:50.047087Z,0.00312,gen_v3,True
gen:development:astra:fair:017,Pdb7c0f18641c,development,astra,fair,,17,1,False,completed,True,ok,HTHHTTHHHTHTHHTHTHTH,False,stop,2026-10-08T10:31:33.945155Z,0.00847,gen_v3,True
gen:development:astra:fair:018,Pe439ff869c1c,development,astra,fair,,18,1,False,completed,True,ok,HTTHHTHTTTHHTHHHTTHT,False,stop,2026-10-08T10:31:09.610464Z,0.00572,gen_v3,True
gen:development:astra:fair:019,P98d1047afb1a,development,astra,fair,,19,1,False,completed,True,ok,HTHHTTHTTHHTHTHHTTHH,False,stop,2026-10-08T10:31:24.332151Z,0.00582,gen_v3,True
gen:development:astra:fair:020,P93de9eda5332,development,astra,fair,,20,2,False,completed,True,ok,HTTHHTHTTTHHTHTHHTHH,False,stop,2026-10-08T10:32:26.838004Z,0.00617,gen_v3,True
gen:development:astra:fair:021,P9863953a0560,development,astra,fair,,21,2,False,completed,True,ok,HTTHHTHTTTHHTHTHHTHT,False,stop,2026-10-08T10:32:37.731143Z,0.00582,gen_v3,True
gen:development:astra:fair:022,P7520683d6e43,development,astra,fair,,22,2,False,completed,True,ok,HTHHTTHTTHHTHTHHTTHH,False,stop,2026-10-08T10:32:29.078212Z,0.00592,gen_v3,True
gen:development:astra:fair:023,Pff0a07b106e5,development,astra,fair,,23,2,False,completed,True,ok,HTTHHTHTTTHHTHHHTTHT,False,stop,2026-10-08T10:32:20.887066Z,0.00557,gen_v3,True
gen:development:astra:fair:024,P8a916c0e2369,development,astra,fair,,24,2,False,completed,True,ok,HTTHHTHTTTHHTHTHHTHH,False,stop,2026-10-08T10:32:07.101087Z,0.00797,gen_v3,True
gen:development:astra:fair:025,P3dc0ddf8ba0f,development,astra,fair,,25,2,False,completed,True,ok,HTTHHTHTTTHHTHTHHTHH,False,stop,2026-10-08T10:32:12.272000Z,0.00597,gen_v3,True
gen:development:astra:fair:026,P2eb7dc3ad4b6,development,astra,fair,,26,2,False,completed,True,ok,HTTHHTHTTTHHTHHHTTHT,False,stop,2026-10-08T10:32:01.502334Z,0.00662,gen_v3,True
gen:development:astra:fair:027,P8e37afb3ffd9,development,astra,fair,,27,2,False,completed,True,ok,THHTHTTHHHTHTTHTHHTT,False,stop,2026-10-08T10:32:36.458021Z,0.00282,gen_v3,True
gen:development:astra:fair:028,Pd36971dd1895,development,astra,fair,,28,2,False,completed,True,ok,HTTHHTHTHTHHTHTHHTTH,False,stop,2026-10-08T10:32:16.339128Z,0.00622,gen_v3,True
gen:development:astra:fair:029,P6af57c563dab,development,astra,fair,,29,2,False,completed,True,ok,HTHHTTHTHTTHHTHTTHHH,False,stop,2026-10-08T10:32:40.719195Z,0.00727,gen_v3,True
gen:development:astra:fair:030,P0f45e9658e0b,development,astra,fair,,30,3,False,completed,True,ok,HTTHHTHTTHTHHHTTHTHT,False,stop,2026-10-08T10:32:51.132297Z,0.00562,gen_v3,True
gen:development:astra:fair:031,P0dd080e988d3,development,astra,fair,,31,3,False,completed,True,ok,HTTHHTHTTTHHTHTHHTHT,False,stop,2026-10-08T10:33:31.202164Z,0.00592,gen_v3,True
gen:development:astra:fair:032,P4d23088c6adb,development,astra,fair,,32,3,False,completed,True,ok,HTTHHTHTTHTHHHTTHTHH,False,stop,2026-10-08T10:32:52.127000Z,0.00582,gen_v3,True
gen:development:astra:fair:033,P666e2107320b,development,astra,fair,,33,3,False,completed,True,ok,HTTHHTHTTHTHHHTTHTHT,False,stop,2026-10-08T10:33:37.906046Z,0.00752,gen_v3,True
gen:development:astra:fair:034,Pa723bdaaaa3e,development,astra,fair,,34,3,False,completed,True,ok,HTHHTTHHHTHTTHTHHTHT,False,stop,2026-10-08T10:33:39.491905Z,0.00687,gen_v3,True
gen:development:astra:fair:035,P20dc26cd8ad4,development,astra,fair,,35,3,False,completed,True,ok,HTTHHTHTTTHHTHTHHHTH,False,stop,2026-10-08T10:33:27.464110Z,0.00652,gen_v3,True
gen:development:astra:fair:036,P4f636d61a851,development,astra,fair,,36,3,False,completed,True,ok,HTHHTTHTHTTHHHTHTTHT,False,stop,2026-10-08T10:33:34.297035Z,0.00562,gen_v3,True
gen:development:astra:fair:037,Pa955de3b10b3,development,astra,fair,,37,3,False,completed,True,ok,HTTHHTHTTTHHTHTHHTHH,False,stop,2026-10-08T10:33:19.062362Z,0.00592,gen_v3,True
gen:development:astra:fair:038,P6c4ed2a57084,development,astra,fair,,38,3,False,completed,True,ok,HTTHHTHTTTHHTHTHHHTT,False,stop,2026-10-08T10:33:06.973916Z,0.00602,gen_v3,True
gen:development:astra:fair:039,Pa40acd382800,development,astra,fair,,39,3,False,completed,True,ok,HTTHHTHTTTHHTHTHHHTT,False,stop,2026-10-08T10:33:42.136146Z,0.00627,gen_v3,True
gen:development:astra:fair:040,P6fa406223157,development,astra,fair,,40,4,False,completed,True,ok,HTTHHTHTTHTHHHTTHTHH,False,stop,2026-10-08T10:34:14.580411Z,0.00607,gen_v3,True
gen:development:astra:fair:041,Pd40152193acb,development,astra,fair,,41,4,False,completed,True,ok,HTTHHTHTTTHHHTHTHHTH,False,stop,2026-10-08T10:34:14.417143Z,0.00652,gen_v3,True
gen:development:astra:fair:042,P11265cd2b39f,development,astra,fair,,42,4,False,completed,True,ok,HTHHTTHTTHHTHTHHTTHH,False,stop,2026-10-08T10:34:27.325594Z,0.00572,gen_v3,True
gen:development:astra:fair:043,Pa1c3d953a576,development,astra,fair,,43,4,False,completed,True,ok,HTTHHTHTTTHHTHHTTHTH,False,stop,2026-10-08T10:34:25.870325Z,0.00712,gen_v3,True
gen:development:astra:fair:044,Pc6b3784f8f5f,development,astra,fair,,44,4,False,completed,True,ok,HTHHTTHTHHTHTHHTTHHT,False,stop,2026-10-08T10:34:14.037042Z,0.00627,gen_v3,True
gen:development:astra:fair:045,Pa99f77cec0a1,development,astra,fair,,45,4,False,completed,True,ok,HTTHHHTHTHHTTHHTHTHH,False,stop,2026-10-08T10:34:22.654071Z,0.00852,gen_v3,True
gen:development:astra:fair:046,P1bfb9c154b35,development,astra,fair,,46,4,False,completed,True,ok,HTTHHTHTTTHHTHTHHTHT,False,stop,2026-10-08T10:34:26.550029Z,0.00592,gen_v3,True
gen:development:astra:fair:047,Pd2fb86333742,development,astra,fair,,47,4,False,completed,True,ok,HTTHHTHTTTHHTHHHTTHT,False,stop,2026-10-08T10:34:32.127998Z,0.00582,gen_v3,True
gen:development:astra:fair:048,P956639fbe909,development,astra,fair,,48,4,False,completed,True,ok,HTTHHTHTTTHHTHHTTHTH,False,stop,2026-10-08T10:34:18.157062Z,0.00577,gen_v3,True
gen:development:astra:fair:049,P4f0d1fedc91a,development,astra,fair,,49,4,False,completed,True,ok,THHTHTTHHHTHTTTHHTHT,False,stop,2026-10-08T10:34:38.035090Z,0.00287,gen_v3,True
gen:development:astra:fair:050,Pe1e141a5c994,development,astra,fair,,50,5,False,completed,True,ok,HTTHHTHTHHTTHTTHHTHT,False,stop,2026-10-08T10:35:08.252959Z,0.00627,gen_v3,True
gen:development:astra:fair:051,Pb69539c355f6,development,astra,fair,,51,5,False,completed,True,ok,HTTHHTHTTTHHTHHHTHTT,False,stop,2026-10-08T10:35:26.721453Z,0.00577,gen_v3,True
gen:development:astra:fair:052,P485e9b45a4af,development,astra,fair,,52,5,False,completed,True,ok,HTTHHTHTTTHHTHTHHTTH,False,stop,2026-10-08T10:35:18.255045Z,0.00637,gen_v3,True
gen:development:astra:fair:053,Pc4c722a0f756,development,astra,fair,,53,5,False,completed,True,ok,HTHHTTHTHHTHTTHHHTHT,False,stop,2026-10-08T10:35:09.196199Z,0.00587,gen_v3,True
gen:development:astra:fair:054,P8a4517175280,development,astra,fair,,54,5,False,completed,True,ok,THHTHTTHHTTTHTHHTHTH,False,stop,2026-10-08T10:34:59.306840Z,0.00307,gen_v3,True
gen:development:astra:fair:055,Pf4700ad7fa40,development,astra,fair,,55,5,False,completed,True,ok,HTTHHTHTTTHHTHTHHTHT,False,stop,2026-10-08T10:34:53.187934Z,0.00607,gen_v3,True
gen:development:astra:fair:056,Pbe10ca052a70,development,astra,fair,,56,5,False,completed,True,ok,HTHHTTHTTHHTHTHHTTHT,False,stop,2026-10-08T10:34:48.138152Z,0.00537,gen_v3,True
gen:development:astra:fair:057,Pc66c3be79e86,development,astra,fair,,57,5,False,completed,True,ok,HTTHHTHTTTHHTHTHHTHH,False,stop,2026-10-08T10:35:14.791074Z,0.00692,gen_v3,True
gen:development:astra:fair:058,Pa8665223f8cb,development,astra,fair,,58,5,False,completed,True,ok,HTHHTTHTHHTHTTHHHTHT,False,stop,2026-10-08T10:34:51.548304Z,0.00612,gen_v3,True
gen:development:astra:fair:059,Pfcd2bb688a25,development,astra,fair,,59,5,False,completed,True,ok,HTTHHTHTTTHHTHTHHTTH,False,stop,2026-10-08T10:35:08.374078Z,0.00692,gen_v3,True
gen:development:astra:plain:000,P358e9842b443,development,astra,plain,,0,0,True,completed,True,ok,HTTHHTHTHHTTHTTHHTHT,False,stop,2026-10-08T10:28:48.579948Z,0.00566,gen_v3,True
gen:development:astra:plain:001,P353d5347fd46,development,astra,plain,,1,0,True,completed,True,ok,HTTHHTHTTHTHHHTTHTHT,False,stop,2026-10-08T10:28:43.191959Z,0.00581,gen_v3,True
gen:development:astra:plain:002,P92a12ef80580,development,astra,plain,,2,0,True,completed,True,ok,HTHHTTHTTHHTHTHHTTHH,False,stop,2026-10-08T10:28:45.179981Z,0.00601,gen_v3,True
gen:development:astra:plain:003,P90a2ffa75d82,development,astra,plain,,3,0,True,completed,True,ok,HTHHTTHTHTTHHHTHTTHT,False,stop,2026-10-08T10:28:53.962233Z,0.00541,gen_v3,True
gen:development:astra:plain:004,Pc6256aa7a513,development,astra,plain,,4,0,True,completed,True,ok,HTTHHTHTHHTTHTHHTTHT,False,stop,2026-10-08T10:28:53.596464Z,0.00676,gen_v3,True
gen:development:astra:plain:005,Pfd7c3408cd8e,development,astra,plain,,5,0,False,completed,True,ok,HTHHTTHTTHHHTHTHTTHT,False,stop,2026-10-08T10:30:11.196116Z,0.00671,gen_v3,True
gen:development:astra:plain:006,P8a9a2e5257bd,development,astra,plain,,6,0,False,completed,True,ok,HTHHTTHTHTTHHTHHTTHH,False,stop,2026-10-08T10:30:20.673396Z,0.00541,gen_v3,True
gen:development:astra:plain:007,Pf080d2152ae8,development,astra,plain,,7,0,False,completed,True,ok,HTTHHTHTTTHHTHTHHTHT,False,stop,2026-10-08T10:30:17.902951Z,0.00656,gen_v3,True
gen:development:astra:plain:008,P288e6c0892bc,development,astra,plain,,8,0,False,completed,True,ok,HTTHHTHTTHTHHHTTHTHT,False,stop,2026-10-08T10:30:05.853268Z,0.00566,gen_v3,True
gen:development:astra:plain:009,P3cee08e40af9,development,astra,plain,,9,0,False,completed,True,ok,HTTHHTHTHHTTHTHHTHTH,False,stop,2026-10-08T10:30:20.096009Z,0.00681,gen_v3,True
gen:development:astra:plain:010,P978a9bfd04aa,development,astra,plain,,10,1,False,completed,True,ok,HTTHHTHTTHTHHHTTHTHH,False,stop,2026-10-08T10:31:05.908114Z,0.00661,gen_v3,True
gen:development:astra:plain:011,Pb9fb003a8403,development,astra,plain,,11,1,False,completed,True,ok,HTTHHTHTHHTTHTTHHTHT,False,stop,2026-10-08T10:31:27.303439Z,0.00576,gen_v3,True
gen:development:astra:plain:012,Pf930a30f582e,development,astra,plain,,12,1,False,completed,True,ok,HTHHTTHTHTTHHHTHTTHH,False,stop,2026-10-08T10:31:25.336316Z,0.00586,gen_v3,True
gen:development:astra:plain:013,P1d2b160e5d9b,development,astra,plain,,13,1,False,completed,True,ok,HTHHTTHTHTTHHTHTHHTH,False,stop,2026-10-08T10:30:55.324530Z,0.00576,gen_v3,True
gen:development:astra:plain:014,Paac4aaf9b4d8,development,astra,plain,,14,1,False,completed,True,ok,HTHHTTHTTHHTHTHHTTHH,False,stop,2026-10-08T10:30:49.074394Z,0.00611,gen_v3,True
gen:development:astra:plain:015,P4d61a0ffa0be,development,astra,plain,,15,1,False,completed,True,ok,HTTHHTHTTHTHHHTTHTHH,False,stop,2026-10-08T10:30:53.042066Z,0.00756,gen_v3,True
gen:development:astra:plain:016,P3e55f6da3d43,development,astra,plain,,16,1,False,completed,True,ok,THHTHTTHHHTHTTHTHHTT,False,stop,2026-10-08T10:31:29.456992Z,0.00281,gen_v3,True
gen:development:astra:plain:017,P0e15315f227d,development,astra,plain,,17,1,False,completed,True,ok,HTHHTTHTHTTHHTHTHHTH,False,stop,2026-10-08T10:31:11.848168Z,0.00556,gen_v3,True
gen:development:astra:plain:018,P37b587afbd9d,development,astra,plain,,18,1,False,completed,True,ok,HTHHTTHTHTTHHHTHTTHH,False,stop,2026-10-08T10:31:17.380130Z,0.00681,gen_v3,True
gen:development:astra:plain:019,P209b3489c639,development,astra,plain,,19,1,False,completed,True,ok,HTHHTTHTHTTHHHTHTTHH,False,stop,2026-10-08T10:31:05.603986Z,0.00636,gen_v3,True
gen:development:astra:plain:020,Pedf412fb89ec,development,astra,plain,,20,2,False,completed,True,ok,HTHHTTHTTHHHTHTTHTHH,False,stop,2026-10-08T10:31:59.977287Z,0.00611,gen_v3,True
gen:development:astra:plain:021,P2ccf0081d0e9,development,astra,plain,,21,2,False,completed,True,ok,THHTHHHTTHTHHTHTHHTH,False,stop,2026-10-08T10:32:05.301200Z,0.00561,gen_v3,True
gen:development:astra:plain:022,Pcc8972ed91c5,development,astra,plain,,22,2,False,completed,True,ok,HTHHTTHTHTHHHTTHTHTH,False,stop,2026-10-08T10:32:28.492455Z,0.00636,gen_v3,True
gen:development:astra:plain:023,P9f48e13f1dbb,development,astra,plain,,23,2,False,completed,True,ok,HTHHTTHTHTTHHTHHTTHT,False,stop,2026-10-08T10:32:10.408010Z,0.00601,gen_v3,True
gen:development:astra:plain:024,P741b186c9337,development,astra,plain,,24,2,False,completed,True,ok,HTTHHTHTHHTTHTTHHHTH,False,stop,2026-10-08T10:32:03.944979Z,0.00541,gen_v3,True
gen:development:astra:plain:025,P1104b106adb3,development,astra,plain,,25,2,False,completed,True,ok,HTTHHTHTTTHHTHTHHTTH,False,stop,2026-10-08T10:32:20.383955Z,0.00806,gen_v3,True
gen:development:astra:plain:026,P9d378af1b052,development,astra,plain,,26,2,False,completed,True,ok,HTHHTTHTHTTHHTHTHHTT,False,stop,2026-10-08T10:32:38.033950Z,0.00651,gen_v3,True
gen:development:astra:plain:027,Pe452fec0ae6d,development,astra,plain,,27,2,False,completed,True,ok,HTTHHTHTTHTHHHTTHTHT,False,stop,2026-10-08T10:32:36.748133Z,0.00706,gen_v3,True
gen:development:astra:plain:028,Pb65f476ee0d4,development,astra,plain,,28,2,False,completed,True,ok,HTTHHTHTTTHHTHHHTTHH,False,stop,2026-10-08T10:32:22.169056Z,0.00721,gen_v3,True
gen:development:astra:plain:029,Pabead9ad7343,development,astra,plain,,29,2,False,completed,True,ok,HTHHTTHTHTTHHHTHTTHH,False,stop,2026-10-08T10:32:26.360949Z,0.00661,gen_v3,True
gen:development:astra:plain:030,P2f2b9bcc749c,development,astra,plain,,30,3,False,completed,True,ok,HTHHTTHTTHHTHTHHTTHT,False,stop,2026-10-08T10:32:57.933084Z,0.00526,gen_v3,True
gen:development:astra:plain:031,P7b4fb3cdcdcd,development,astra,plain,,31,3,False,completed,True,ok,HTTHHTHHTHTTHHHTHTHT,False,stop,2026-10-08T10:33:02.265948Z,0.00636,gen_v3,True
gen:development:astra:plain:032,P65ebe4bcd723,development,astra,plain,,32,3,False,completed,True,ok,HTTHHHTHTHHTHHTTHHTH,False,stop,2026-10-08T10:33:22.990028Z,0.00801,gen_v3,True
gen:development:astra:plain:033,P15c83d04d2c4,development,astra,plain,,33,3,False,completed,True,ok,HTHHTTHTHTTHHTHHTTHH,False,stop,2026-10-08T10:32:55.341024Z,0.00571,gen_v3,True
gen:development:astra:plain:034,Pcdeaa8dc528c,development,astra,plain,,34,3,False,completed,True,ok,HTHHTTHTHTTTHHTHTHHT,False,stop,2026-10-08T10:33:17.620871Z,0.00686,gen_v3,True
gen:development:astra:plain:035,P7b351bd3953e,development,astra,plain,,35,3,False,completed,True,ok,HTHHTTHTTHHTHTHHTTHH,False,stop,2026-10-08T10:32:57.941531Z,0.00631,gen_v3,True
gen:development:astra:plain:036,Pa188f4fe5dd0,development,astra,plain,,36,3,False,completed,True,ok,HTTHHTHTTHTHHHTTHTHT,False,stop,2026-10-08T10:33:26.891336Z,0.00401,gen_v3,True
gen:development:astra:plain:037,Pe1c996c5ae6b,development,astra,plain,,37,3,False,completed,True,ok,HTHHTTHTTHHTHTHHTTHT,False,stop,2026-10-08T10:32:55.104953Z,0.00641,gen_v3,True
gen:development:astra:plain:038,P5adcdc428199,development,astra,plain,,38,3,False,completed,True,ok,HTTHHTHTTHHHTTHTHHTH,False,stop,2026-10-08T10:33:36.687427Z,0.00526,gen_v3,True
gen:development:astra:plain:039,P578947e37226,development,astra,plain,,39,3,False,completed,True,ok,HTTHHTHTTTHHTHTHHTHH,False,stop,2026-10-08T10:33:21.423254Z,0.00691,gen_v3,True
gen:development:astra:plain:040,P00651414d260,development,astra,plain,,40,4,False,completed,True,ok,HTTHHTHTHHTTHTTHHHTH,False,stop,2026-10-08T10:34:09.695373Z,0.00651,gen_v3,True
gen:development:astra:plain:041,P44ffded09499,development,astra,plain,,41,4,False,completed,True,ok,HTTHHTHTTTHHTHTHHTHT,False,stop,2026-10-08T10:34:09.800965Z,0.00756,gen_v3,True
gen:development:astra:plain:042,Pf7f8377066d4,development,astra,plain,,42,4,False,completed,True,ok,HTTHHTHTTTHHTHHTTHTH,False,stop,2026-10-08T10:34:24.743038Z,0.00681,gen_v3,True
gen:development:astra:plain:043,P1146f5e61e6a,development,astra,plain,,43,4,False,completed,True,ok,HTHHTTHTHTTHHTHTTHTH,False,stop,2026-10-08T10:34:03.735161Z,0.00561,gen_v3,True
gen:development:astra:plain:044,P649f4c147174,development,astra,plain,,44,4,False,completed,True,ok,THHTHTTHHHTHTTHTHHTH,False,stop,2026-10-08T10:34:18.263956Z,0.00771,gen_v3,True
gen:development:astra:plain:045,P1d1c0007c800,development,astra,plain,,45,4,False,completed,True,ok,HTTHHTHTHHTTHTHHTTHH,False,stop,2026-10-08T10:34:08.415200Z,0.00586,gen_v3,True
gen:development:astra:plain:046,P32013dceba1f,development,astra,plain,,46,4,False,completed,True,ok,HTTHHTHTTTHHTHTHHTHT,False,stop,2026-10-08T10:34:29.604924Z,0.00596,gen_v3,True
gen:development:astra:plain:047,P3d8ba443f061,development,astra,plain,,47,4,False,completed,True,ok,HTTHHTHHTHTTHTHHHTHT,False,stop,2026-10-08T10:34:21.485034Z,0.00621,gen_v3,True
gen:development:astra:plain:048,Pc511b1b0e170,development,astra,plain,,48,4,False,completed,True,ok,HTTHHTHTTTHHTHHHTHTH,False,stop,2026-10-08T10:34:28.016355Z,0.00616,gen_v3,True
gen:development:astra:plain:049,P9da398c77a93,development,astra,plain,,49,4,False,completed,True,ok,HTHHTTHTTHHTHTHHTTHH,False,stop,2026-10-08T10:34:35.223294Z,0.00666,gen_v3,True
gen:development:astra:plain:050,P68049025489c,development,astra,plain,,50,5,False,completed,True,ok,HTTHHTHTTTHHTHHHTTHH,False,stop,2026-10-08T10:34:46.899291Z,0.00751,gen_v3,True
gen:development:astra:plain:051,P6111f38b4446,development,astra,plain,,51,5,False,completed,True,ok,HTHHTTHTTHHTHTHHTTHT,False,stop,2026-10-08T10:35:15.580038Z,0.00601,gen_v3,True
gen:development:astra:plain:052,Pf376ffc8e375,development,astra,plain,,52,5,False,completed,True,ok,HTTHHTHTTTHHTHHHTTHT,False,stop,2026-10-08T10:35:13.377941Z,0.00691,gen_v3,True
gen:development:astra:plain:053,P6cad5953d46b,development,astra,plain,,53,5,False,completed,True,ok,HTHHTTHTHTTTHHTHHTTH,False,stop,2026-10-08T10:35:00.342212Z,0.00686,gen_v3,True
gen:development:astra:plain:054,P93b1938e56f7,development,astra,plain,,54,5,False,completed,True,ok,HTTHHTHTTTHHTHTHHTHT,False,stop,2026-10-08T10:35:02.922109Z,0.00601,gen_v3,True
gen:development:astra:plain:055,P1356bf255c3f,development,astra,plain,,55,5,False,completed,True,ok,HTHHTTHTHTTHHHTHTTHT,False,stop,2026-10-08T10:34:55.808241Z,0.00606,gen_v3,True
gen:development:astra:plain:056,P7a9f3080d19a,development,astra,plain,,56,5,False,completed,True,ok,HTHHTTHTTHHTHTHHTHTH,False,stop,2026-10-08T10:35:04.005894Z,0.00611,gen_v3,True
gen:development:astra:plain:057,Pbd6883fb3aed,development,astra,plain,,57,5,False,completed,True,ok,HTTHHTHTTTHHTHHHTTHH,False,stop,2026-10-08T10:35:23.841749Z,0.00691,gen_v3,True
gen:development:astra:plain:058,Pfa706b0f082b,development,astra,plain,,58,5,False,completed,True,ok,HTTHHTHTTTHHTHHHTTHT,False,stop,2026-10-08T10:34:56.236054Z,0.00631,gen_v3,True
gen:development:astra:plain:059,P06ae95ba1da9,development,astra,plain,,59,5,False,completed,True,ok,HTTHHTHTTHTHHHTTHTHT,False,stop,2026-10-08T10:34:46.484388Z,0.00561,gen_v3,True
gen:development:fable:fair:000,P7390a4a294aa,development,fable,fair,,0,0,True,completed,True,ok,HTTHHTHTTTHHTHTTHTHH,False,stop,2026-10-08T10:28:48.242205Z,0.00709,gen_v3,True
gen:development:fable:fair:001,P5da8d8cf66ce,development,fable,fair,,1,0,True,completed,True,ok,HTTHHTHTTTHHTHTTHHTH,False,stop,2026-10-08T10:28:44.297106Z,0.01279,gen_v3,True
gen:development:fable:fair:002,Pf3dc0da5174d,development,fable,fair,,2,0,True,completed,True,ok,HTTHHTHTTTHHTHTTHHTH,False,stop,2026-10-08T10:28:41.965237Z,0.00419,gen_v3,True
gen:development:fable:fair:003,P2da36ec33621,development,fable,fair,,3,0,True,completed,True,ok,HTTHHTHTTTHHTHTHHTTH,False,stop,2026-10-08T10:28:55.581962Z,0.00824,gen_v3,True
gen:development:fable:fair:004,Pa25f8ff8195c,development,fable,fair,,4,0,True,completed,True,ok,HTTHHHTHTTHHTHTHHTTH,False,stop,2026-10-08T10:28:58.370289Z,0.01124,gen_v3,True
gen:development:fable:fair:005,P410f6d3a7d14,development,fable,fair,,5,0,False,completed,True,ok,THHTHTTHHHTHTTHHTHTT,False,stop,2026-10-08T10:30:10.192697Z,0.00654,gen_v3,True
gen:development:fable:fair:006,P4e25798ee42d,development,fable,fair,,6,0,False,completed,True,ok,HTTHHTHTTTHHTHTTHHTH,False,stop,2026-10-08T10:30:10.277614Z,0.00634,gen_v3,True
gen:development:fable:fair:007,P0dd7b00c73d6,development,fable,fair,,7,0,False,completed,True,ok,HTTHHTHTTTHHTHTHHHTH,False,stop,2026-10-08T10:30:20.246377Z,0.00554,gen_v3,True
gen:development:fable:fair:008,Pc289e886ad1e,development,fable,fair,,8,0,False,completed,True,ok,HTTHHTHTTHTHHHTTHTTH,False,stop,2026-10-08T10:30:14.095787Z,0.00719,gen_v3,True
gen:development:fable:fair:009,Pfd3730c944e1,development,fable,fair,,9,0,False,completed,True,ok,HTTHHTHTTTHHTHTTHHHT,False,stop,2026-10-08T10:30:17.360043Z,0.00439,gen_v3,True
gen:development:fable:fair:010,P2f977b018bbc,development,fable,fair,,10,1,False,completed,True,ok,HTTHHHTHTTHTHHTTHTHT,False,stop,2026-10-08T10:30:49.350902Z,0.00939,gen_v3,True
gen:development:fable:fair:011,P8900c3f49090,development,fable,fair,,11,1,False,completed,True,ok,THHTHTTHHHTHTTHHTHTH,False,stop,2026-10-08T10:31:21.153233Z,0.01269,gen_v3,True
gen:development:fable:fair:012,P192f0c2406ee,development,fable,fair,,12,1,False,completed,True,ok,HTTHHHTHTTHTHHTHTTHT,False,stop,2026-10-08T10:31:27.973680Z,0.01489,gen_v3,True
gen:development:fable:fair:013,P73626babdf73,development,fable,fair,,13,1,False,completed,True,ok,THHTHTTHHHTHTTHHTHTH,False,stop,2026-10-08T10:30:46.164797Z,0.01084,gen_v3,True
gen:development:fable:fair:014,P727e0354a188,development,fable,fair,,14,1,False,completed,True,ok,HTTHHTHTTHHHTHTTHTHT,False,stop,2026-10-08T10:30:45.991209Z,0.01044,gen_v3,True
gen:development:fable:fair:015,Pd72adaaee0a9,development,fable,fair,,15,1,False,completed,True,ok,HTTHHHTHTTHTHHTTHTHT,False,stop,2026-10-08T10:30:52.057141Z,0.00914,gen_v3,True
gen:development:fable:fair:016,P1eef0272552f,development,fable,fair,,16,1,False,completed,True,ok,HTTHHTHTTTHHTHTTHHTH,False,stop,2026-10-08T10:30:56.635953Z,0.00639,gen_v3,True
gen:development:fable:fair:017,P54748871becb,development,fable,fair,,17,1,False,completed,True,ok,HTTHHTHTTTHHHTHHTHTT,False,stop,2026-10-08T10:30:57.408137Z,0.00679,gen_v3,True
gen:development:fable:fair:018,P0f2103f2e541,development,fable,fair,,18,1,False,completed,True,ok,HTTHHTHTTTHHTHTTHHHT,False,stop,2026-10-08T10:30:56.887935Z,0.00664,gen_v3,True
gen:development:fable:fair:019,Pe03501e0f021,development,fable,fair,,19,1,False,completed,True,ok,HTTHHTHTTTHHTHTTHHHT,False,stop,2026-10-08T10:31:28.765973Z,0.00669,gen_v3,True
gen:development:fable:fair:020,Pa8f2e3ad5c0b,development,fable,fair,,20,2,False,completed,True,ok,HTTHHHTHTTHTHHTHTTHT,False,stop,2026-10-08T10:32:29.259006Z,0.00974,gen_v3,True
gen:development:fable:fair:021,P4d9ccac6ecac,development,fable,fair,,21,2,False,completed,True,ok,HTTHHTHTTTHHTHTHHHTH,False,stop,2026-10-08T10:32:07.952946Z,0.00634,gen_v3,True
gen:development:fable:fair:022,P3fe619d987bd,development,fable,fair,,22,2,False,completed,True,ok,HTTHHTHTTTHHTHTTHHTH,False,stop,2026-10-08T10:32:21.580093Z,0.00774,gen_v3,True
gen:development:fable:fair:023,P7e4d28a50a28,development,fable,fair,,23,2,False,completed,True,ok,HTTHHTHTTTHHHTHTTHHT,False,stop,2026-10-08T10:31:59.473132Z,0.00729,gen_v3,True
gen:development:fable:fair:024,P7ba2c0f1df76,development,fable,fair,,24,2,False,completed,True,ok,HTTHHTHTTTHHHTHTTHHT,False,stop,2026-10-08T10:32:29.598545Z,0.00644,gen_v3,True
gen:development:fable:fair:025,P82e6c29867de,development,fable,fair,,25,2,False,completed,True,ok,HTTHHHTHTTHHTHHTTHTH,False,stop,2026-10-08T10:32:33.445764Z,0.01299,gen_v3,True
gen:development:fable:fair:026,P056d5858ac14,development,fable,fair,,26,2,False,completed,True,ok,HTTHHTHTTTHHHTHTTHTH,False,stop,2026-10-08T10:32:10.976221Z,0.00749,gen_v3,True
gen:development:fable:fair:027,P290a7bc4610f,development,fable,fair,,27,2,False,completed,True,ok,HTTHHTHTTTHHHTHTTHHT,False,stop,2026-10-08T10:32:07.315066Z,0.00684,gen_v3,True
gen:development:fable:fair:028,P8ab27ea37f5b,development,fable,fair,,28,2,False,completed,True,ok,HTTHHTHTTTHHHTHTTHHT,False,stop,2026-10-08T10:32:31.830937Z,0.00654,gen_v3,True
gen:development:fable:fair:029,Pac4a2dbc65f4,development,fable,fair,,29,2,False,completed,True,ok,HTTHHHTHTTHTHHTHTTHT,False,stop,2026-10-08T10:32:29.595039Z,0.01014,gen_v3,True
gen:development:fable:fair:030,P5426a503703c,development,fable,fair,,30,3,False,completed,True,ok,HTTHHTHTTTHHHTTHTHHT,False,stop,2026-10-08T10:32:49.145910Z,0.00649,gen_v3,True
gen:development:fable:fair:031,P505c2eaee685,development,fable,fair,,31,3,False,completed,False,conflicting_lists,,False,stop,2026-10-08T10:33:35.205151Z,0.01724,gen_v3,False
gen:development:fable:fair:032,P4e7c51b7f307,development,fable,fair,,32,3,False,completed,True,ok,HTTHHTHTTTHHTHHTHTTH,False,stop,2026-10-08T10:33:37.130966Z,0.00689,gen_v3,True
gen:development:fable:fair:033,P66f429accda6,development,fable,fair,,33,3,False,completed,True,ok,HTTHHTHTTTHHTHTTHHTH,False,stop,2026-10-08T10:33:33.588815Z,0.00474,gen_v3,True
gen:development:fable:fair:034,P39c067bf8af7,development,fable,fair,,34,3,False,completed,True,ok,HTTHHTHTTTHHTHHTHTTH,False,stop,2026-10-08T10:32:56.088094Z,0.00579,gen_v3,True
gen:development:fable:fair:035,P95d368ec6071,development,fable,fair,,35,3,False,completed,True,ok,THHTHTTHHHTHTTHTHHTH,False,stop,2026-10-08T10:33:05.603300Z,0.00929,gen_v3,True
gen:development:fable:fair:036,P9f6b90361d23,development,fable,fair,,36,3,False,completed,True,ok,HTTHHTHTTTHHTHTTHHHT,False,stop,2026-10-08T10:33:04.474105Z,0.00859,gen_v3,True
gen:development:fable:fair:037,P21c9e9372ca4,development,fable,fair,,37,3,False,completed,True,ok,HTTHHTHTTTHHTHTHHTTH,False,stop,2026-10-08T10:32:49.041178Z,0.00614,gen_v3,True
gen:development:fable:fair:038,P244a9382fb2f,development,fable,fair,,38,3,False,completed,True,ok,HTTHHTHHTTHTHHHTTHTT,False,stop,2026-10-08T10:33:24.195238Z,0.00629,gen_v3,True
gen:development:fable:fair:039,Pd6ff3e447903,development,fable,fair,,39,3,False,completed,True,ok,HTTHHHTHTTHTHHTHTHTT,False,stop,2026-10-08T10:33:39.695591Z,0.00949,gen_v3,True
gen:development:fable:fair:040,P41d7737645f7,development,fable,fair,,40,4,False,completed,True,ok,HTTHHTHTTTHHHTHTTHTH,False,stop,2026-10-08T10:34:34.807760Z,0.00729,gen_v3,True
gen:development:fable:fair:041,P8b6d945e424a,development,fable,fair,,41,4,False,completed,True,ok,HTTHHTHHTHTTHTHHTHTT,False,stop,2026-10-08T10:34:17.334290Z,0.01069,gen_v3,True
gen:development:fable:fair:042,P83091968f534,development,fable,fair,,42,4,False,completed,True,ok,HTTHHTHHTHTTTHHTHTHT,False,stop,2026-10-08T10:34:40.896981Z,0.00919,gen_v3,True
gen:development:fable:fair:043,Pea489d686328,development,fable,fair,,43,4,False,completed,True,ok,HTTHHTHTTTHHHTHTTHHT,False,stop,2026-10-08T10:34:39.261085Z,0.00639,gen_v3,True
gen:development:fable:fair:044,P103e77b089f1,development,fable,fair,,44,4,False,completed,True,ok,HTTHHHTHTTHHTHTTTHHT,True,stop,2026-10-08T10:34:07.832343Z,0.01094,gen_v3,True
gen:development:fable:fair:045,Pa8f447ac53e1,development,fable,fair,,45,4,False,completed,True,ok,HTTHHTHHTHTTHTHHTHTH,True,stop,2026-10-08T10:34:28.839951Z,0.00979,gen_v3,True
gen:development:fable:fair:046,P54d9e066f056,development,fable,fair,,46,4,False,completed,True,ok,HTTHHTHTTHHHTHTTHHTH,False,stop,2026-10-08T10:34:31.581963Z,0.00599,gen_v3,True
gen:development:fable:fair:047,P7291fff573bb,development,fable,fair,,47,4,False,completed,True,ok,HTTHHTHTTTHHTHTHHTTH,False,stop,2026-10-08T10:34:31.243053Z,0.00589,gen_v3,True
gen:development:fable:fair:048,Pd9f690761e5e,development,fable,fair,,48,4,False,completed,True,ok,HTHHTTTHTHHHTTHTHHTT,False,stop,2026-10-08T10:34:19.708930Z,0.00459,gen_v3,True
gen:development:fable:fair:049,P2e6ca13b07a6,development,fable,fair,,49,4,False,completed,True,ok,HTTHHTHHHTTHTHTTHHTH,False,stop,2026-10-08T10:34:29.134961Z,0.01039,gen_v3,True
gen:development:fable:fair:050,Pd951da67dd8c,development,fable,fair,,50,5,False,completed,True,ok,HTTHHTHTTTHHTHTTHHTH,False,stop,2026-10-08T10:34:49.429930Z,0.00669,gen_v3,True
gen:development:fable:fair:051,Pef6b3fa1ca37,development,fable,fair,,51,5,False,completed,True,ok,HTTHHTHTTTHHHTHTTHHT,False,stop,2026-10-08T10:34:45.813039Z,0.00564,gen_v3,True
gen:development:fable:fair:052,P1492e345ffa0,development,fable,fair,,52,5,False,completed,True,ok,HTTHHTHTTTHHTHTHHTTH,False,stop,2026-10-08T10:34:56.046341Z,0.00679,gen_v3,True
gen:development:fable:fair:053,P40e3113273f5,development,fable,fair,,53,5,False,completed,True,ok,HTTHHTHTTTHHTHTHHTTH,False,stop,2026-10-08T10:34:54.807853Z,0.00774,gen_v3,True
gen:development:fable:fair:054,P93e98cf435d9,development,fable,fair,,54,5,False,completed,True,ok,HTTHHTHHTHTTHHTHTHTH,False,stop,2026-10-08T10:35:05.396226Z,0.00939,gen_v3,True
gen:development:fable:fair:055,P8a740d166d04,development,fable,fair,,55,5,False,completed,True,ok,HTTHHTHTTTHHTHTTHHHT,False,stop,2026-10-08T10:35:18.215071Z,0.00569,gen_v3,True
gen:development:fable:fair:056,P0da56d8acbaa,development,fable,fair,,56,5,False,completed,True,ok,HTTHHTHTTTHHHTHTTHHT,False,stop,2026-10-08T10:35:23.905613Z,0.00699,gen_v3,True
gen:development:fable:fair:057,Pa6abff022a35,development,fable,fair,,57,5,False,completed,True,ok,HTTHHHTHTTHTHHTTHTHT,False,stop,2026-10-08T10:34:46.139991Z,0.00979,gen_v3,True
gen:development:fable:fair:058,P00d69572c774,development,fable,fair,,58,5,False,completed,True,ok,HTTHHTHTTTHHTHTTHHHT,False,stop,2026-10-08T10:34:52.364210Z,0.00724,gen_v3,True
gen:development:fable:fair:059,P40ccede27a37,development,fable,fair,,59,5,False,completed,True,ok,HTTHHHTHTTHHTHTHHTTH,False,stop,2026-10-08T10:35:03.985182Z,0.00994,gen_v3,True
gen:development:fable:plain:000,Pf28806f2fc83,development,fable,plain,,0,0,True,completed,True,ok,HTTHHHTHTTHTHHTHTTHH,False,stop,2026-10-08T10:29:00.857311Z,0.01077,gen_v3,True
gen:development:fable:plain:001,P8af80af20d50,development,fable,plain,,1,0,True,completed,True,ok,HTTHHHTHTTHTHHTHTTHH,False,stop,2026-10-08T10:28:48.673944Z,0.01027,gen_v3,True
gen:development:fable:plain:002,P415bda0a0a74,development,fable,plain,,2,0,True,completed,True,ok,HTTHHHTHTTHTHHTHTHTH,False,stop,2026-10-08T10:28:44.568016Z,0.01047,gen_v3,True
gen:development:fable:plain:003,P31b993a7e9c8,development,fable,plain,,3,0,True,completed,True,ok,HTTHHTHTTTHHTHTHHTHT,False,stop,2026-10-08T10:28:52.790260Z,0.01002,gen_v3,True
gen:development:fable:plain:004,P74112d9e38b9,development,fable,plain,,4,0,True,completed,True,ok,HTTHHTHTTTHHTHTHHTHT,False,stop,2026-10-08T10:28:44.607866Z,0.01182,gen_v3,True
gen:development:fable:plain:005,Pecc9f2cf830f,development,fable,plain,,5,0,False,completed,True,ok,HTTHHTHTTHTHHHTHTTHT,False,stop,2026-10-08T10:30:07.486072Z,0.01062,gen_v3,True
gen:development:fable:plain:006,P7ebc3e00c8b2,development,fable,plain,,6,0,False,completed,True,ok,HTTHHHTHTTHTHHTHTHTH,False,stop,2026-10-08T10:30:07.651547Z,0.01142,gen_v3,True
gen:development:fable:plain:007,Pf5f3c5c5057f,development,fable,plain,,7,0,False,completed,True,ok,HTTHHHTHTTHTHHTHTHTH,False,stop,2026-10-08T10:30:09.791252Z,0.00937,gen_v3,True
gen:development:fable:plain:008,Pab74dca30323,development,fable,plain,,8,0,False,completed,True,ok,HTTHHHTHTTHTHHTHTHTH,False,stop,2026-10-08T10:30:07.634209Z,0.01132,gen_v3,True
gen:development:fable:plain:009,Pf721fa6083f4,development,fable,plain,,9,0,False,completed,True,ok,HTTHHTHTTTHHTHHHTHTH,False,stop,2026-10-08T10:30:15.036425Z,0.01192,gen_v3,True
gen:development:fable:plain:010,Pb2453238678d,development,fable,plain,,10,1,False,completed,True,ok,HTTHHHTHTTHTHHTHTTHT,False,stop,2026-10-08T10:30:54.073943Z,0.00972,gen_v3,True
gen:development:fable:plain:011,P6202f3bd876f,development,fable,plain,,11,1,False,completed,True,ok,HTTHHHTHTTHTHHTHTTHH,False,stop,2026-10-08T10:31:22.635888Z,0.01012,gen_v3,True
gen:development:fable:plain:012,P252fee1ee8a9,development,fable,plain,,12,1,False,completed,True,ok,HTTHHHTHTTHTHHTHTTHH,False,stop,2026-10-08T10:31:32.529886Z,0.00947,gen_v3,True
gen:development:fable:plain:013,Pd677f8cb8e21,development,fable,plain,,13,1,False,completed,True,ok,HTTHHHTHTTHTHHTHTTHT,False,stop,2026-10-08T10:31:23.924748Z,0.01067,gen_v3,True
gen:development:fable:plain:014,Pcdeaf035f9e8,development,fable,plain,,14,1,False,completed,True,ok,HTTHHHTHTTHTHHTHTTHH,False,stop,2026-10-08T10:30:46.763613Z,0.00982,gen_v3,True
gen:development:fable:plain:015,Pf9ed545235d1,development,fable,plain,,15,1,False,completed,True,ok,HTTHHHTHTTHTHHTHTHTH,False,stop,2026-10-08T10:31:00.731034Z,0.00892,gen_v3,True
gen:development:fable:plain:016,P9960327dd887,development,fable,plain,,16,1,False,completed,True,ok,HTTHHHTHTTHTHHTHTHTH,False,stop,2026-10-08T10:31:33.337939Z,0.01022,gen_v3,True
gen:development:fable:plain:017,P9b011090987c,development,fable,plain,,17,1,False,completed,True,ok,HTTHHTHHTHTTHTHHTHTH,False,stop,2026-10-08T10:30:56.468372Z,0.01022,gen_v3,True
gen:development:fable:plain:018,P6c5437d9970f,development,fable,plain,,18,1,False,completed,True,ok,HTTHHHTHTTTHHTHTHHTH,False,stop,2026-10-08T10:31:28.870812Z,0.00997,gen_v3,True
gen:development:fable:plain:019,P48d8be118730,development,fable,plain,,19,1,False,completed,True,ok,HTTHHTHTTTHHTHHTHTHH,False,stop,2026-10-08T10:31:25.963024Z,0.01232,gen_v3,True
gen:development:fable:plain:020,P0fe6e46205a3,development,fable,plain,,20,2,False,completed,True,ok,HTTHHHTHTTHTHHTHTHTH,False,stop,2026-10-08T10:32:25.908984Z,0.01007,gen_v3,True
gen:development:fable:plain:021,Pd5e7ecad7415,development,fable,plain,,21,2,False,completed,True,ok,HTTHHHTHTTHTHHTHTHTH,False,stop,2026-10-08T10:32:34.712966Z,0.01002,gen_v3,True
gen:development:fable:plain:022,P0456acf68fe0,development,fable,plain,,22,2,False,completed,True,ok,HTTHHTHTTTHHTHTHHTHT,False,stop,2026-10-08T10:32:36.030087Z,0.00992,gen_v3,True
gen:development:fable:plain:023,P0d001bb828fd,development,fable,plain,,23,2,False,completed,True,ok,HTTHHHTHTTHTHHTHTTHH,False,stop,2026-10-08T10:32:04.350741Z,0.01107,gen_v3,True
gen:development:fable:plain:024,Pd38b1c275b70,development,fable,plain,,24,2,False,completed,True,ok,HTTHHTHTTTHHTHTHHTHT,False,stop,2026-10-08T10:32:03.697601Z,0.00997,gen_v3,True
gen:development:fable:plain:025,P838ec56c1267,development,fable,plain,,25,2,False,completed,True,ok,HTTHHTHTTHHHTHTTHTHH,False,stop,2026-10-08T10:32:16.035955Z,0.01142,gen_v3,True
gen:development:fable:plain:026,P9e3c39affb9b,development,fable,plain,,26,2,False,completed,True,ok,HTTHHHTHTTHTHHTHTTHH,False,stop,2026-10-08T10:32:00.843012Z,0.01072,gen_v3,True
gen:development:fable:plain:027,P4171caf1d3b3,development,fable,plain,,27,2,False,completed,True,ok,HTTHHHTHTTHTHHTHTHTH,False,stop,2026-10-08T10:32:04.363792Z,0.01062,gen_v3,True
gen:development:fable:plain:028,P6ff18ed232dd,development,fable,plain,,28,2,False,completed,True,ok,HTTHHHTHTTHTHHTHTHTH,False,stop,2026-10-08T10:32:01.059025Z,0.01032,gen_v3,True
gen:development:fable:plain:029,Pf2937a2ba853,development,fable,plain,,29,2,False,completed,True,ok,HTTHHHTHTTHTHHTHTTHH,False,stop,2026-10-08T10:32:33.732167Z,0.01002,gen_v3,True
gen:development:fable:plain:030,P44fdb73af786,development,fable,plain,,30,3,False,completed,True,ok,HTTHHHTHTTHTHHTHTTHT,False,stop,2026-10-08T10:33:41.299983Z,0.01142,gen_v3,True
gen:development:fable:plain:031,Pa72bcb083cb9,development,fable,plain,,31,3,False,completed,True,ok,HTTHHHTHTTHTHHTHTHTH,False,stop,2026-10-08T10:32:55.744901Z,0.01107,gen_v3,True
gen:development:fable:plain:032,P34406f39fe3d,development,fable,plain,,32,3,False,completed,True,ok,HTTHHTHTTTHHTHHTHTHT,False,stop,2026-10-08T10:33:00.756034Z,0.01047,gen_v3,True
gen:development:fable:plain:033,Pb9c7c0aa2d9a,development,fable,plain,,33,3,False,completed,True,ok,HTTHHTHHTHTTHTHHTHTH,False,stop,2026-10-08T10:33:32.454050Z,0.01082,gen_v3,True
gen:development:fable:plain:034,P47f8a472dace,development,fable,plain,,34,3,False,completed,True,ok,HTTHHTHTTTHHTHTHHTHT,False,stop,2026-10-08T10:33:39.475079Z,0.00947,gen_v3,True
gen:development:fable:plain:035,P8bfe7d7100fe,development,fable,plain,,35,3,False,completed,True,ok,HTTHHTHTTTHHTHTHHTHT,False,stop,2026-10-08T10:32:50.907013Z,0.01017,gen_v3,True
gen:development:fable:plain:036,P6cbcf311d947,development,fable,plain,,36,3,False,completed,True,ok,HTTHHHTHTTHTHHTHTTHH,False,stop,2026-10-08T10:33:30.404933Z,0.01122,gen_v3,True
gen:development:fable:plain:037,P20b43716a54d,development,fable,plain,,37,3,False,completed,True,ok,HTTHHTHTTTHHTHTHHTHT,False,stop,2026-10-08T10:33:14.042037Z,0.00992,gen_v3,True
gen:development:fable:plain:038,Pd875cf775e3a,development,fable,plain,,38,3,False,completed,True,ok,HTTHHTHTTTHHTHTHHTHT,False,stop,2026-10-08T10:33:02.008899Z,0.00932,gen_v3,True
gen:development:fable:plain:039,P1a1b3832c576,development,fable,plain,,39,3,False,completed,True,ok,HTTHHHTHTTHTHHTHTHTH,False,stop,2026-10-08T10:33:06.584786Z,0.01122,gen_v3,True
gen:development:fable:plain:040,Pea952d3974c3,development,fable,plain,,40,4,False,completed,True,ok,HTTHHHTHTTHTHHTHTTHH,False,stop,2026-10-08T10:34:34.735073Z,0.01127,gen_v3,True
gen:development:fable:plain:041,P7500c3ebcb01,development,fable,plain,,41,4,False,completed,True,ok,HTTHHHTHTTHTHHTHTHTH,False,stop,2026-10-08T10:34:05.374384Z,0.01092,gen_v3,True
gen:development:fable:plain:042,P3edd46fda499,development,fable,plain,,42,4,False,completed,True,ok,HTTHHHTHTTHTHHTHTTHH,False,stop,2026-10-08T10:34:39.672127Z,0.01062,gen_v3,True
gen:development:fable:plain:043,Pfbbcc5873362,development,fable,plain,,43,4,False,completed,True,ok,HTTHHHTHTTHTHHTHTTHT,False,stop,2026-10-08T10:34:05.405775Z,0.01072,gen_v3,True
gen:development:fable:plain:044,P0c9bae2e5c37,development,fable,plain,,44,4,False,completed,True,ok,HTTHHHTHTTHTHHTHTHTH,False,stop,2026-10-08T10:34:05.681125Z,0.01152,gen_v3,True
gen:development:fable:plain:045,P2b6a7f90ed35,development,fable,plain,,45,4,False,completed,True,ok,HTTHHHTHTTHTHHTHTHTH,False,stop,2026-10-08T10:34:28.919093Z,0.01217,gen_v3,True
gen:development:fable:plain:046,P9257cb3172d9,development,fable,plain,,46,4,False,completed,True,ok,HTTHHHTHTTHTHHTHTTHH,False,stop,2026-10-08T10:34:18.231879Z,0.00897,gen_v3,True
gen:development:fable:plain:047,P5915ac19a437,development,fable,plain,,47,4,False,completed,True,ok,THHTHTTHHHTHTTHHTHTT,False,stop,2026-10-08T10:34:26.978149Z,0.00452,gen_v3,True
gen:development:fable:plain:048,P95cc0534a1e3,development,fable,plain,,48,4,False,completed,True,ok,HTTHHHTHTTHTHHTHTHTH,False,stop,2026-10-08T10:34:17.538841Z,0.01012,gen_v3,True
gen:development:fable:plain:049,P7206c3259175,development,fable,plain,,49,4,False,completed,True,ok,HTTHTHHHTHTTHTHHTHTT,False,stop,2026-10-08T10:34:36.477910Z,0.01032,gen_v3,True
gen:development:fable:plain:050,P686204291e03,development,fable,plain,,50,5,False,completed,True,ok,HTTHHHTHTTHTHHTHTTHH,False,stop,2026-10-08T10:35:19.614518Z,0.01167,gen_v3,True
gen:development:fable:plain:051,P2f756b75a72d,development,fable,plain,,51,5,False,completed,True,ok,THHTHTTHHHTHTTHHTTHT,False,stop,2026-10-08T10:35:11.968978Z,0.00442,gen_v3,True
gen:development:fable:plain:052,Pe9908713c000,development,fable,plain,,52,5,False,completed,True,ok,HTTHHTHTTTHHTHTHHTTH,False,stop,2026-10-08T10:35:00.074471Z,0.00457,gen_v3,True
gen:development:fable:plain:053,P710214e7e3f6,development,fable,plain,,53,5,False,completed,True,ok,HTTHHHTHTTHTHHTHTHTH,False,stop,2026-10-08T10:35:21.086099Z,0.01112,gen_v3,True
gen:development:fable:plain:054,Paa7c605ef15d,development,fable,plain,,54,5,False,completed,True,ok,HTTHHHTHTTHTHHTHTTHH,False,stop,2026-10-08T10:35:22.382952Z,0.01027,gen_v3,True
gen:development:fable:plain:055,P2ddf8249f4dd,development,fable,plain,,55,5,False,completed,True,ok,HTTHHHTHTTHTHHTHTTHH,False,stop,2026-10-08T10:35:02.469815Z,0.01122,gen_v3,True
gen:development:fable:plain:056,Pc7f88c242e51,development,fable,plain,,56,5,False,completed,True,ok,HTTHHTHTTTHHTHTHHTHT,False,stop,2026-10-08T10:34:59.400942Z,0.01027,gen_v3,True
gen:development:fable:plain:057,P2300abcbd9e4,development,fable,plain,,57,5,False,completed,True,ok,HTTHHTHTTTHHTHTHHTHT,False,stop,2026-10-08T10:34:52.491608Z,0.00937,gen_v3,True
gen:development:fable:plain:058,P8cb85610fcb1,development,fable,plain,,58,5,False,completed,True,ok,HTTHHTHTTTHHTHTHHTHT,False,stop,2026-10-08T10:34:47.718057Z,0.01037,gen_v3,True
gen:development:fable:plain:059,P5bf41e3abddf,development,fable,plain,,59,5,False,completed,True,ok,HTTHHTHTTTHHTHTHHTHT,False,stop,2026-10-08T10:35:22.765984Z,0.01032,gen_v3,True
hist:development:fair:t0.0:000,Hf1757dbb73f6,development,gpt35_0613,fair,0.0,0,0,True,completed,True,ok,HTHHTHTHTHTHHTHTHTHT,False,stop,2026-10-08T10:53:34.010565Z,0.000263,gen_v3,True
hist:development:fair:t0.0:001,H58053c2e7920,development,gpt35_0613,fair,0.0,1,0,True,completed,True,ok,HTHHTHTHTHTHHTHTHTHT,False,stop,2026-10-08T10:53:33.707052Z,0.000263,gen_v3,True
hist:development:fair:t0.0:002,Hf70bccde84d8,development,gpt35_0613,fair,0.0,2,0,True,completed,True,ok,HTHHTHTTHHTHTHTHTHTH,False,stop,2026-10-08T10:53:36.665897Z,0.000263,gen_v3,True
hist:development:fair:t0.0:003,Hb358d087844a,development,gpt35_0613,fair,0.0,3,0,True,completed,True,ok,HTHHTHTTHTHHTHTHTHTH,False,stop,2026-10-08T10:53:36.053989Z,0.000261,gen_v3,True
hist:development:fair:t0.0:004,H6b0eac1d59a3,development,gpt35_0613,fair,0.0,4,0,True,completed,True,ok,HTHHTHTHTHTHHTHTHTHT,False,stop,2026-10-08T10:53:36.904979Z,0.000263,gen_v3,True
hist:development:fair:t0.0:005,Hdaf686ecf980,development,gpt35_0613,fair,0.0,5,0,False,completed,True,ok,HTHHTHTTHTHHTHTHTHTH,False,stop,2026-10-08T10:53:39.073772Z,0.000263,gen_v3,True
hist:development:fair:t0.0:006,H540a018f73ab,development,gpt35_0613,fair,0.0,6,1,False,completed,True,ok,HTHHTHTTHTHHTHTHTHTH,False,stop,2026-10-08T10:53:46.291882Z,0.000263,gen_v3,True
hist:development:fair:t0.0:007,H1f674edb8db8,development,gpt35_0613,fair,0.0,7,1,False,completed,True,ok,HTHHTHTTHTHHTHTHTHTH,False,stop,2026-10-08T10:53:51.176742Z,0.000263,gen_v3,True
hist:development:fair:t0.0:008,H9e3c8d20d3bc,development,gpt35_0613,fair,0.0,8,1,False,completed,True,ok,HTHHTHTTHTHHTHTHTHTH,False,stop,2026-10-08T10:53:51.165983Z,0.000263,gen_v3,True
hist:development:fair:t0.0:009,H663684344a31,development,gpt35_0613,fair,0.0,9,1,False,completed,True,ok,HTHHTHTHTHTHHTHTHTHT,False,stop,2026-10-08T10:53:48.742143Z,0.000263,gen_v3,True
hist:development:fair:t0.0:010,Hdf62d60b60db,development,gpt35_0613,fair,0.0,10,1,False,completed,True,ok,HTHHTHTTHTHHTHTHTHTH,False,stop,2026-10-08T10:53:46.616968Z,0.000263,gen_v3,True
hist:development:fair:t0.0:011,H3073d76e1be4,development,gpt35_0613,fair,0.0,11,1,False,completed,True,ok,HTHHTHTHTHTHHTHTHTHT,False,stop,2026-10-08T10:53:45.266143Z,0.000263,gen_v3,True
hist:development:fair:t0.0:012,H15871c5bb2e0,development,gpt35_0613,fair,0.0,12,2,False,completed,True,ok,HTHHTHTHTHTHHTHTHTHT,False,stop,2026-10-08T10:54:05.585892Z,0.000263,gen_v3,True
hist:development:fair:t0.0:013,H6774e8feb7d3,development,gpt35_0613,fair,0.0,13,2,False,completed,True,ok,HTHHTHTHTHTHHTHTHTHT,False,stop,2026-10-08T10:54:00.037171Z,0.000263,gen_v3,True
hist:development:fair:t0.0:014,H3ac3325d7e06,development,gpt35_0613,fair,0.0,14,2,False,completed,True,ok,HTHHTHTTHTHHTHTHTHTH,False,stop,2026-10-08T10:53:59.951878Z,0.000263,gen_v3,True
hist:development:fair:t0.0:015,H83dd98286789,development,gpt35_0613,fair,0.0,15,2,False,completed,True,ok,HTHHTHTHTHTHHTHTHTHT,False,stop,2026-10-08T10:54:03.865908Z,0.000263,gen_v3,True
hist:development:fair:t0.0:016,Ha2e52731ab95,development,gpt35_0613,fair,0.0,16,2,False,completed,True,ok,HTHHTHTHTHTHHTHTHTHT,False,stop,2026-10-08T10:54:05.965221Z,0.000263,gen_v3,True
hist:development:fair:t0.0:017,H7a4a4d672e29,development,gpt35_0613,fair,0.0,17,2,False,completed,True,ok,HTHHTHTHTHTHHTHTHTHT,False,stop,2026-10-08T10:54:04.911049Z,0.000263,gen_v3,True
hist:development:fair:t0.0:018,Hb9e627b1b1f5,development,gpt35_0613,fair,0.0,18,3,False,completed,True,ok,HTHHTHTHTHTHHTHTHTHT,False,stop,2026-10-08T10:54:19.385190Z,0.000263,gen_v3,True
hist:development:fair:t0.0:019,He601feb3327a,development,gpt35_0613,fair,0.0,19,3,False,completed,True,ok,HTHHTHTHTHTHHTHTHTHT,False,stop,2026-10-08T10:54:09.471492Z,0.000263,gen_v3,True
hist:development:fair:t0.0:020,H3aee19c7bff4,development,gpt35_0613,fair,0.0,20,3,False,completed,True,ok,HTHHTHTTHTHHTHTHTHTH,False,stop,2026-10-08T10:54:10.782110Z,0.000263,gen_v3,True
hist:development:fair:t0.0:021,H0af97d5ac779,development,gpt35_0613,fair,0.0,21,3,False,completed,True,ok,HTHHTHTHTHTHHTHTHTHT,False,stop,2026-10-08T10:54:14.974117Z,0.000263,gen_v3,True
hist:development:fair:t0.0:022,H73e7ebbb9813,development,gpt35_0613,fair,0.0,22,3,False,completed,True,ok,HTHHTHTHTHTHHTHTHTHT,False,stop,2026-10-08T10:54:18.043887Z,0.000263,gen_v3,True
hist:development:fair:t0.0:023,H16db4089cea8,development,gpt35_0613,fair,0.0,23,3,False,completed,True,ok,HTHHTHTTHTHHTHTHTHTH,False,stop,2026-10-08T10:54:16.507970Z,0.000263,gen_v3,True
hist:development:fair:t0.0:024,H4be98d428a58,development,gpt35_0613,fair,0.0,24,4,False,completed,True,ok,HTHHTHTTHTHHTHTHTHTH,False,stop,2026-10-08T10:54:23.715022Z,0.000263,gen_v3,True
hist:development:fair:t0.0:025,H49e484cdfee2,development,gpt35_0613,fair,0.0,25,4,False,completed,True,ok,HTHHTHTTHTHHTHTHTHTH,False,stop,2026-10-08T10:54:22.313349Z,0.000263,gen_v3,True
hist:development:fair:t0.0:026,H1ecef60db0c3,development,gpt35_0613,fair,0.0,26,4,False,completed,True,ok,HTHHTHTHTHTHHTHTHTHT,False,stop,2026-10-08T10:54:26.389824Z,0.000263,gen_v3,True
hist:development:fair:t0.0:027,H55aca7082bb8,development,gpt35_0613,fair,0.0,27,4,False,completed,True,ok,HTHHTHTHTHTHHTHTHTHT,False,stop,2026-10-08T10:54:28.258211Z,0.000263,gen_v3,True
hist:development:fair:t0.0:028,H8deadd1813c1,development,gpt35_0613,fair,0.0,28,4,False,completed,True,ok,HTHHTHTHTHTHHTHTHTHT,False,stop,2026-10-08T10:54:30.279997Z,0.000263,gen_v3,True
hist:development:fair:t0.0:029,Hdaa06ea9aaf3,development,gpt35_0613,fair,0.0,29,4,False,completed,True,ok,HTHHTHTHTHTHHTHTHTHT,False,stop,2026-10-08T10:54:31.958174Z,0.000263,gen_v3,True
hist:development:fair:t0.0:030,H5ca70d4c9831,development,gpt35_0613,fair,0.0,30,5,False,completed,True,ok,HTHHTHTHTHTHHTHTHTHT,False,stop,2026-10-08T10:54:36.922982Z,0.000263,gen_v3,True
hist:development:fair:t0.0:031,Hc33596bbd39a,development,gpt35_0613,fair,0.0,31,5,False,completed,True,ok,HTHHTHTTHTHHTHTHTHTH,False,stop,2026-10-08T10:54:42.154009Z,0.000261,gen_v3,True
hist:development:fair:t0.0:032,H3d19dd0568a1,development,gpt35_0613,fair,0.0,32,5,False,completed,True,ok,HTHHTHTHTHTHHTHTHTHT,False,stop,2026-10-08T10:54:43.856150Z,0.000263,gen_v3,True
hist:development:fair:t0.0:033,H02867c24c6e1,development,gpt35_0613,fair,0.0,33,5,False,completed,True,ok,HTHHTHTTHTHHTHTHTHTH,False,stop,2026-10-08T10:54:40.730230Z,0.000263,gen_v3,True
hist:development:fair:t0.0:034,H20fb40b97e74,development,gpt35_0613,fair,0.0,34,5,False,completed,True,ok,HTHHTHTTHTHHTHTHTHTH,False,stop,2026-10-08T10:54:43.716183Z,0.000261,gen_v3,True
hist:development:fair:t0.0:035,Hf095601a2e75,development,gpt35_0613,fair,0.0,35,5,False,completed,True,ok,HTHHTHTTHTHHTHTHTHTH,False,stop,2026-10-08T10:54:42.359980Z,0.000263,gen_v3,True
hist:development:fair:t0.8:000,Hcde8640364b9,development,gpt35_0613,fair,0.8,0,0,True,completed,True,ok,HTHHTHTHTHTHHTHTHHTH,False,stop,2026-10-08T10:53:32.510051Z,0.000261,gen_v3,True
hist:development:fair:t0.8:001,Hee28ddfd001f,development,gpt35_0613,fair,0.8,1,0,True,completed,True,ok,HTHHTHTTHTHHTHTTHTHT,False,stop,2026-10-08T10:53:32.475801Z,0.000265,gen_v3,True
hist:development:fair:t0.8:002,Hfe891ca4a2b3,development,gpt35_0613,fair,0.8,2,0,True,completed,True,ok,HTHHTTHTHTHHTHTHTTHT,False,stop,2026-10-08T10:53:34.151728Z,0.000265,gen_v3,True
hist:development:fair:t0.8:003,Hc5cf2c1030d4,development,gpt35_0613,fair,0.8,3,0,True,completed,True,ok,HTHHTHTTHHTHTHTHHTHT,False,stop,2026-10-08T10:53:35.503872Z,0.000265,gen_v3,True
hist:development:fair:t0.8:004,H0f514df23819,development,gpt35_0613,fair,0.8,4,0,True,completed,True,ok,HTHTHHTHTHTHHTHTHTHT,False,stop,2026-10-08T10:53:34.504571Z,0.000265,gen_v3,True
hist:development:fair:t0.8:005,H3e27c89dc6da,development,gpt35_0613,fair,0.8,5,0,False,completed,True,ok,HTHHTHTHTHTHHTHTHTHT,False,stop,2026-10-08T10:53:41.797964Z,0.000253,gen_v3,True
hist:development:fair:t0.8:006,Hd337a33d5038,development,gpt35_0613,fair,0.8,6,1,False,completed,True,ok,HTHHTTHTHHTHTHTTHTHT,False,stop,2026-10-08T10:53:50.755075Z,0.000183,gen_v3,True
hist:development:fair:t0.8:007,Hfb631d4e3237,development,gpt35_0613,fair,0.8,7,1,False,completed,True,ok,HTHHTHTHTHTHHTHTHHTH,False,stop,2026-10-08T10:53:45.094565Z,0.000255,gen_v3,True
hist:development:fair:t0.8:008,H3dd5969bbb3d,development,gpt35_0613,fair,0.8,8,1,False,completed,True,ok,HTHHTHTTHHTHTHHTHTHT,False,stop,2026-10-08T10:53:48.725091Z,0.000263,gen_v3,True
hist:development:fair:t0.8:009,H565fe77d0c0e,development,gpt35_0613,fair,0.8,9,1,False,completed,True,ok,HTHHTHTTHHTHTHTHHTTH,False,stop,2026-10-08T10:53:49.678769Z,0.000259,gen_v3,True
hist:development:fair:t0.8:010,H7bf00a2ce10b,development,gpt35_0613,fair,0.8,10,1,False,completed,True,ok,HTHHTHTTHTHHTHTTHHTH,False,stop,2026-10-08T10:53:47.943991Z,0.000263,gen_v3,True
hist:development:fair:t0.8:011,Hd2e24fc55184,development,gpt35_0613,fair,0.8,11,1,False,completed,True,ok,HTHHTHTTHHTHTHTHTHTH,False,stop,2026-10-08T10:53:48.293270Z,0.000261,gen_v3,True
hist:development:fair:t0.8:012,H392950d237e5,development,gpt35_0613,fair,0.8,12,2,False,completed,True,ok,HTHHTTHTHHTHTHTHTHTH,False,stop,2026-10-08T10:54:04.765936Z,0.000263,gen_v3,True
hist:development:fair:t0.8:013,H5ddd451325ea,development,gpt35_0613,fair,0.8,13,2,False,completed,True,ok,HTHHTHTHTTHTHTHHTHTH,False,stop,2026-10-08T10:54:06.995202Z,0.000265,gen_v3,True
hist:development:fair:t0.8:014,H16e8b87186aa,development,gpt35_0613,fair,0.8,14,2,False,completed,True,ok,HTHHTHTTHTHHTTHTHHTH,False,stop,2026-10-08T10:54:01.358853Z,0.000257,gen_v3,True
hist:development:fair:t0.8:015,He69e64d62fa1,development,gpt35_0613,fair,0.8,15,2,False,completed,True,ok,HTHHTTHTHTHHTHTTHTHT,False,stop,2026-10-08T10:54:02.290335Z,0.000257,gen_v3,True
hist:development:fair:t0.8:016,Hb7d4b793fa8d,development,gpt35_0613,fair,0.8,16,2,False,completed,True,ok,HTHHTHTHTHTHHTTHTHTH,False,stop,2026-10-08T10:54:00.446023Z,0.000263,gen_v3,True
hist:development:fair:t0.8:017,H044cbce60719,development,gpt35_0613,fair,0.8,17,2,False,completed,True,ok,HTHHTTHTHHTTHTHHTHTH,False,stop,2026-10-08T10:54:03.878930Z,0.000329,gen_v3,True
hist:development:fair:t0.8:018,Hcd8166259db6,development,gpt35_0613,fair,0.8,18,3,False,completed,True,ok,HTHTHHTTHTHTHHTHTHTH,False,stop,2026-10-08T10:54:09.439828Z,0.000259,gen_v3,True
hist:development:fair:t0.8:019,H8f236d2251ee,development,gpt35_0613,fair,0.8,19,3,False,completed,True,ok,HTHHTHTTHTHHTHTHTHTH,False,stop,2026-10-08T10:54:10.512238Z,0.000297,gen_v3,True
hist:development:fair:t0.8:020,H9c1cfd25b944,development,gpt35_0613,fair,0.8,20,3,False,completed,True,ok,HTHHTHTHTHTHTHHTHTHT,False,stop,2026-10-08T10:54:19.885728Z,0.000263,gen_v3,True
hist:development:fair:t0.8:021,H75de49b73e25,development,gpt35_0613,fair,0.8,21,3,False,completed,True,ok,HTHHTTHTHTTHHTHTHHTH,False,stop,2026-10-08T10:54:16.759302Z,0.000287,gen_v3,True
hist:development:fair:t0.8:022,Hc6a5e7cf73ea,development,gpt35_0613,fair,0.8,22,3,False,completed,True,ok,HTHHTHTTHHTHTHTTHTHT,False,stop,2026-10-08T10:54:12.571231Z,0.000259,gen_v3,True
hist:development:fair:t0.8:023,H8bf08758453e,development,gpt35_0613,fair,0.8,23,3,False,completed,True,ok,HTHHTHTTHTHHTHTHTTHT,False,stop,2026-10-08T10:54:13.468945Z,0.000259,gen_v3,True
hist:development:fair:t0.8:024,He765cf298a47,development,gpt35_0613,fair,0.8,24,4,False,completed,True,ok,HTHHTHTHTHTHTHHTHTHT,False,stop,2026-10-08T10:54:30.601102Z,0.000259,gen_v3,True
hist:development:fair:t0.8:025,H25f42f8a7d25,development,gpt35_0613,fair,0.8,25,4,False,completed,True,ok,HTHHTHTTHHTHTHTHTHHT,False,stop,2026-10-08T10:54:22.057325Z,0.000263,gen_v3,True
hist:development:fair:t0.8:026,H9f90494e3932,development,gpt35_0613,fair,0.8,26,4,False,completed,True,ok,HTHHTHTHTHTHTHHTHTHT,False,stop,2026-10-08T10:54:28.358031Z,0.000259,gen_v3,True
hist:development:fair:t0.8:027,Hcab3572bf457,development,gpt35_0613,fair,0.8,27,4,False,completed,True,ok,HTHHTHTHTHHTHTHTHHTH,False,stop,2026-10-08T10:54:31.774970Z,0.000267,gen_v3,True
hist:development:fair:t0.8:028,Hbfcc3c1d9529,development,gpt35_0613,fair,0.8,28,4,False,completed,True,ok,HTHHTTHTHTHHTTHTHTHT,False,stop,2026-10-08T10:54:32.887104Z,0.000295,gen_v3,True
hist:development:fair:t0.8:029,H060680017c4f,development,gpt35_0613,fair,0.8,29,4,False,completed,True,ok,HTHHTTHTHHTHTHTHHTTH,False,stop,2026-10-08T10:54:21.893296Z,0.000181,gen_v3,True
hist:development:fair:t0.8:030,H6460b201b578,development,gpt35_0613,fair,0.8,30,5,False,completed,True,ok,HTHHTTHTHTHHTTHTHTHT,False,stop,2026-10-08T10:54:45.807048Z,0.000263,gen_v3,True
hist:development:fair:t0.8:031,Ha20497485d28,development,gpt35_0613,fair,0.8,31,5,False,completed,True,ok,HTHHTTHTHHTHTHTTHTHH,False,stop,2026-10-08T10:54:41.080748Z,0.000271,gen_v3,True
hist:development:fair:t0.8:032,H0c3606d9c023,development,gpt35_0613,fair,0.8,32,5,False,completed,True,ok,HTHHTHTTHHTHTHHTHTHT,False,stop,2026-10-08T10:54:39.604003Z,0.000253,gen_v3,True
hist:development:fair:t0.8:033,Heab81eebcc21,development,gpt35_0613,fair,0.8,33,5,False,completed,True,ok,HTHHTHTTHTHHTHTHTTHH,False,stop,2026-10-08T10:54:44.761509Z,0.000263,gen_v3,True
hist:development:fair:t0.8:034,Hc36da44e4a0a,development,gpt35_0613,fair,0.8,34,5,False,completed,True,ok,HTHHTHTHTHHTTHTHTHTH,False,stop,2026-10-08T10:54:39.817082Z,0.000255,gen_v3,True
hist:development:fair:t0.8:035,Hc4a3517da893,development,gpt35_0613,fair,0.8,35,5,False,completed,True,ok,HTHHTHTHTHTTHHTHHTHT,False,stop,2026-10-08T10:54:34.949927Z,0.000265,gen_v3,True
hist:development:fair:t1.5:000,H01d0d6b7aabc,development,gpt35_0613,fair,1.5,0,0,True,completed,True,ok,HTHHTTHTHTHHTTHTTHHT,False,stop,2026-10-08T10:53:36.116224Z,0.000237,gen_v3,True
hist:development:fair:t1.5:001,H6ee95023ef0b,development,gpt35_0613,fair,1.5,1,0,True,completed,True,ok,HTHHTTHHTHTTHTHTHHTH,False,stop,2026-10-08T10:53:34.488987Z,0.000271,gen_v3,True
hist:development:fair:t1.5:002,H9b7b3effd3be,development,gpt35_0613,fair,1.5,2,0,True,completed,True,ok,HTHHTTHTHTHHTHTTHHTH,False,stop,2026-10-08T10:53:36.424034Z,0.000335,gen_v3,True
hist:development:fair:t1.5:003,H3bad8c053cd3,development,gpt35_0613,fair,1.5,3,0,True,completed,True,ok,HTHHTTHHTHTHHTTHTHTH,False,stop,2026-10-08T10:53:37.385010Z,0.000337,gen_v3,True
hist:development:fair:t1.5:004,H6cf222f384dc,development,gpt35_0613,fair,1.5,4,0,True,completed,True,ok,HTHHTTHTHHTHTHTTHHTH,False,stop,2026-10-08T10:53:34.963168Z,0.000259,gen_v3,True
hist:development:fair:t1.5:005,Hbc344a2b8b2a,development,gpt35_0613,fair,1.5,5,0,False,completed,True,ok,HTHHTTHTHHTHTTHTHTHT,False,stop,2026-10-08T10:53:42.037761Z,0.000179,gen_v3,True
hist:development:fair:t1.5:006,H30e1ada511b1,development,gpt35_0613,fair,1.5,6,1,False,completed,True,ok,HTHHTHTHTHHTHTHHTTHT,False,stop,2026-10-08T10:53:54.514952Z,0.000269,gen_v3,True
hist:development:fair:t1.5:007,H2d64151b76cf,development,gpt35_0613,fair,1.5,7,1,False,completed,True,ok,HTHHTHTHTHTTHHTHTHHT,False,stop,2026-10-08T10:53:46.438987Z,0.000255,gen_v3,True
hist:development:fair:t1.5:008,H9da491b34643,development,gpt35_0613,fair,1.5,8,1,False,completed,True,ok,HTHHTHTHTHHTHTTHHHTT,False,stop,2026-10-08T10:53:44.924774Z,0.000225,gen_v3,True
hist:development:fair:t1.5:009,H58f503a0e83a,development,gpt35_0613,fair,1.5,9,1,False,completed,True,ok,HTHHTTHTHHTHTTHHTTHT,False,stop,2026-10-08T10:53:47.078817Z,0.000315,gen_v3,True
hist:development:fair:t1.5:010,H85ec73cbfb14,development,gpt35_0613,fair,1.5,10,1,False,completed,True,ok,HTHHTHTHTHTHTTHHTHTH,False,stop,2026-10-08T10:53:49.613981Z,0.000269,gen_v3,True
hist:development:fair:t1.5:011,H5c3b0990c9a5,development,gpt35_0613,fair,1.5,11,1,False,completed,True,ok,HTHHTTHTHTHHTTTHTHHT,False,stop,2026-10-08T10:53:52.255048Z,0.000267,gen_v3,True
hist:development:fair:t1.5:012,Hd487ce663607,development,gpt35_0613,fair,1.5,12,2,False,completed,True,ok,HTHTHHTHTTHHTHTHTTHT,False,stop,2026-10-08T10:54:06.363150Z,0.000269,gen_v3,True
hist:development:fair:t1.5:013,He27c8ed457af,development,gpt35_0613,fair,1.5,13,2,False,completed,True,ok,HTHHTHTHTHTHTHHTTHTT,False,stop,2026-10-08T10:54:05.558385Z,0.000265,gen_v3,True
hist:development:fair:t1.5:014,H5627da23294d,development,gpt35_0613,fair,1.5,14,2,False,completed,True,ok,HTHHTHTHHTTHTHHTHTTH,False,stop,2026-10-08T10:54:01.673908Z,0.000253,gen_v3,True
hist:development:fair:t1.5:015,H1aebe481dcaa,development,gpt35_0613,fair,1.5,15,2,False,completed,True,ok,HTHHTTHTHHTHTTHTHTTH,False,stop,2026-10-08T10:54:02.512317Z,0.000233,gen_v3,True
hist:development:fair:t1.5:016,H5d2fbeaa2822,development,gpt35_0613,fair,1.5,16,2,False,completed,True,ok,HTHHTHTHTTHHTTHTHHTH,False,stop,2026-10-08T10:54:03.114029Z,0.000253,gen_v3,True
hist:development:fair:t1.5:017,H3e1682f1816b,development,gpt35_0613,fair,1.5,17,2,False,completed,True,ok,HTHHTTHTHTHHTTHHTHTH,False,stop,2026-10-08T10:53:57.311541Z,0.000283,gen_v3,True
hist:development:fair:t1.5:018,H2a7c17b2db75,development,gpt35_0613,fair,1.5,18,3,False,completed,True,ok,THHTTHTHHTHTTHTHTHHT,False,stop,2026-10-08T10:54:16.350199Z,0.000209,gen_v3,True
hist:development:fair:t1.5:019,H065e5daa231b,development,gpt35_0613,fair,1.5,19,3,False,completed,True,ok,HTTHHTTHTHTHTTHHTHTH,False,stop,2026-10-08T10:54:16.605033Z,0.000157,gen_v3,True
hist:development:fair:t1.5:020,H850e2d33e277,development,gpt35_0613,fair,1.5,20,3,False,completed,True,ok,HTHTHHTTHHTHTHTTHTHT,False,stop,2026-10-08T10:54:11.252913Z,0.000265,gen_v3,True
hist:development:fair:t1.5:021,H4d87ffea92b2,development,gpt35_0613,fair,1.5,21,3,False,completed,True,ok,HTHHTHTHTHTHHTTHTHTH,False,stop,2026-10-08T10:54:20.286458Z,0.000259,gen_v3,True
hist:development:fair:t1.5:022,H4ea6ae057be1,development,gpt35_0613,fair,1.5,22,3,False,completed,True,ok,HTHHTHTHTHHTTHHTHHTT,False,stop,2026-10-08T10:54:14.008164Z,0.000257,gen_v3,True
hist:development:fair:t1.5:023,H4437a82005ff,development,gpt35_0613,fair,1.5,23,3,False,completed,True,ok,HTHTTHHTHHTTHTHHTHTT,False,stop,2026-10-08T10:54:11.844181Z,0.000271,gen_v3,True
hist:development:fair:t1.5:024,H5f2e67e7cb68,development,gpt35_0613,fair,1.5,24,4,False,completed,True,ok,HTHHTHTHTTHTHHTTHHTH,False,stop,2026-10-08T10:54:24.221259Z,0.000277,gen_v3,True
hist:development:fair:t1.5:025,Hf106c6e9cf71,development,gpt35_0613,fair,1.5,25,4,False,completed,True,ok,HTHTHHTHTHHTHTHHTHTH,False,stop,2026-10-08T10:54:31.596925Z,0.000261,gen_v3,True
hist:development:fair:t1.5:026,Haace3b6392ec,development,gpt35_0613,fair,1.5,26,4,False,completed,True,ok,HTHHTHTTHTHHTHTTHTHH,False,stop,2026-10-08T10:54:22.159785Z,0.000253,gen_v3,True
hist:development:fair:t1.5:027,H17ca7108affb,development,gpt35_0613,fair,1.5,27,4,False,completed,True,ok,HTHTHHTHTTHTHTHTTHHT,False,stop,2026-10-08T10:54:27.080864Z,0.000273,gen_v3,True
hist:development:fair:t1.5:028,H709019eeb5e8,development,gpt35_0613,fair,1.5,28,4,False,completed,True,ok,HTHHTTHHTHTTHTHHTHTH,False,stop,2026-10-08T10:54:28.528137Z,0.000293,gen_v3,True
hist:development:fair:t1.5:029,H08726cba7316,development,gpt35_0613,fair,1.5,29,4,False,completed,True,ok,HTHHTTHHTHTTHTHTHHTH,False,stop,2026-10-08T10:54:27.294415Z,0.000279,gen_v3,True
hist:development:fair:t1.5:030,H26133405c94e,development,gpt35_0613,fair,1.5,30,5,False,completed,True,ok,HTHHTHTHTTHTHHTHTHTH,False,stop,2026-10-08T10:54:34.893712Z,0.000261,gen_v3,True
hist:development:fair:t1.5:031,Hfe830ff4d39a,development,gpt35_0613,fair,1.5,31,5,False,completed,True,ok,HTHHTHTHTHHTHTTHHTHH,False,stop,2026-10-08T10:54:39.301316Z,0.000261,gen_v3,True
hist:development:fair:t1.5:032,H7d0d8fd9faa8,development,gpt35_0613,fair,1.5,32,5,False,completed,True,ok,HTHHTHTTHHTHTTHTHTHT,False,stop,2026-10-08T10:54:35.009870Z,0.000297,gen_v3,True
hist:development:fair:t1.5:033,Hfe5fca72796f,development,gpt35_0613,fair,1.5,33,5,False,completed,True,ok,HTHHTTHTHTTHHTTHHTHT,False,stop,2026-10-08T10:54:36.183157Z,0.000187,gen_v3,True
hist:development:fair:t1.5:034,Hee0e981f328f,development,gpt35_0613,fair,1.5,34,5,False,completed,True,ok,HTHHTTHTHTHTHTHTHHTH,False,stop,2026-10-08T10:54:39.938937Z,0.000277,gen_v3,True
hist:development:fair:t1.5:035,H3988e954f335,development,gpt35_0613,fair,1.5,35,5,False,completed,True,ok,HTHHTTHTHTHHTTHTTHHT,False,stop,2026-10-08T10:54:38.168195Z,0.000267,gen_v3,True
hist:development:plain:t0.0:000,Ha42891faf1bd,development,gpt35_0613,plain,0.0,0,0,True,completed,True,ok,HTHHTHTTHTHHTHTHTHTH,False,stop,2026-10-08T10:53:37.330934Z,0.000254,gen_v3,True
hist:development:plain:t0.0:001,Ha677e0451bd6,development,gpt35_0613,plain,0.0,1,0,True,completed,True,ok,HTHHTTHTHTHHTHTTHTHT,False,stop,2026-10-08T10:53:32.673479Z,0.000256,gen_v3,True
hist:development:plain:t0.0:002,H81a199ede19f,development,gpt35_0613,plain,0.0,2,0,True,completed,True,ok,HTHHTTHTHTHHTHTTHTHT,False,stop,2026-10-08T10:53:32.457765Z,0.000254,gen_v3,True
hist:development:plain:t0.0:003,H1d4c5bb541c9,development,gpt35_0613,plain,0.0,3,0,True,completed,True,ok,HTHHTTHTHTHHTHTTHTHT,False,stop,2026-10-08T10:53:37.695965Z,0.000254,gen_v3,True
hist:development:plain:t0.0:004,H33d66e37a6a5,development,gpt35_0613,plain,0.0,4,0,True,completed,True,ok,HTHHTHTTHTHHTHTHTHTH,False,stop,2026-10-08T10:53:32.467421Z,0.000256,gen_v3,True
hist:development:plain:t0.0:005,H417ed8fafc42,development,gpt35_0613,plain,0.0,5,0,False,completed,True,ok,HTHHTTHTHTHHTHTTHTHT,False,stop,2026-10-08T10:53:40.339821Z,0.000258,gen_v3,True
hist:development:plain:t0.0:006,H7d889b1399d6,development,gpt35_0613,plain,0.0,6,1,False,completed,True,ok,HTHHTTHTHTHHTHTTHTHT,False,stop,2026-10-08T10:53:45.054730Z,0.000248,gen_v3,True
hist:development:plain:t0.0:007,Heef435b25a0e,development,gpt35_0613,plain,0.0,7,1,False,completed,True,ok,HTHHTTHTHTHHTHTTHTHT,False,stop,2026-10-08T10:53:51.646874Z,0.000258,gen_v3,True
hist:development:plain:t0.0:008,H3f1e66e780da,development,gpt35_0613,plain,0.0,8,1,False,completed,True,ok,HTHHTTHTHTHHTHTTHTHT,False,stop,2026-10-08T10:53:52.705769Z,0.000258,gen_v3,True
hist:development:plain:t0.0:009,Ha27163b0dd9f,development,gpt35_0613,plain,0.0,9,1,False,completed,True,ok,HTHHTTHTHHTHTTHHTHTH,False,stop,2026-10-08T10:53:50.066861Z,0.000256,gen_v3,True
hist:development:plain:t0.0:010,Heb8cbb4cff0c,development,gpt35_0613,plain,0.0,10,1,False,completed,True,ok,HTHHTTHTHTHHTHTTHTHT,False,stop,2026-10-08T10:53:54.240969Z,0.00026,gen_v3,True
hist:development:plain:t0.0:011,H39e5bdc8dc6e,development,gpt35_0613,plain,0.0,11,1,False,completed,True,ok,HTHHTTHTHTHHTHTTHTHT,False,stop,2026-10-08T10:53:52.939698Z,0.000258,gen_v3,True
hist:development:plain:t0.0:012,Ha7b505be3dab,development,gpt35_0613,plain,0.0,12,2,False,completed,True,ok,HTHHTTHTHHTHTTHHTHTH,False,stop,2026-10-08T10:53:58.931943Z,0.000254,gen_v3,True
hist:development:plain:t0.0:013,H1e88f239f774,development,gpt35_0613,plain,0.0,13,2,False,completed,True,ok,HTHHTTHTHHTHTTHHTHTH,False,stop,2026-10-08T10:54:01.487411Z,0.000252,gen_v3,True
hist:development:plain:t0.0:014,H60c7a7a402a5,development,gpt35_0613,plain,0.0,14,2,False,completed,True,ok,HTHHTTHTHTHHTHTTHTHT,False,stop,2026-10-08T10:54:07.544577Z,0.00026,gen_v3,True
hist:development:plain:t0.0:015,H6f92104c0f61,development,gpt35_0613,plain,0.0,15,2,False,completed,True,ok,HTHHTTHTHTHHTHTTHTHT,False,stop,2026-10-08T10:53:57.891025Z,0.000258,gen_v3,True
hist:development:plain:t0.0:016,H3f00bee14f73,development,gpt35_0613,plain,0.0,16,2,False,completed,True,ok,HTHHTTHTHTHHTHTTHTHT,False,stop,2026-10-08T10:54:03.280629Z,0.000258,gen_v3,True
hist:development:plain:t0.0:017,H19603391bb92,development,gpt35_0613,plain,0.0,17,2,False,completed,True,ok,HTHHTTHTHTHHTHTTHTHT,False,stop,2026-10-08T10:54:06.636822Z,0.000254,gen_v3,True
hist:development:plain:t0.0:018,Hff4369641f90,development,gpt35_0613,plain,0.0,18,3,False,completed,True,ok,HTHHTTHTHTHHTHTTHTHT,False,stop,2026-10-08T10:54:17.615138Z,0.000258,gen_v3,True
hist:development:plain:t0.0:019,Hcfd404892492,development,gpt35_0613,plain,0.0,19,3,False,completed,True,ok,HTHHTTHTHTHHTHTTHTHT,False,stop,2026-10-08T10:54:10.269225Z,0.000258,gen_v3,True
hist:development:plain:t0.0:020,H35d937f0e43e,development,gpt35_0613,plain,0.0,20,3,False,completed,True,ok,HTHHTTHTHTHHTHTTHTHT,False,stop,2026-10-08T10:54:11.242966Z,0.000258,gen_v3,True
hist:development:plain:t0.0:021,H5ef0ab1aae91,development,gpt35_0613,plain,0.0,21,3,False,completed,True,ok,HTHHTTHTHHTHTTHHTHTH,False,stop,2026-10-08T10:54:18.082418Z,0.000252,gen_v3,True
hist:development:plain:t0.0:022,H1dbb7ea652f8,development,gpt35_0613,plain,0.0,22,3,False,completed,True,ok,HTHHTHTTHTHHTHTHTHTH,False,stop,2026-10-08T10:54:11.160975Z,0.000252,gen_v3,True
hist:development:plain:t0.0:023,H95f7aa43d748,development,gpt35_0613,plain,0.0,23,3,False,completed,True,ok,HTHHTTHTHTHHTHTTHTHT,False,stop,2026-10-08T10:54:19.874244Z,0.000254,gen_v3,True
hist:development:plain:t0.0:024,Hda59f9db8efb,development,gpt35_0613,plain,0.0,24,4,False,completed,True,ok,HTHHTTHTHTHHTHTTHTHT,False,stop,2026-10-08T10:54:30.309994Z,0.000258,gen_v3,True
hist:development:plain:t0.0:025,H83a1d6082e7b,development,gpt35_0613,plain,0.0,25,4,False,completed,True,ok,HTHHTHTTHTHHTHTHTHTH,False,stop,2026-10-08T10:54:32.869135Z,0.000256,gen_v3,True
hist:development:plain:t0.0:026,H22424cac6154,development,gpt35_0613,plain,0.0,26,4,False,completed,True,ok,HTHHTHTTHTHHTHTHTHTH,False,stop,2026-10-08T10:54:22.223193Z,0.000256,gen_v3,True
hist:development:plain:t0.0:027,H5134dd8df7a9,development,gpt35_0613,plain,0.0,27,4,False,completed,True,ok,HTHHTTHTHTHHTHTTHTHT,False,stop,2026-10-08T10:54:25.097636Z,0.00026,gen_v3,True
hist:development:plain:t0.0:028,H7803689d00e3,development,gpt35_0613,plain,0.0,28,4,False,completed,True,ok,HTHHTTHTHTHHTHTTHTHT,False,stop,2026-10-08T10:54:26.914063Z,0.000258,gen_v3,True
hist:development:plain:t0.0:029,Hbe235258056f,development,gpt35_0613,plain,0.0,29,4,False,completed,True,ok,HTHHTTHTHTHHTHTTHTHT,False,stop,2026-10-08T10:54:31.541034Z,0.000248,gen_v3,True
hist:development:plain:t0.0:030,H4a15f1ea106e,development,gpt35_0613,plain,0.0,30,5,False,completed,True,ok,HTHHTTHTHTHHTHTTHTHT,False,stop,2026-10-08T10:54:44.269980Z,0.000258,gen_v3,True
hist:development:plain:t0.0:031,He115278df79b,development,gpt35_0613,plain,0.0,31,5,False,completed,True,ok,HTHHTTHTHTHHTHTTHTHT,False,stop,2026-10-08T10:54:36.641974Z,0.000248,gen_v3,True
hist:development:plain:t0.0:032,H49becb1ca6a6,development,gpt35_0613,plain,0.0,32,5,False,completed,True,ok,HTHHTTHTHTHHTHTTHTHT,False,stop,2026-10-08T10:54:43.106222Z,0.000258,gen_v3,True
hist:development:plain:t0.0:033,He18c907b57b6,development,gpt35_0613,plain,0.0,33,5,False,completed,True,ok,HTHHTTHTHTHHTHTTHTHT,False,stop,2026-10-08T10:54:34.328457Z,0.000248,gen_v3,True
hist:development:plain:t0.0:034,Hfb8c17ed6895,development,gpt35_0613,plain,0.0,34,5,False,completed,True,ok,HTHHTTHTHTHHTHTTHTHT,False,stop,2026-10-08T10:54:41.782110Z,0.000258,gen_v3,True
hist:development:plain:t0.0:035,H31ba0367e77b,development,gpt35_0613,plain,0.0,35,5,False,completed,True,ok,HTHHTHTTHTHHTHTHTHTH,False,stop,2026-10-08T10:54:36.760067Z,0.000246,gen_v3,True
hist:development:plain:t0.8:000,H418c990be712,development,gpt35_0613,plain,0.8,0,0,True,completed,True,ok,HTHHTHTTHHTHTHTHHTHT,False,stop,2026-10-08T10:53:35.283976Z,0.000242,gen_v3,True
hist:development:plain:t0.8:001,Hcc08c1c26f76,development,gpt35_0613,plain,0.8,1,0,True,completed,True,ok,HTHHTTHTHTHHTHTTHTHT,False,stop,2026-10-08T10:53:35.644983Z,0.000254,gen_v3,True
hist:development:plain:t0.8:002,H3e4759995c42,development,gpt35_0613,plain,0.8,2,0,True,completed,True,ok,HTHTHHTHTHTHTHHTHTHT,False,stop,2026-10-08T10:53:33.969005Z,0.000256,gen_v3,True
hist:development:plain:t0.8:003,H7621b46ab40d,development,gpt35_0613,plain,0.8,3,0,True,completed,True,ok,HTHHTTHTHTHTHHTHTHTH,False,stop,2026-10-08T10:53:32.744819Z,0.00026,gen_v3,True
hist:development:plain:t0.8:004,H7c2d36c078f6,development,gpt35_0613,plain,0.8,4,0,True,completed,True,ok,HTHTHHTHTHTTHHTHTHHT,False,stop,2026-10-08T10:53:37.251999Z,0.000254,gen_v3,True
hist:development:plain:t0.8:005,He1ea55b6d213,development,gpt35_0613,plain,0.8,5,0,False,completed,True,ok,HTHTHHTTHTHHTHTHTTHH,False,stop,2026-10-08T10:53:39.504983Z,0.000246,gen_v3,True
hist:development:plain:t0.8:006,H5a2aeaeeaaa9,development,gpt35_0613,plain,0.8,6,1,False,completed,True,ok,HTHHTTHTHTTHHTHTHHTH,False,stop,2026-10-08T10:53:44.872235Z,0.000262,gen_v3,True
hist:development:plain:t0.8:007,H5844140df48d,development,gpt35_0613,plain,0.8,7,1,False,completed,True,ok,HTHHTTHTHTHHTHTTHTHT,False,stop,2026-10-08T10:53:52.897365Z,0.000252,gen_v3,True
hist:development:plain:t0.8:008,H5a4835c16737,development,gpt35_0613,plain,0.8,8,1,False,completed,True,ok,HTHHTTHTHHTHTTHHTHTH,False,stop,2026-10-08T10:53:52.398664Z,0.000248,gen_v3,True
hist:development:plain:t0.8:009,H0f263a91fead,development,gpt35_0613,plain,0.8,9,1,False,completed,True,ok,HTHHTTHTHHTHTTHHTHTH,False,stop,2026-10-08T10:53:51.370174Z,0.000242,gen_v3,True
hist:development:plain:t0.8:010,Hb3950baa0acd,development,gpt35_0613,plain,0.8,10,1,False,completed,True,ok,HTHTHHTTHTHHTHTHTTHT,False,stop,2026-10-08T10:53:47.123481Z,0.000246,gen_v3,True
hist:development:plain:t0.8:011,H24b7197f58aa,development,gpt35_0613,plain,0.8,11,1,False,completed,True,ok,HTHTHHTTHTHHTHTHTHTH,False,stop,2026-10-08T10:53:45.294083Z,0.000246,gen_v3,True
hist:development:plain:t0.8:012,H617d595faa82,development,gpt35_0613,plain,0.8,12,2,False,completed,True,ok,HTHHTTHTHHTHTTHHTHTH,False,stop,2026-10-08T10:53:59.129032Z,0.000242,gen_v3,True
hist:development:plain:t0.8:013,H0bd1b0680073,development,gpt35_0613,plain,0.8,13,2,False,completed,True,ok,HTHHTTHTHHTHTHTHHTHT,False,stop,2026-10-08T10:54:06.214774Z,0.000248,gen_v3,True
hist:development:plain:t0.8:014,H77470876fbc7,development,gpt35_0613,plain,0.8,14,2,False,completed,True,ok,HTHHTTHTHHTHTTHHTHTH,False,stop,2026-10-08T10:53:58.958856Z,0.000256,gen_v3,True
hist:development:plain:t0.8:015,Hbb829d5ee0e0,development,gpt35_0613,plain,0.8,15,2,False,completed,True,ok,HTHHTTHTHHTHTHTHHTHT,False,stop,2026-10-08T10:54:00.702623Z,0.000244,gen_v3,True
hist:development:plain:t0.8:016,Hf834ef2bf172,development,gpt35_0613,plain,0.8,16,2,False,completed,True,ok,HTHHTHTTHTHTHHTHTHTH,False,stop,2026-10-08T10:54:00.199797Z,0.000256,gen_v3,True
hist:development:plain:t0.8:017,Ha04d27859763,development,gpt35_0613,plain,0.8,17,2,False,completed,True,ok,HTHHTHTTHTHHTTHTHTHT,False,stop,2026-10-08T10:54:06.888996Z,0.00025,gen_v3,True
hist:development:plain:t0.8:018,Haaac63c99a12,development,gpt35_0613,plain,0.8,18,3,False,completed,True,ok,HTHTHHTTHTHHTHTHTTHT,False,stop,2026-10-08T10:54:18.215394Z,0.000246,gen_v3,True
hist:development:plain:t0.8:019,Hc0a23587045c,development,gpt35_0613,plain,0.8,19,3,False,completed,True,ok,HTHHTTHTHTHHTHTHTTHT,False,stop,2026-10-08T10:54:18.114118Z,0.000258,gen_v3,True
hist:development:plain:t0.8:020,H19e9ae49f733,development,gpt35_0613,plain,0.8,20,3,False,completed,True,ok,HTHTHHTTHTHTHHTHTHTH,False,stop,2026-10-08T10:54:14.655810Z,0.000248,gen_v3,True
hist:development:plain:t0.8:021,H24bd06fc43ea,development,gpt35_0613,plain,0.8,21,3,False,completed,True,ok,HTHHTHTTHHTHTTHHTHTH,False,stop,2026-10-08T10:54:09.385322Z,0.000242,gen_v3,True
hist:development:plain:t0.8:022,Hf2cc39b6b542,development,gpt35_0613,plain,0.8,22,3,False,completed,True,ok,HTHHTHTTHHTHTHTHHTHT,False,stop,2026-10-08T10:54:14.087971Z,0.00026,gen_v3,True
hist:development:plain:t0.8:023,H72b690c7db42,development,gpt35_0613,plain,0.8,23,3,False,completed,True,ok,HTHHTHTTHHTHTTHHTHTH,False,stop,2026-10-08T10:54:20.369573Z,0.000258,gen_v3,True
hist:development:plain:t0.8:024,Hb936ec2b335f,development,gpt35_0613,plain,0.8,24,4,False,completed,True,ok,HTHHTHTTHHTHTTHHTHTH,False,stop,2026-10-08T10:54:31.391042Z,0.000248,gen_v3,True
hist:development:plain:t0.8:025,Haef058efc417,development,gpt35_0613,plain,0.8,25,4,False,completed,True,ok,HTHHTHTTHTHHTHTTHTHT,False,stop,2026-10-08T10:54:22.167906Z,0.000246,gen_v3,True
hist:development:plain:t0.8:026,Hdbc29d8d0855,development,gpt35_0613,plain,0.8,26,4,False,completed,True,ok,HTHHTTHTHTHTHTHHTHTH,False,stop,2026-10-08T10:54:31.977056Z,0.000244,gen_v3,True
hist:development:plain:t0.8:027,H865c452f0ea3,development,gpt35_0613,plain,0.8,27,4,False,completed,True,ok,HTHTHHTTHTHTHTTHHTHT,False,stop,2026-10-08T10:54:23.993947Z,0.000246,gen_v3,True
hist:development:plain:t0.8:028,H14d29971e49d,development,gpt35_0613,plain,0.8,28,4,False,completed,True,ok,HTHHTHTTHTHTHHTHTHTH,False,stop,2026-10-08T10:54:25.442976Z,0.000256,gen_v3,True
hist:development:plain:t0.8:029,Hef811c4674af,development,gpt35_0613,plain,0.8,29,4,False,completed,True,ok,HTHHTHTTHTHHTHTTHTHT,False,stop,2026-10-08T10:54:25.194252Z,0.000254,gen_v3,True
hist:development:plain:t0.8:030,H7690d556f35a,development,gpt35_0613,plain,0.8,30,5,False,completed,True,ok,HTHHTHTTHTHHTTHTHHTH,False,stop,2026-10-08T10:54:38.345011Z,0.00026,gen_v3,True
hist:development:plain:t0.8:031,H1677e7b432b0,development,gpt35_0613,plain,0.8,31,5,False,completed,True,ok,HTHHTHTTHTHTHHTHTHTH,False,stop,2026-10-08T10:54:42.206872Z,0.00025,gen_v3,True
hist:development:plain:t0.8:032,He2c472065bca,development,gpt35_0613,plain,0.8,32,5,False,completed,True,ok,HTHHTHTTHTHHTHTTHHTH,False,stop,2026-10-08T10:54:44.073087Z,0.000248,gen_v3,True
hist:development:plain:t0.8:033,H06b1520f02cb,development,gpt35_0613,plain,0.8,33,5,False,completed,True,ok,HTHHTTHTHHTHTHTHHTHT,False,stop,2026-10-08T10:54:35.984283Z,0.000248,gen_v3,True
hist:development:plain:t0.8:034,Hdbc3ff4470eb,development,gpt35_0613,plain,0.8,34,5,False,completed,True,ok,HTHTHHTTHTHHTHTHTHTH,False,stop,2026-10-08T10:54:38.063662Z,0.00024,gen_v3,True
hist:development:plain:t0.8:035,H8e456d5c6098,development,gpt35_0613,plain,0.8,35,5,False,completed,True,ok,HTHHTHTTHTHHTHTTHTHT,False,stop,2026-10-08T10:54:43.769942Z,0.000246,gen_v3,True
hist:development:plain:t1.5:000,H5c1a1c09fec2,development,gpt35_0613,plain,1.5,0,0,True,completed,True,ok,HTHHTTHTHHTHTTHTTHHT,False,stop,2026-10-08T10:53:32.462455Z,0.000256,gen_v3,True
hist:development:plain:t1.5:001,H6a7451972926,development,gpt35_0613,plain,1.5,1,0,True,completed,True,ok,HTHTHTTHHTHTHHTTHTHT,False,stop,2026-10-08T10:53:36.161376Z,0.000246,gen_v3,True
hist:development:plain:t1.5:002,H6fabc129a653,development,gpt35_0613,plain,1.5,2,0,True,completed,True,ok,HTHHTHTHTHHTHHTTHTHT,False,stop,2026-10-08T10:53:34.423146Z,0.000258,gen_v3,True
hist:development:plain:t1.5:003,H783ee2c9f757,development,gpt35_0613,plain,1.5,3,0,True,completed,True,ok,HTHHTTHTHHTHTHTHHTTH,False,stop,2026-10-08T10:53:34.344791Z,0.000252,gen_v3,True
hist:development:plain:t1.5:004,Hd3498a04b7d9,development,gpt35_0613,plain,1.5,4,0,True,completed,True,ok,THHTHTTHHTHTTHHTTHTH,False,stop,2026-10-08T10:53:32.097920Z,0.000164,gen_v3,True
hist:development:plain:t1.5:005,Hc3c485e2bdf7,development,gpt35_0613,plain,1.5,5,0,False,completed,True,ok,HTHHTTHTHHTHTHTHTHTH,False,stop,2026-10-08T10:53:41.934738Z,0.000244,gen_v3,True
hist:development:plain:t1.5:006,H71dfff91145f,development,gpt35_0613,plain,1.5,6,1,False,completed,False,no_list,,False,stop,2026-10-08T10:53:53.557082Z,8.8e-05,gen_v3,False
hist:development:plain:t1.5:007,H1612de2c5ed4,development,gpt35_0613,plain,1.5,7,1,False,completed,True,ok,HTHHTHTTHHTTHTHHTHTH,False,stop,2026-10-08T10:53:49.772754Z,0.000254,gen_v3,True
hist:development:plain:t1.5:008,Hacd23843441a,development,gpt35_0613,plain,1.5,8,1,False,completed,True,ok,HTHHTHTTHHTTHHTHTHTH,False,stop,2026-10-08T10:53:52.379094Z,0.000242,gen_v3,True
hist:development:plain:t1.5:009,H0db8fb4eae59,development,gpt35_0613,plain,1.5,9,1,False,completed,True,ok,HTHHTTHTHHTHTHTHHTTH,False,stop,2026-10-08T10:53:46.731796Z,0.000254,gen_v3,True
hist:development:plain:t1.5:010,Hfb1348e5d83e,development,gpt35_0613,plain,1.5,10,1,False,completed,True,ok,HTHHTHTTHTHTHHTHTHTH,False,stop,2026-10-08T10:53:45.185754Z,0.000258,gen_v3,True
hist:development:plain:t1.5:011,H21146dbcb8b7,development,gpt35_0613,plain,1.5,11,1,False,completed,True,ok,HTHHTTHTHHTTHHTHTHTH,False,stop,2026-10-08T10:53:55.179006Z,0.000174,gen_v3,True
hist:development:plain:t1.5:012,H1c78bb331d3a,development,gpt35_0613,plain,1.5,12,2,False,completed,True,ok,HTHHTTHTHTHTTHHHTTHT,False,stop,2026-10-08T10:54:01.293064Z,0.00024,gen_v3,True
hist:development:plain:t1.5:013,Hcad4da85603b,development,gpt35_0613,plain,1.5,13,2,False,completed,True,ok,HTHTHHTTHHTHTTHTHTHT,False,stop,2026-10-08T10:54:03.757293Z,0.00027,gen_v3,True
hist:development:plain:t1.5:014,H136842fb4fcc,development,gpt35_0613,plain,1.5,14,2,False,completed,True,ok,HTHTHHTTHHTHTTHTHHTH,False,stop,2026-10-08T10:53:58.285929Z,0.000178,gen_v3,True
hist:development:plain:t1.5:015,Hb721255ec583,development,gpt35_0613,plain,1.5,15,2,False,completed,True,ok,HTHHTHTTHHTHTHTTHTHT,False,stop,2026-10-08T10:54:00.544627Z,0.000248,gen_v3,True
hist:development:plain:t1.5:016,H79893b230d2f,development,gpt35_0613,plain,1.5,16,2,False,completed,True,ok,HTHHTTHTHTHHTHTTHHTH,False,stop,2026-10-08T10:54:07.006332Z,0.000248,gen_v3,True
hist:development:plain:t1.5:017,H7f1a7bc08609,development,gpt35_0613,plain,1.5,17,2,False,completed,True,ok,HTHTTHHTHTHHTHTHTHTH,False,stop,2026-10-08T10:53:57.072814Z,0.000246,gen_v3,True
hist:development:plain:t1.5:018,H26de4e5c8532,development,gpt35_0613,plain,1.5,18,3,False,completed,True,ok,HTHTHHTTHTHTHHHTTHTH,False,stop,2026-10-08T10:54:17.804144Z,0.000158,gen_v3,True
hist:development:plain:t1.5:019,H2756e4d0b632,development,gpt35_0613,plain,1.5,19,3,False,completed,True,ok,HTHTHHTHTTHTHHTHHTHT,False,stop,2026-10-08T10:54:08.830837Z,0.000244,gen_v3,True
hist:development:plain:t1.5:020,H027e4c8d6db1,development,gpt35_0613,plain,1.5,20,3,False,completed,True,ok,HTHTHHTTHTHTHHTHTHTH,False,stop,2026-10-08T10:54:17.862422Z,0.000248,gen_v3,True
hist:development:plain:t1.5:021,H761cdeab0623,development,gpt35_0613,plain,1.5,21,3,False,completed,True,ok,HTHHTHTTHHTHTHTHTTHH,False,stop,2026-10-08T10:54:18.319698Z,0.000256,gen_v3,True
hist:development:plain:t1.5:022,Hfba63ed7ca1f,development,gpt35_0613,plain,1.5,22,3,False,completed,True,ok,HTHTTHHTHTHHTTHTHHTH,False,stop,2026-10-08T10:54:11.780231Z,0.000244,gen_v3,True
hist:development:plain:t1.5:023,H6ed2c3e9de2f,development,gpt35_0613,plain,1.5,23,3,False,completed,True,ok,HTHTHHTTHHTTHTHHTHTH,False,stop,2026-10-08T10:54:16.809934Z,0.00024,gen_v3,True
hist:development:plain:t1.5:024,H930a73e60146,development,gpt35_0613,plain,1.5,24,4,False,completed,True,ok,HTHHTTHHTHTHTTHTHTHT,False,stop,2026-10-08T10:54:22.101950Z,0.000246,gen_v3,True
hist:development:plain:t1.5:025,H84312d75a038,development,gpt35_0613,plain,1.5,25,4,False,completed,True,ok,HTHHTTHTHTHHTHTTHTHH,False,stop,2026-10-08T10:54:24.075159Z,0.000256,gen_v3,True
hist:development:plain:t1.5:026,Ha58d50103c65,development,gpt35_0613,plain,1.5,26,4,False,completed,True,ok,HTHTHHTHTHTTHHTHTHTH,False,stop,2026-10-08T10:54:32.696013Z,0.000248,gen_v3,True
hist:development:plain:t1.5:027,H8885e16bd163,development,gpt35_0613,plain,1.5,27,4,False,completed,True,ok,HTHHTHTTHTHHTTHHTTHT,False,stop,2026-10-08T10:54:25.318016Z,0.000254,gen_v3,True
hist:development:plain:t1.5:028,Hfae715a06bee,development,gpt35_0613,plain,1.5,28,4,False,completed,True,ok,HTTHHTHTHTHHTHTHTHTH,False,stop,2026-10-08T10:54:23.988211Z,0.000254,gen_v3,True
hist:development:plain:t1.5:029,H532ffa6ba51e,development,gpt35_0613,plain,1.5,29,4,False,completed,True,ok,HTHHTTHHTHTHTHTHHTHT,False,stop,2026-10-08T10:54:31.251298Z,0.000252,gen_v3,True
hist:development:plain:t1.5:030,H873d8784f014,development,gpt35_0613,plain,1.5,30,5,False,completed,True,ok,HTHHTHTTHTHHTHTHTHTH,False,stop,2026-10-08T10:54:39.053074Z,0.000256,gen_v3,True
hist:development:plain:t1.5:031,Hec765f60c165,development,gpt35_0613,plain,1.5,31,5,False,completed,True,ok,HTHTHTHHTTHHTHTHTHTH,False,stop,2026-10-08T10:54:36.599285Z,0.000254,gen_v3,True
hist:development:plain:t1.5:032,Hc37fe714aaec,development,gpt35_0613,plain,1.5,32,5,False,completed,True,ok,HTHHTTHTHTHTHHTHTTHT,False,stop,2026-10-08T10:54:41.043156Z,0.00026,gen_v3,True
hist:development:plain:t1.5:033,H6838198bf29a,development,gpt35_0613,plain,1.5,33,5,False,completed,False,wrong_length,,False,stop,2026-10-08T10:54:45.367820Z,0.000254,gen_v3,False
hist:development:plain:t1.5:034,H1f5b7ea9de23,development,gpt35_0613,plain,1.5,34,5,False,completed,True,ok,HTHTHHTTHTHTHHTHTTHT,False,stop,2026-10-08T10:54:45.716680Z,0.000242,gen_v3,True
hist:development:plain:t1.5:035,H34c37667e691,development,gpt35_0613,plain,1.5,35,5,False,completed,True,ok,HTHHTTHHTHTHTTHHTHTH,False,stop,2026-10-08T10:54:34.888760Z,0.000248,gen_v3,True
gen:development:mimo:fair:000,Pe2b497b25c55,development,mimo,fair,,0,0,True,completed,True,ok,HHTTHTHHHTTHTTTHTHHT,True,stop,2026-10-08T10:29:45.201399Z,0.00222546,gen_v3,True
gen:development:mimo:fair:001,Pfc06d7e8b518,development,mimo,fair,,1,0,True,completed,True,ok,THHTHHHTTHTTHTHTHHTH,False,stop,2026-10-08T10:28:48.650034Z,0.00017922,gen_v3,True
gen:development:mimo:fair:002,P4349f402ea6e,development,mimo,fair,,2,0,True,completed,True,ok,HTTHHTHHHTTTHHTTHTHT,False,stop,2026-10-08T10:28:51.065789Z,0.00022272,gen_v3,True
gen:development:mimo:fair:003,Pc548d76076a8,development,mimo,fair,,3,0,True,completed,False,conflicting_lists,,False,stop,2026-10-08T10:28:54.986144Z,0.00022881,gen_v3,False
gen:development:mimo:fair:004,P57d5c077cb46,development,mimo,fair,,4,0,True,completed,True,ok,HTHHTTHHHTTHTTHHTHTH,False,stop,2026-10-08T10:29:08.848017Z,0.00059421,gen_v3,True
gen:development:mimo:fair:005,P7e8a7eee10f4,development,mimo,fair,,5,0,False,completed,True,ok,THHTHHTHHHTTHHHTHHTH,False,stop,2026-10-08T10:30:42.623048Z,0.00033408,gen_v3,True
gen:development:mimo:fair:006,P1ed927053d09,development,mimo,fair,,6,0,False,completed,True,ok,THTTHHTTHTHHTHTTHHHT,False,stop,2026-10-08T10:30:10.820025Z,0.0001131,gen_v3,True
gen:development:mimo:fair:007,Pd1a5b9757b2c,development,mimo,fair,,7,0,False,completed,False,no_list,,False,stop,2026-10-08T10:30:23.041685Z,0.00027405,gen_v3,False
gen:development:mimo:fair:008,Pc188c958d714,development,mimo,fair,,8,0,False,completed,True,ok,THHTHHTTTHTHTTHTTTHH,False,stop,2026-10-08T10:30:20.873905Z,0.00043152,gen_v3,True
gen:development:mimo:fair:009,P1b550483bf89,development,mimo,fair,,9,0,False,completed,True,ok,HHTHTHHTTTHTHHHTTHTH,False,stop,2026-10-08T10:30:16.319253Z,8.352e-05,gen_v3,True
gen:development:mimo:fair:010,Pc1f582cc2e3b,development,mimo,fair,,10,1,False,completed,False,wrong_length,,False,stop,2026-10-08T10:31:36.481109Z,0.00078126,gen_v3,False
gen:development:mimo:fair:011,P4cd75eac7d84,development,mimo,fair,,11,1,False,completed,False,conflicting_lists,,False,stop,2026-10-08T10:31:43.920104Z,0.0008178,gen_v3,False
gen:development:mimo:fair:012,P150299bd47ba,development,mimo,fair,,12,1,False,completed,False,conflicting_lists,,False,stop,2026-10-08T10:31:18.213815Z,0.00059943,gen_v3,False
gen:development:mimo:fair:013,P276dea53f854,development,mimo,fair,,13,1,False,completed,False,no_list,,False,stop,2026-10-08T10:31:19.609916Z,0.00054549,gen_v3,False
gen:development:mimo:fair:014,Pc7d39a381082,development,mimo,fair,,14,1,False,completed,False,no_list,,False,stop,2026-10-08T10:31:02.412074Z,0.00076125,gen_v3,False
gen:development:mimo:fair:015,P784571710815,development,mimo,fair,,15,1,False,completed,False,truncated_length,,False,length,2026-10-08T10:31:56.392565Z,0.00348696,gen_v3,False
gen:development:mimo:fair:016,Pddd78fb440f7,development,mimo,fair,,16,1,False,completed,True,ok,THHTTHTTHHHTHTTHHTTH,False,stop,2026-10-08T10:31:14.369194Z,0.00082302,gen_v3,True
gen:development:mimo:fair:017,Pf57bfdbe111f,development,mimo,fair,,17,1,False,completed,False,wrong_length,,False,stop,2026-10-08T10:31:19.374136Z,0.00070818,gen_v3,False
gen:development:mimo:fair:018,P4ad91eb48eeb,development,mimo,fair,,18,1,False,completed,True,ok,HTHHTTHTTHHTHTTHHHTT,False,stop,2026-10-08T10:30:49.488883Z,0.0001914,gen_v3,True
gen:development:mimo:fair:019,Pdb18a9d5422e,development,mimo,fair,,19,1,False,completed,False,wrong_length,,False,stop,2026-10-08T10:31:09.396188Z,0.00107184,gen_v3,False
gen:development:mimo:fair:020,Pc97dd0107909,development,mimo,fair,,20,2,False,completed,False,no_list,,False,stop,2026-10-08T10:32:28.596384Z,0.00131805,gen_v3,False
gen:development:mimo:fair:021,Pe2013060ff2a,development,mimo,fair,,21,2,False,completed,False,no_list,,False,stop,2026-10-08T10:32:06.391515Z,0.00017574,gen_v3,False
gen:development:mimo:fair:022,Pa2d9cbf2fd93,development,mimo,fair,,22,2,False,completed,False,no_list,,False,stop,2026-10-08T10:32:23.681078Z,0.00032625,gen_v3,False
gen:development:mimo:fair:023,P992b5ab7c27e,development,mimo,fair,,23,2,False,completed,False,no_list,,False,stop,2026-10-08T10:32:36.512097Z,0.00033321,gen_v3,False
gen:development:mimo:fair:024,Pa5f5e0757957,development,mimo,fair,,24,2,False,completed,True,ok,HTTHHTHTTTHHHTTHHTTH,False,stop,2026-10-08T10:32:17.149002Z,0.00027927,gen_v3,True
gen:development:mimo:fair:025,Pe578e0f7df9e,development,mimo,fair,,25,2,False,completed,False,no_list,,False,stop,2026-10-08T10:32:33.149101Z,0.00054375,gen_v3,False
gen:development:mimo:fair:026,P395451661dcf,development,mimo,fair,,26,2,False,completed,False,wrong_length,,False,stop,2026-10-08T10:32:30.263890Z,0.00118755,gen_v3,False
gen:development:mimo:fair:027,P357fe35a787a,development,mimo,fair,,27,2,False,completed,False,conflicting_lists,,False,stop,2026-10-08T10:32:46.472380Z,0.00085434,gen_v3,False
gen:development:mimo:fair:028,P3794d068a44b,development,mimo,fair,,28,2,False,completed,False,no_list,,False,stop,2026-10-08T10:32:21.449060Z,0.00032103,gen_v3,False
gen:development:mimo:fair:029,P8afcafdad424,development,mimo,fair,,29,2,False,completed,False,wrong_length,,False,stop,2026-10-08T10:32:11.578142Z,0.00065424,gen_v3,False
gen:development:mimo:fair:030,P7fbcc49f029b,development,mimo,fair,,30,3,False,completed,False,no_list,,False,stop,2026-10-08T10:33:34.483906Z,0.00071862,gen_v3,False
gen:development:mimo:fair:031,P56805f4287b6,development,mimo,fair,,31,3,False,completed,False,wrong_length,,False,stop,2026-10-08T10:33:19.100819Z,0.00057594,gen_v3,False
gen:development:mimo:fair:032,Pcc1b5661153e,development,mimo,fair,,32,3,False,completed,True,ok,THTTHTTHHHTHTTTHHTHH,False,stop,2026-10-08T10:33:14.226171Z,0.00032799,gen_v3,True
gen:development:mimo:fair:033,Peb1bffc23619,development,mimo,fair,,33,3,False,completed,False,conflicting_lists,,False,stop,2026-10-08T10:33:22.680023Z,0.00063771,gen_v3,False
gen:development:mimo:fair:034,P7f24cee428dc,development,mimo,fair,,34,3,False,completed,False,truncated_length,,False,length,2026-10-08T10:34:00.758454Z,0.00348696,gen_v3,False
gen:development:mimo:fair:035,P52dea007e71a,development,mimo,fair,,35,3,False,completed,True,ok,HHTHTHHHTHTHTHHTHHTH,False,stop,2026-10-08T10:33:26.036443Z,0.00019053,gen_v3,True
gen:development:mimo:fair:036,Pcfc219876a6e,development,mimo,fair,,36,3,False,completed,True,ok,HHTTTHTHHTTTHHTTHTTH,False,stop,2026-10-08T10:33:11.304075Z,0.00060552,gen_v3,True
gen:development:mimo:fair:037,P34b1866a3070,development,mimo,fair,,37,3,False,completed,False,wrong_length,,False,stop,2026-10-08T10:33:30.124102Z,0.00079431,gen_v3,False
gen:development:mimo:fair:038,P101467d8ffeb,development,mimo,fair,,38,3,False,completed,True,ok,HTTHHHTTHTTTHHTTHTHT,False,stop,2026-10-08T10:33:38.728282Z,0.00102051,gen_v3,True
gen:development:mimo:fair:039,Pe2f5a5d7452b,development,mimo,fair,,39,3,False,completed,False,conflicting_lists,,False,stop,2026-10-08T10:33:01.801049Z,0.00042456,gen_v3,False
gen:development:mimo:fair:040,Pd2e0caffa711,development,mimo,fair,,40,4,False,completed,False,no_list,,False,stop,2026-10-08T10:34:35.887679Z,0.0002436,gen_v3,False
gen:development:mimo:fair:041,P66553bc3bd1c,development,mimo,fair,,41,4,False,completed,False,wrong_length,,False,stop,2026-10-08T10:34:30.395836Z,0.00044892,gen_v3,False
gen:development:mimo:fair:042,P539df13b98a4,development,mimo,fair,,42,4,False,completed,True,ok,HTTHTHTTHHTTHHTTTHTT,False,stop,2026-10-08T10:34:20.988353Z,0.00032712,gen_v3,True
gen:development:mimo:fair:043,P4cc42c0bedb4,development,mimo,fair,,43,4,False,completed,True,ok,HTHHTTHHHHTHTTHHTHHT,False,stop,2026-10-08T10:34:23.033653Z,7.917e-05,gen_v3,True
gen:development:mimo:fair:044,P12ed8c0b9b82,development,mimo,fair,,44,4,False,completed,True,ok,HTTHHTHTTTHHTTHHHTHT,True,stop,2026-10-08T10:34:25.814178Z,0.00047241,gen_v3,True
gen:development:mimo:fair:045,P4d9ffbdda18e,development,mimo,fair,,45,4,False,completed,False,no_list,,False,stop,2026-10-08T10:34:12.499081Z,0.00081867,gen_v3,False
gen:development:mimo:fair:046,Pa645fc60c316,development,mimo,fair,,46,4,False,completed,False,wrong_length,,False,stop,2026-10-08T10:34:43.239088Z,0.00067773,gen_v3,False
gen:development:mimo:fair:047,P0deffab57875,development,mimo,fair,,47,4,False,completed,True,ok,HHTTTHTHHHTTHHTTTHHT,False,stop,2026-10-08T10:34:22.424405Z,0.00052113,gen_v3,True
gen:development:mimo:fair:048,P677f51d7849a,development,mimo,fair,,48,4,False,completed,False,no_list,,False,stop,2026-10-08T10:34:11.106242Z,0.00040281,gen_v3,False
gen:development:mimo:fair:049,Pd8398b0a1be3,development,mimo,fair,,49,4,False,completed,False,no_list,,False,stop,2026-10-08T10:34:42.080208Z,0.00078039,gen_v3,False
gen:development:mimo:fair:050,P29b676e9a478,development,mimo,fair,,50,5,False,completed,False,no_list,,False,stop,2026-10-08T10:35:00.679777Z,0.00072645,gen_v3,False
gen:development:mimo:fair:051,P89b54533bca1,development,mimo,fair,,51,5,False,completed,True,ok,HTTHHTHTTTHTHHHTHTHT,False,stop,2026-10-08T10:35:27.871748Z,0.0009744,gen_v3,True
gen:development:mimo:fair:052,P5f754207a3ea,development,mimo,fair,,52,5,False,completed,True,ok,HTHHTTTHTHTTHHTHTHTT,False,stop,2026-10-08T10:35:04.004994Z,0.0001305,gen_v3,True
gen:development:mimo:fair:053,P105246426604,development,mimo,fair,,53,5,False,completed,True,ok,HTTHTHHHTHTTTHTTHHTT,False,stop,2026-10-08T10:35:08.288975Z,0.00024099,gen_v3,True
gen:development:mimo:fair:054,Pd9831b863612,development,mimo,fair,,54,5,False,completed,True,ok,HTTHHTHHHTTHTTHTHTTH,False,stop,2026-10-08T10:34:56.554207Z,0.00039585,gen_v3,True
gen:development:mimo:fair:055,P6caeb0e7a662,development,mimo,fair,,55,5,False,completed,False,conflicting_lists,,False,stop,2026-10-08T10:35:40.875472Z,0.00055941,gen_v3,False
gen:development:mimo:fair:056,P4a74e0dde96c,development,mimo,fair,,56,5,False,completed,True,ok,TTHHTHTTHTHHTTHTHTHH,False,stop,2026-10-08T10:35:48.260205Z,0.00090567,gen_v3,True
gen:development:mimo:fair:057,P59d0ac1d73ed,development,mimo,fair,,57,5,False,completed,True,ok,HTHHTTHTHHTTHTTHHTHT,False,stop,2026-10-08T10:35:16.617023Z,0.0004263,gen_v3,True
gen:development:mimo:fair:058,P24fa24b6076a,development,mimo,fair,,58,5,False,completed,False,no_list,,False,stop,2026-10-08T10:35:46.621109Z,0.0004437,gen_v3,False
gen:development:mimo:fair:059,Pe158fd132fd0,development,mimo,fair,,59,5,False,completed,False,no_list,,False,stop,2026-10-08T10:34:56.795976Z,0.00046893,gen_v3,False
gen:development:mimo:plain:000,P57b69a0b6f01,development,mimo,plain,,0,0,True,completed,True,ok,HTHHTHHTHTTHTHHTHTHH,False,stop,2026-10-08T10:28:57.049764Z,5.5245e-05,gen_v3,True
gen:development:mimo:plain:001,P1e1c37827bab,development,mimo,plain,,1,0,True,completed,True,ok,HTHHTTHTHHTHHTHTTHHT,False,stop,2026-10-08T10:28:46.096047Z,7.9605e-05,gen_v3,True
gen:development:mimo:plain:002,Pe8ea5268140b,development,mimo,plain,,2,0,True,completed,True,ok,HTHHTHTHTHHTTHHHTTHT,False,stop,2026-10-08T10:28:58.492070Z,7.4385e-05,gen_v3,True
gen:development:mimo:plain:003,P5a05bb9cc152,development,mimo,plain,,3,0,True,completed,True,ok,HTTHTTHHTTTHTHHTHTTH,False,stop,2026-10-08T10:28:52.009845Z,0.000135285,gen_v3,True
gen:development:mimo:plain:004,P628d25b91b11,development,mimo,plain,,4,0,True,completed,True,ok,THHTHHHTHHTTHTHHHTHH,False,stop,2026-10-08T10:28:50.403124Z,6.8295e-05,gen_v3,True
gen:development:mimo:plain:005,P03e4febc0c66,development,mimo,plain,,5,0,False,completed,True,ok,THHTHHTTTHHTTHHHTTHT,False,stop,2026-10-08T10:30:17.288047Z,8.8305e-05,gen_v3,True
gen:development:mimo:plain:006,P68fbf7537faf,development,mimo,plain,,6,0,False,completed,True,ok,HTTHHTHHTTHTHTHHTHHT,False,stop,2026-10-08T10:30:05.342381Z,6.9165e-05,gen_v3,True
gen:development:mimo:plain:007,P651c7d9897d3,development,mimo,plain,,7,0,False,completed,True,ok,HTHHTTTHTHHTTHHHTHTT,False,stop,2026-10-08T10:30:07.636631Z,0.000159645,gen_v3,True
gen:development:mimo:plain:008,P3191595d9a8a,development,mimo,plain,,8,0,False,completed,True,ok,HTTTHHTHTTHTTHTTHTHT,False,stop,2026-10-08T10:30:14.047651Z,0.000144855,gen_v3,True
gen:development:mimo:plain:009,P562a9e6cd623,development,mimo,plain,,9,0,False,completed,True,ok,HTHHTTTHHTHTHHTHTTHT,False,stop,2026-10-08T10:30:12.587016Z,0.000143985,gen_v3,True
gen:development:mimo:plain:010,P0f223169db44,development,mimo,plain,,10,1,False,completed,False,no_list,,False,stop,2026-10-08T10:31:19.569228Z,9.6135e-05,gen_v3,False
gen:development:mimo:plain:011,P9e3d3400a2a2,development,mimo,plain,,11,1,False,completed,False,wrong_length,,False,stop,2026-10-08T10:31:21.162010Z,9.6135e-05,gen_v3,False
gen:development:mimo:plain:012,Pa0ad3c94e254,development,mimo,plain,,12,1,False,completed,True,ok,HTHHTTTHHHTHTHTTHHTH,False,stop,2026-10-08T10:31:02.179628Z,0.000180525,gen_v3,True
gen:development:mimo:plain:013,P9ab6a04e55ca,development,mimo,plain,,13,1,False,completed,True,ok,HTHHTTHTHHHTHTTHTHHT,False,stop,2026-10-08T10:31:22.407198Z,6.3075e-05,gen_v3,True
gen:development:mimo:plain:014,Ped5db9109256,development,mimo,plain,,14,1,False,completed,True,ok,THHTTHHTTHTHHTHHTTTH,False,stop,2026-10-08T10:30:46.589885Z,6.3075e-05,gen_v3,True
gen:development:mimo:plain:015,Pb6fc11fbe9bc,development,mimo,plain,,15,1,False,completed,False,no_list,,False,stop,2026-10-08T10:31:07.766765Z,1.0005e-05,gen_v3,False
gen:development:mimo:plain:016,Pd23aff7052ec,development,mimo,plain,,16,1,False,completed,True,ok,HTHHTTHTTHHTHTHTTHHT,False,stop,2026-10-08T10:31:28.259613Z,9.0045e-05,gen_v3,True
gen:development:mimo:plain:017,P82eadef0cebf,development,mimo,plain,,17,1,False,completed,True,ok,HTHHTTHTHHTHTTHTHHTT,False,stop,2026-10-08T10:30:46.145971Z,5.5245e-05,gen_v3,True
gen:development:mimo:plain:018,P47cf70ad9a8e,development,mimo,plain,,18,1,False,completed,True,ok,HTTHHTHHTTHHTHTTHHHT,False,stop,2026-10-08T10:31:30.613000Z,5.5245e-05,gen_v3,True
gen:development:mimo:plain:019,P52692f9d5c91,development,mimo,plain,,19,1,False,completed,True,ok,THTTHHHTHTHTTHHTHHTH,False,stop,2026-10-08T10:30:47.864023Z,9.5265e-05,gen_v3,True
gen:development:mimo:plain:020,P2412fe57af40,development,mimo,plain,,20,2,False,completed,True,ok,TTHHTTHHHTTHTTHHHTHT,False,stop,2026-10-08T10:32:26.479071Z,6.7425e-05,gen_v3,True
gen:development:mimo:plain:021,P08f3995557ce,development,mimo,plain,,21,2,False,completed,True,ok,HTTHTHTTHHTHTTHHTTHH,False,stop,2026-10-08T10:32:01.866877Z,6.3945e-05,gen_v3,True
gen:development:mimo:plain:022,P0467e868fb3b,development,mimo,plain,,22,2,False,completed,True,ok,HHTHTTHHHTHHTHTHTTHT,False,stop,2026-10-08T10:32:00.113861Z,7.1775e-05,gen_v3,True
gen:development:mimo:plain:023,Pd73b9f743877,development,mimo,plain,,23,2,False,completed,True,ok,HTHHTTHTHHTTTHHTHHTH,False,stop,2026-10-08T10:32:44.953318Z,0.000131805,gen_v3,True
gen:development:mimo:plain:024,P66d0c7004ae3,development,mimo,plain,,24,2,False,completed,True,ok,TTHTHTTHHTHTHTTHTHTH,False,stop,2026-10-08T10:32:09.494958Z,0.000138765,gen_v3,True
gen:development:mimo:plain:025,Pd689e861e1e8,development,mimo,plain,,25,2,False,completed,True,ok,HTHTHHTTHTHTTHHTHTTH,False,stop,2026-10-08T10:32:22.727865Z,0.000150075,gen_v3,True
gen:development:mimo:plain:026,P256e23f477cf,development,mimo,plain,,26,2,False,completed,True,ok,THHTHTTHHHTHHHTHTTHT,False,stop,2026-10-08T10:31:59.509931Z,0.000124845,gen_v3,True
gen:development:mimo:plain:027,P8144873a2a68,development,mimo,plain,,27,2,False,completed,True,ok,HTTHHTTTHHTHHHTTHTHT,False,stop,2026-10-08T10:32:25.063952Z,0.000134415,gen_v3,True
gen:development:mimo:plain:028,Pa5dafbf8cb5d,development,mimo,plain,,28,2,False,completed,True,ok,THTTHHHTHTTTHTHHTHTH,False,stop,2026-10-08T10:32:18.162094Z,9.7875e-05,gen_v3,True
gen:development:mimo:plain:029,Pc875055e766c,development,mimo,plain,,29,2,False,completed,True,ok,HTTHHTHHTHTHTTHTTHTT,False,stop,2026-10-08T10:32:18.388783Z,6.6555e-05,gen_v3,True
gen:development:mimo:plain:030,P1163e509d7af,development,mimo,plain,,30,3,False,completed,True,ok,HTTHHTHTTHTHTHTTHTHH,False,stop,2026-10-08T10:33:40.030233Z,9.0915e-05,gen_v3,True
gen:development:mimo:plain:031,Pa15d6fdc0a90,development,mimo,plain,,31,3,False,completed,True,ok,HTHHTTHHHTHTTHTHTHTT,True,stop,2026-10-08T10:33:09.795899Z,0.000181395,gen_v3,True
gen:development:mimo:plain:032,Pd365e465fcee,development,mimo,plain,,32,3,False,completed,True,ok,HTTHHTHTTHHHTTHTHHTH,False,stop,2026-10-08T10:33:48.032030Z,0.000134415,gen_v3,True
gen:development:mimo:plain:033,Pd7738ee3bdea,development,mimo,plain,,33,3,False,completed,True,ok,TTHHHTTHTHHTHTTHHHTH,False,stop,2026-10-08T10:32:58.714660Z,6.4815e-05,gen_v3,True
gen:development:mimo:plain:034,P6bf6866b4af0,development,mimo,plain,,34,3,False,completed,True,ok,TTHHTHHHTTHTHHTHTTHH,False,stop,2026-10-08T10:33:01.601858Z,0.000100485,gen_v3,True
gen:development:mimo:plain:035,P662812010e5b,development,mimo,plain,,35,3,False,completed,True,ok,TTHHTHTTHHTHHTHTHHTT,False,stop,2026-10-08T10:33:32.644070Z,9.6135e-05,gen_v3,True
gen:development:mimo:plain:036,Pc16b8556005a,development,mimo,plain,,36,3,False,completed,True,ok,HTHHTTHTTHTHHTHTHHTH,False,stop,2026-10-08T10:32:54.263041Z,0.000125715,gen_v3,True
gen:development:mimo:plain:037,P58792d6456ba,development,mimo,plain,,37,3,False,completed,True,ok,HTHHTTHTHTTHHTTHTHTH,False,stop,2026-10-08T10:32:53.648746Z,5.6985e-05,gen_v3,True
gen:development:mimo:plain:038,Pc4bde03739b4,development,mimo,plain,,38,3,False,completed,False,no_list,,False,stop,2026-10-08T10:32:51.886830Z,0.000123105,gen_v3,False
gen:development:mimo:plain:039,Pd2ac8d8b8728,development,mimo,plain,,39,3,False,completed,True,ok,HHTTHTHHHTTHTTHHTHHT,False,stop,2026-10-08T10:33:36.863083Z,0.000158775,gen_v3,True
gen:development:mimo:plain:040,P854a44a7f3a8,development,mimo,plain,,40,4,False,completed,True,ok,HTTHTHHTTHTHTHTTHHTT,False,stop,2026-10-08T10:34:23.927394Z,0.000127455,gen_v3,True
gen:development:mimo:plain:041,P1cee3527837c,development,mimo,plain,,41,4,False,completed,True,ok,HTHHTTHTTHTHTTHHHTHH,False,stop,2026-10-08T10:34:10.382974Z,5.6985e-05,gen_v3,True
gen:development:mimo:plain:042,Pfc0bf4bd68aa,development,mimo,plain,,42,4,False,completed,True,ok,HTHTTHTHHHTTTHHTHTTH,False,stop,2026-10-08T10:34:40.559527Z,0.000161385,gen_v3,True
gen:development:mimo:plain:043,Pf0c16e7b6abe,development,mimo,plain,,43,4,False,completed,True,ok,HTHTTHHTHHTTHTHTTHHT,False,stop,2026-10-08T10:34:39.641061Z,0.000164865,gen_v3,True
gen:development:mimo:plain:044,P9654dab47d00,development,mimo,plain,,44,4,False,completed,True,ok,THTHHTHTHHTHTHHTHTHH,False,stop,2026-10-08T10:34:40.409030Z,9.0045e-05,gen_v3,True
gen:development:mimo:plain:045,Pc8906df62e65,development,mimo,plain,,45,4,False,completed,True,ok,HTHHTTHTHTHHTTHHTHTT,True,stop,2026-10-08T10:34:07.441943Z,0.000148335,gen_v3,True
gen:development:mimo:plain:046,P2105a3e8e556,development,mimo,plain,,46,4,False,completed,True,ok,THHTHTTHHHTTHTHHTTHT,True,stop,2026-10-08T10:34:31.576756Z,0.000197925,gen_v3,True
gen:development:mimo:plain:047,P4367b64ac9f7,development,mimo,plain,,47,4,False,completed,True,ok,HTHHTHHHTTHHTHTHTHHH,False,stop,2026-10-08T10:34:13.354856Z,7.5255e-05,gen_v3,True
gen:development:mimo:plain:048,Pa9b4775dc8e1,development,mimo,plain,,48,4,False,completed,True,ok,HTTHHHTHTTHTHHTTTHHT,False,stop,2026-10-08T10:34:13.867852Z,0.000162255,gen_v3,True
gen:development:mimo:plain:049,Pf26ff4977054,development,mimo,plain,,49,4,False,completed,True,ok,THHTHTTHHHTHTTHHHTHT,False,stop,2026-10-08T10:34:04.554963Z,0.000142245,gen_v3,True
gen:development:mimo:plain:050,P4b89578f9857,development,mimo,plain,,50,5,False,completed,True,ok,THHHHHTHTTHHTHHHHTHT,False,stop,2026-10-08T10:35:10.126948Z,8.1345e-05,gen_v3,True
gen:development:mimo:plain:051,P9c16a5a8030d,development,mimo,plain,,51,5,False,completed,True,ok,HTHTHTTHTHTTHHTTHHTT,False,stop,2026-10-08T10:35:02.493750Z,4.8285e-05,gen_v3,True
gen:development:mimo:plain:052,P990d7cd26e95,development,mimo,plain,,52,5,False,completed,True,ok,HTHHTTTHHHTTHTHTHHTT,False,stop,2026-10-08T10:34:47.415171Z,0.000131805,gen_v3,True
gen:development:mimo:plain:053,Pf798720c536e,development,mimo,plain,,53,5,False,completed,True,ok,HTTHTHHHTTHTTHTHHTTH,True,stop,2026-10-08T10:35:13.287084Z,0.000190095,gen_v3,True
gen:development:mimo:plain:054,P240bcb379931,development,mimo,plain,,54,5,False,completed,True,ok,HTHHTTTHHTHTTHHHTTHT,False,stop,2026-10-08T10:34:57.502060Z,0.000115275,gen_v3,True
gen:development:mimo:plain:055,P1e0ca55b3dbd,development,mimo,plain,,55,5,False,completed,True,ok,THHTHTTHHHHTHHTHHTTH,False,stop,2026-10-08T10:35:11.394008Z,7.0905e-05,gen_v3,True
gen:development:mimo:plain:056,P96190cf4f1a7,development,mimo,plain,,56,5,False,completed,True,ok,HTHHTTHTHTTHHHTHTTHT,False,stop,2026-10-08T10:35:01.478109Z,0.000197925,gen_v3,True
gen:development:mimo:plain:057,P090ec2464008,development,mimo,plain,,57,5,False,completed,True,ok,HTHHTTTHHTHTHHTTHTHH,False,stop,2026-10-08T10:35:09.589485Z,0.000142245,gen_v3,True
gen:development:mimo:plain:058,P92105e9225a2,development,mimo,plain,,58,5,False,completed,True,ok,HTHHTHHTTTHHTHHTHHTH,False,stop,2026-10-08T10:35:22.157983Z,9.4395e-05,gen_v3,True
gen:development:mimo:plain:059,P283247376bd0,development,mimo,plain,,59,5,False,completed,True,ok,HTTHHTHHTTTHTHTTHTTH,False,stop,2026-10-08T10:34:48.866104Z,7.0905e-05,gen_v3,True
hist:holdout:fair:t0.0:000,H293f14059602,holdout,gpt35_0613,fair,0.0,0,0,False,completed,True,ok,HTHHTHTHTHTHHTHTHTHT,False,stop,2026-10-08T10:53:40.256077Z,0.000263,gen_v3,True
hist:holdout:fair:t0.0:001,Ha8bb2370f3bd,holdout,gpt35_0613,fair,0.0,1,0,False,completed,True,ok,HTHHTHTHTHTHHTHTHTHT,False,stop,2026-10-08T10:53:43.428844Z,0.000263,gen_v3,True
hist:holdout:fair:t0.0:002,Hd7988765b892,holdout,gpt35_0613,fair,0.0,2,0,False,completed,True,ok,HTHHTHTHTHTHHTHTHTHT,False,stop,2026-10-08T10:53:42.437765Z,0.000263,gen_v3,True
hist:holdout:fair:t0.0:003,H4f28a3b1515a,holdout,gpt35_0613,fair,0.0,3,0,False,completed,True,ok,HTHHTHTTHTHHTHTHTHTH,False,stop,2026-10-08T10:53:43.227893Z,0.000263,gen_v3,True
hist:holdout:fair:t0.0:004,Hffcfa24f0f15,holdout,gpt35_0613,fair,0.0,4,1,False,completed,True,ok,HTHHTHTHTHTHHTHTHTHT,False,stop,2026-10-08T10:53:51.655847Z,0.000263,gen_v3,True
hist:holdout:fair:t0.0:005,H28da081f244f,holdout,gpt35_0613,fair,0.0,5,1,False,completed,True,ok,HTHHTHTTHTHHTHTHTHTH,False,stop,2026-10-08T10:53:54.219892Z,0.000263,gen_v3,True
hist:holdout:fair:t0.0:006,H9c0df8dce9c6,holdout,gpt35_0613,fair,0.0,6,1,False,completed,True,ok,HTHHTHTHTHTHHTHTHTHT,False,stop,2026-10-08T10:53:50.849735Z,0.000263,gen_v3,True
hist:holdout:fair:t0.0:007,Hd79f61604079,holdout,gpt35_0613,fair,0.0,7,1,False,completed,True,ok,HTHHTHTHTHTHHTHTHTHT,False,stop,2026-10-08T10:53:46.887902Z,0.000263,gen_v3,True
hist:holdout:fair:t0.0:008,H8db02776b584,holdout,gpt35_0613,fair,0.0,8,2,False,completed,True,ok,HTHHTHTTHTHHTHTHTHTH,False,stop,2026-10-08T10:54:03.556996Z,0.000263,gen_v3,True
hist:holdout:fair:t0.0:009,Hfcc2e13754d7,holdout,gpt35_0613,fair,0.0,9,2,False,completed,True,ok,HTHHTHTHTHTHHTHTHTHT,False,stop,2026-10-08T10:54:03.048998Z,0.000261,gen_v3,True
hist:holdout:fair:t0.0:010,H1c3ae2dcd9f7,holdout,gpt35_0613,fair,0.0,10,2,False,completed,True,ok,HTHHTHTHTHTHHTHTHTHT,False,stop,2026-10-08T10:54:05.577805Z,0.000263,gen_v3,True
hist:holdout:fair:t0.0:011,H16d02a224691,holdout,gpt35_0613,fair,0.0,11,2,False,completed,True,ok,HTHHTHTTHTHHTHTHTHTH,False,stop,2026-10-08T10:53:57.170562Z,0.000263,gen_v3,True
hist:holdout:fair:t0.0:012,Hf5b5928a6e98,holdout,gpt35_0613,fair,0.0,12,3,False,completed,True,ok,HTHHTHTTHTHHTHTHTHTH,False,stop,2026-10-08T10:54:15.328137Z,0.000263,gen_v3,True
hist:holdout:fair:t0.0:013,Heaabbd1c1acd,holdout,gpt35_0613,fair,0.0,13,3,False,completed,True,ok,HTHHTHTHTHTHHTHTHTHT,False,stop,2026-10-08T10:54:15.524590Z,0.000263,gen_v3,True
hist:holdout:fair:t0.0:014,Hd24c571e297a,holdout,gpt35_0613,fair,0.0,14,3,False,completed,True,ok,HTHHTHTHTHTHHTHTHTHT,False,stop,2026-10-08T10:54:15.511292Z,0.000263,gen_v3,True
hist:holdout:fair:t0.0:015,H02b684109ac2,holdout,gpt35_0613,fair,0.0,15,3,False,completed,True,ok,HTHHTHTHTHTHHTHTHTHT,False,stop,2026-10-08T10:54:11.852918Z,0.000263,gen_v3,True
hist:holdout:fair:t0.0:016,Hd30f184c7adc,holdout,gpt35_0613,fair,0.0,16,4,False,completed,True,ok,HTHHTHTTHTHHTHTHTHTH,False,stop,2026-10-08T10:54:26.667179Z,0.000263,gen_v3,True
hist:holdout:fair:t0.0:017,H2f433036a637,holdout,gpt35_0613,fair,0.0,17,4,False,completed,True,ok,HTHHTHTTHTHHTHTHTHTH,False,stop,2026-10-08T10:54:28.639183Z,0.000263,gen_v3,True
hist:holdout:fair:t0.0:018,H6892757e04eb,holdout,gpt35_0613,fair,0.0,18,4,False,completed,True,ok,HTHHTHTHTHTHHTHTHTHT,False,stop,2026-10-08T10:54:24.045223Z,0.000261,gen_v3,True
hist:holdout:fair:t0.0:019,H5b9b3c6dc08c,holdout,gpt35_0613,fair,0.0,19,4,False,completed,True,ok,HTHHTHTTHTHHTHTHTHTH,False,stop,2026-10-08T10:54:27.126884Z,0.000263,gen_v3,True
hist:holdout:fair:t0.0:020,H48885595ece4,holdout,gpt35_0613,fair,0.0,20,5,False,completed,True,ok,HTHHTHTHTHTHHTHTHTHT,False,stop,2026-10-08T10:54:36.604837Z,0.000263,gen_v3,True
hist:holdout:fair:t0.0:021,Hd6b8350f4cfd,holdout,gpt35_0613,fair,0.0,21,5,False,completed,True,ok,HTHHTHTTHTHHTHTHTHTH,False,stop,2026-10-08T10:54:45.455001Z,0.000263,gen_v3,True
hist:holdout:fair:t0.0:022,H240085f58fe5,holdout,gpt35_0613,fair,0.0,22,5,False,completed,True,ok,HTHHTHTHTHTHHTHTHTHT,False,stop,2026-10-08T10:54:37.786290Z,0.000263,gen_v3,True
hist:holdout:fair:t0.0:023,H350f575b7f71,holdout,gpt35_0613,fair,0.0,23,5,False,completed,True,ok,HTHHTHTTHHTHTHTHHTHT,False,stop,2026-10-08T10:54:38.384260Z,0.000263,gen_v3,True
hist:holdout:fair:t0.8:000,He84f52fd231c,holdout,gpt35_0613,fair,0.8,0,0,False,completed,True,ok,HTHHTHTTHTHHTHTHTHTH,False,stop,2026-10-08T10:53:40.807727Z,0.000267,gen_v3,True
hist:holdout:fair:t0.8:001,Hc8255600b7ea,holdout,gpt35_0613,fair,0.8,1,0,False,completed,True,ok,HTHHTTHTHTHHTHTHTHTH,False,stop,2026-10-08T10:53:40.745750Z,0.000263,gen_v3,True
hist:holdout:fair:t0.8:002,Hd264ef1fb089,holdout,gpt35_0613,fair,0.8,2,0,False,completed,True,ok,HTHHTHTTHHTHTTHTHHTH,False,stop,2026-10-08T10:53:39.502592Z,0.000261,gen_v3,True
hist:holdout:fair:t0.8:003,H284e2e45f58d,holdout,gpt35_0613,fair,0.8,3,0,False,completed,True,ok,HTHTHHTTHHTHTHTHTHTH,False,stop,2026-10-08T10:53:39.048839Z,0.000273,gen_v3,True
hist:holdout:fair:t0.8:004,He1cff698dedd,holdout,gpt35_0613,fair,0.8,4,1,False,completed,True,ok,HTHHTTHTHHTHTHTTHTHT,False,stop,2026-10-08T10:53:47.153920Z,0.000265,gen_v3,True
hist:holdout:fair:t0.8:005,H18aa7655240c,holdout,gpt35_0613,fair,0.8,5,1,False,completed,True,ok,HTHHTTHTHTHHTHTHTHTH,False,stop,2026-10-08T10:53:49.360925Z,0.000257,gen_v3,True
hist:holdout:fair:t0.8:006,H4f159bafa951,holdout,gpt35_0613,fair,0.8,6,1,False,completed,True,ok,HTHHTHTHTHHTHTTHTHTH,False,stop,2026-10-08T10:53:45.134564Z,0.000265,gen_v3,True
hist:holdout:fair:t0.8:007,Ha72e3d5817c1,holdout,gpt35_0613,fair,0.8,7,1,False,completed,True,ok,HTHHTTHTHTHHTTHTTHHT,False,stop,2026-10-08T10:53:55.086311Z,0.000245,gen_v3,True
hist:holdout:fair:t0.8:008,H1ca0ec883a93,holdout,gpt35_0613,fair,0.8,8,2,False,completed,True,ok,HTHHTHTHTHHTHTHHTHTH,False,stop,2026-10-08T10:54:02.987736Z,0.000261,gen_v3,True
hist:holdout:fair:t0.8:009,H5334f4c06032,holdout,gpt35_0613,fair,0.8,9,2,False,completed,True,ok,HTHHTTHTHTHHTHTTHTHT,False,stop,2026-10-08T10:54:07.657080Z,0.000265,gen_v3,True
hist:holdout:fair:t0.8:010,Hbd4637f3f9ed,holdout,gpt35_0613,fair,0.8,10,2,False,completed,True,ok,HTHHTHTHTTHTHHTHTHTH,False,stop,2026-10-08T10:54:04.692342Z,0.000265,gen_v3,True
hist:holdout:fair:t0.8:011,H5dca3af9d3b9,holdout,gpt35_0613,fair,0.8,11,2,False,completed,True,ok,HTHHTHTTHTHHTTHTHHTH,False,stop,2026-10-08T10:54:01.990566Z,0.000277,gen_v3,True
hist:holdout:fair:t0.8:012,Ha33cad0d8515,holdout,gpt35_0613,fair,0.8,12,3,False,completed,True,ok,HTHHTTHTHTHTHHTHTHTH,False,stop,2026-10-08T10:54:09.442758Z,0.000265,gen_v3,True
hist:holdout:fair:t0.8:013,H12115cf1ef12,holdout,gpt35_0613,fair,0.8,13,3,False,completed,True,ok,HTHTHHTHTTHHTHTTHTHT,False,stop,2026-10-08T10:54:14.927062Z,0.000259,gen_v3,True
hist:holdout:fair:t0.8:014,H1711e43b9aaa,holdout,gpt35_0613,fair,0.8,14,3,False,completed,True,ok,HTHHTTHTHHTHTTHHTTHT,False,stop,2026-10-08T10:54:20.822313Z,0.000291,gen_v3,True
hist:holdout:fair:t0.8:015,H34b1ed6a3518,holdout,gpt35_0613,fair,0.8,15,3,False,completed,True,ok,HTHHTTHTHHTHTHTHTHTH,False,stop,2026-10-08T10:54:11.132159Z,0.000263,gen_v3,True
hist:holdout:fair:t0.8:016,Hc9d7f3912c11,holdout,gpt35_0613,fair,0.8,16,4,False,completed,True,ok,HTHTHHTTHTHHTHTHHTHT,False,stop,2026-10-08T10:54:30.130316Z,0.000297,gen_v3,True
hist:holdout:fair:t0.8:017,Hbd6d609ec4df,holdout,gpt35_0613,fair,0.8,17,4,False,completed,True,ok,HTHHTTHHTHTHTHTHTHTH,False,stop,2026-10-08T10:54:30.604873Z,0.000297,gen_v3,True
hist:holdout:fair:t0.8:018,H10313796123a,holdout,gpt35_0613,fair,0.8,18,4,False,completed,True,ok,HTHHTTHTHHTHTTHHTTHT,False,stop,2026-10-08T10:54:29.878253Z,0.000193,gen_v3,True
hist:holdout:fair:t0.8:019,He96d98eeacf2,holdout,gpt35_0613,fair,0.8,19,4,False,completed,True,ok,HTHHTHTHTHTHHTHTHTHT,False,stop,2026-10-08T10:54:24.081260Z,0.000267,gen_v3,True
hist:holdout:fair:t0.8:020,H97b18d6dc930,holdout,gpt35_0613,fair,0.8,20,5,False,completed,True,ok,THHTHTTHHTHTHTTHTHHT,False,stop,2026-10-08T10:54:36.909025Z,0.000283,gen_v3,True
hist:holdout:fair:t0.8:021,Ha33771083216,holdout,gpt35_0613,fair,0.8,21,5,False,completed,True,ok,HTHHTTHTHHTTHHTHTHTH,False,stop,2026-10-08T10:54:45.345235Z,0.000259,gen_v3,True
hist:holdout:fair:t0.8:022,Ha1482a2b9934,holdout,gpt35_0613,fair,0.8,22,5,False,completed,True,ok,HTHHTHTTHTHHTHTHTHTH,False,stop,2026-10-08T10:54:34.830183Z,0.000261,gen_v3,True
hist:holdout:fair:t0.8:023,H8c5109f8d0e4,holdout,gpt35_0613,fair,0.8,23,5,False,completed,True,ok,HTHHTTHTHHTHTHTHTHTH,False,stop,2026-10-08T10:54:42.104968Z,0.000261,gen_v3,True
hist:holdout:fair:t1.5:000,Ha0569493406c,holdout,gpt35_0613,fair,1.5,0,0,False,completed,True,ok,HTTHHTTHHTHTHHTHTTHH,False,stop,2026-10-08T10:53:41.056069Z,0.000267,gen_v3,True
hist:holdout:fair:t1.5:001,H255e5f419882,holdout,gpt35_0613,fair,1.5,1,0,False,completed,True,ok,HTHTHHTTHHTHHTTHHTHT,False,stop,2026-10-08T10:53:43.467894Z,0.000265,gen_v3,True
hist:holdout:fair:t1.5:002,H7880cb7d8c08,holdout,gpt35_0613,fair,1.5,2,0,False,completed,True,ok,HTHHTTHTHTTHHTTHHTHT,False,stop,2026-10-08T10:53:38.756931Z,0.000193,gen_v3,True
hist:holdout:fair:t1.5:003,H494c32b1d94a,holdout,gpt35_0613,fair,1.5,3,0,False,completed,True,ok,HTHHTTHTHTHHTTTHTHHT,False,stop,2026-10-08T10:53:40.376759Z,0.000231,gen_v3,True
hist:holdout:fair:t1.5:004,H16c329843404,holdout,gpt35_0613,fair,1.5,4,1,False,completed,True,ok,HTHTHHTHTHTHHTHTHHTH,False,stop,2026-10-08T10:53:52.165974Z,0.000261,gen_v3,True
hist:holdout:fair:t1.5:005,H324b4047c90c,holdout,gpt35_0613,fair,1.5,5,1,False,completed,True,ok,HTHHTTHTHTHHTHTTHHTH,False,stop,2026-10-08T10:53:53.580766Z,0.000193,gen_v3,True
hist:holdout:fair:t1.5:006,Ha34acb700192,holdout,gpt35_0613,fair,1.5,6,1,False,completed,True,ok,HTHHTTHTHTHHTHTTHTHT,False,stop,2026-10-08T10:53:50.226520Z,0.000263,gen_v3,True
hist:holdout:fair:t1.5:007,H2e484d87fbe8,holdout,gpt35_0613,fair,1.5,7,1,False,completed,True,ok,HTHHTTHTHHTTHTHTTHHT,False,stop,2026-10-08T10:53:49.653527Z,0.000341,gen_v3,True
hist:holdout:fair:t1.5:008,Hfbb38897b747,holdout,gpt35_0613,fair,1.5,8,2,False,completed,True,ok,HTHHTTHTHHTHTTHHTHTT,False,stop,2026-10-08T10:54:04.421476Z,0.000145,gen_v3,True
hist:holdout:fair:t1.5:009,He7a7bc213a94,holdout,gpt35_0613,fair,1.5,9,2,False,completed,False,no_list,,False,stop,2026-10-08T10:53:57.912905Z,0.000113,gen_v3,False
hist:holdout:fair:t1.5:010,H08e49dfcfa65,holdout,gpt35_0613,fair,1.5,10,2,False,completed,True,ok,HTHHTHTTHTHTHHTHTHTH,False,stop,2026-10-08T10:54:06.180033Z,0.000263,gen_v3,True
hist:holdout:fair:t1.5:011,H56104a3becd0,holdout,gpt35_0613,fair,1.5,11,2,False,completed,True,ok,HTHTHHTTHTHHTTHHTHTT,False,stop,2026-10-08T10:53:59.689977Z,0.000285,gen_v3,True
hist:holdout:fair:t1.5:012,H4665c2388101,holdout,gpt35_0613,fair,1.5,12,3,False,completed,True,ok,HTHTTHHTHTHHTTHHTHTH,False,stop,2026-10-08T10:54:14.115123Z,0.000275,gen_v3,True
hist:holdout:fair:t1.5:013,Hf4d185f7c5ef,holdout,gpt35_0613,fair,1.5,13,3,False,completed,True,ok,HTHHTTHHTHTHHTTHTHHT,False,stop,2026-10-08T10:54:10.303996Z,0.000257,gen_v3,True
hist:holdout:fair:t1.5:014,Hf758fa445a9a,holdout,gpt35_0613,fair,1.5,14,3,False,completed,True,ok,THHTHTTHHTHTHHTTHTHT,False,stop,2026-10-08T10:54:08.988316Z,0.000193,gen_v3,True
hist:holdout:fair:t1.5:015,H2a87de039177,holdout,gpt35_0613,fair,1.5,15,3,False,completed,True,ok,HTHHTHTTHHTHTHTTHTHT,False,stop,2026-10-08T10:54:13.184142Z,0.000263,gen_v3,True
hist:holdout:fair:t1.5:016,Hc27613c01221,holdout,gpt35_0613,fair,1.5,16,4,False,completed,True,ok,HTHTHHTHTHHTTHTHTTHT,False,stop,2026-10-08T10:54:33.102222Z,0.000257,gen_v3,True
hist:holdout:fair:t1.5:017,H3c3363211936,holdout,gpt35_0613,fair,1.5,17,4,False,completed,True,ok,HTHTHTHTTHHTHTHTHHTH,False,stop,2026-10-08T10:54:30.435014Z,0.000267,gen_v3,True
hist:holdout:fair:t1.5:018,H49cc12260382,holdout,gpt35_0613,fair,1.5,18,4,False,completed,True,ok,HTHHTHTHTHTHHTHTTHTH,False,stop,2026-10-08T10:54:28.678805Z,0.000277,gen_v3,True
hist:holdout:fair:t1.5:019,H33f6a454f441,holdout,gpt35_0613,fair,1.5,19,4,False,completed,True,ok,HTHHTTHTHTHHTTHTHHTT,False,stop,2026-10-08T10:54:25.292145Z,0.000237,gen_v3,True
hist:holdout:fair:t1.5:020,Hdfa403647d6c,holdout,gpt35_0613,fair,1.5,20,5,False,completed,True,ok,HTHHTHTTHTHTHHTHTHTH,False,stop,2026-10-08T10:54:42.610952Z,0.000251,gen_v3,True
hist:holdout:fair:t1.5:021,H7fe7f86faf29,holdout,gpt35_0613,fair,1.5,21,5,False,completed,True,ok,HTHHTTHHTTHTHTHHTTHT,False,stop,2026-10-08T10:54:34.669225Z,0.000257,gen_v3,True
hist:holdout:fair:t1.5:022,He45f1bfed80a,holdout,gpt35_0613,fair,1.5,22,5,False,completed,True,ok,HTHHTHTTHTHTHHTHTTHT,False,stop,2026-10-08T10:54:42.139037Z,0.000277,gen_v3,True
hist:holdout:fair:t1.5:023,H5939fcdc8039,holdout,gpt35_0613,fair,1.5,23,5,False,completed,True,ok,HTHHTHTTHTHHTHTTHTHT,False,stop,2026-10-08T10:54:44.880143Z,0.000183,gen_v3,True
hist:holdout:plain:t0.0:000,H52b2332b293a,holdout,gpt35_0613,plain,0.0,0,0,False,completed,True,ok,HTHHTTHTHTHHTHTTHTHT,False,stop,2026-10-08T10:53:40.546970Z,0.000258,gen_v3,True
hist:holdout:plain:t0.0:001,Hd3377f08b547,holdout,gpt35_0613,plain,0.0,1,0,False,completed,True,ok,HTHHTTHTHTHHTHTTHTHT,False,stop,2026-10-08T10:53:42.457700Z,0.000258,gen_v3,True
hist:holdout:plain:t0.0:002,H7fc92f82bc15,holdout,gpt35_0613,plain,0.0,2,0,False,completed,True,ok,HTHHTHTTHTHHTHTHTHTH,False,stop,2026-10-08T10:53:39.474942Z,0.000256,gen_v3,True
hist:holdout:plain:t0.0:003,H1bd69c574a40,holdout,gpt35_0613,plain,0.0,3,0,False,completed,True,ok,HTHHTTHTHTHHTHTTHTHT,False,stop,2026-10-08T10:53:39.488977Z,0.000254,gen_v3,True
hist:holdout:plain:t0.0:004,Hdfeb56422c3a,holdout,gpt35_0613,plain,0.0,4,1,False,completed,True,ok,HTHHTTHTHHTHTTHHTHTH,False,stop,2026-10-08T10:53:53.801941Z,0.000256,gen_v3,True
hist:holdout:plain:t0.0:005,H99c572fa2d7e,holdout,gpt35_0613,plain,0.0,5,1,False,completed,True,ok,HTHHTTHTHHTHTTHHTHTH,False,stop,2026-10-08T10:53:55.621736Z,0.000256,gen_v3,True
hist:holdout:plain:t0.0:006,H0325e96ce9dc,holdout,gpt35_0613,plain,0.0,6,1,False,completed,True,ok,HTHHTTHTHHTHTTHHTHTH,False,stop,2026-10-08T10:53:47.766590Z,0.000246,gen_v3,True
hist:holdout:plain:t0.0:007,Hd3c030553bd5,holdout,gpt35_0613,plain,0.0,7,1,False,completed,True,ok,HTHHTHTTHTHHTHTHTHTH,False,stop,2026-10-08T10:53:54.836045Z,0.000256,gen_v3,True
hist:holdout:plain:t0.0:008,H5605c6f438e7,holdout,gpt35_0613,plain,0.0,8,2,False,completed,True,ok,HTHHTTHTHHTHTHTHTHTH,False,stop,2026-10-08T10:54:07.273103Z,0.000258,gen_v3,True
hist:holdout:plain:t0.0:009,Ha313e5c059c2,holdout,gpt35_0613,plain,0.0,9,2,False,completed,True,ok,HTHHTTHTHTHHTHTTHTHT,False,stop,2026-10-08T10:53:58.719425Z,0.000258,gen_v3,True
hist:holdout:plain:t0.0:010,H2cbc78f2534a,holdout,gpt35_0613,plain,0.0,10,2,False,completed,True,ok,HTHHTTHTHTHHTHTTHTHT,False,stop,2026-10-08T10:53:57.132573Z,0.000258,gen_v3,True
hist:holdout:plain:t0.0:011,Hb863a84a0a58,holdout,gpt35_0613,plain,0.0,11,2,False,completed,True,ok,HTHHTTHTHTHHTHTTHTHT,False,stop,2026-10-08T10:53:57.190742Z,0.000254,gen_v3,True
hist:holdout:plain:t0.0:012,Hc7b12927b783,holdout,gpt35_0613,plain,0.0,12,3,False,completed,True,ok,HTHHTTHTHTHHTHTTHTHT,False,stop,2026-10-08T10:54:13.403155Z,0.000258,gen_v3,True
hist:holdout:plain:t0.0:013,H5a2478180a72,holdout,gpt35_0613,plain,0.0,13,3,False,completed,True,ok,HTHHTTHTHTHHTHTTHTHT,False,stop,2026-10-08T10:54:16.880845Z,0.00025,gen_v3,True
hist:holdout:plain:t0.0:014,H5c8eef91a7cf,holdout,gpt35_0613,plain,0.0,14,3,False,completed,True,ok,HTHHTTHTHTHHTHTTHTHT,False,stop,2026-10-08T10:54:20.056076Z,0.000258,gen_v3,True
hist:holdout:plain:t0.0:015,Hc7bafd7b515e,holdout,gpt35_0613,plain,0.0,15,3,False,completed,True,ok,HTHHTTHTHTHHTHTTHTHT,False,stop,2026-10-08T10:54:14.091854Z,0.000248,gen_v3,True
hist:holdout:plain:t0.0:016,H4521702cd6ee,holdout,gpt35_0613,plain,0.0,16,4,False,completed,True,ok,HTHHTTHTHTHHTHTTHTHT,False,stop,2026-10-08T10:54:27.836085Z,0.000248,gen_v3,True
hist:holdout:plain:t0.0:017,Hbc1d41c95fd8,holdout,gpt35_0613,plain,0.0,17,4,False,completed,True,ok,HTHHTTHTHTHHTHTTHTHT,False,stop,2026-10-08T10:54:28.617998Z,0.000254,gen_v3,True
hist:holdout:plain:t0.0:018,H4770fd1730bd,holdout,gpt35_0613,plain,0.0,18,4,False,completed,True,ok,HTHHTTHTHTHHTHTTHTHT,False,stop,2026-10-08T10:54:29.918930Z,0.000254,gen_v3,True
hist:holdout:plain:t0.0:019,H8930ab8d9f43,holdout,gpt35_0613,plain,0.0,19,4,False,completed,True,ok,HTHHTTHTHTHHTHTTHTHT,False,stop,2026-10-08T10:54:26.881219Z,0.000254,gen_v3,True
hist:holdout:plain:t0.0:020,Heffe6ac57ea0,holdout,gpt35_0613,plain,0.0,20,5,False,completed,True,ok,HTHHTTHTHTHHTHTTHTHT,False,stop,2026-10-08T10:54:40.178217Z,0.000254,gen_v3,True
hist:holdout:plain:t0.0:021,H0e1a355d9093,holdout,gpt35_0613,plain,0.0,21,5,False,completed,True,ok,HTHHTHTTHTHHTHTHTHTH,False,stop,2026-10-08T10:54:41.224100Z,0.000254,gen_v3,True
hist:holdout:plain:t0.0:022,H2257ed10e7b4,holdout,gpt35_0613,plain,0.0,22,5,False,completed,True,ok,HTHHTTHTHTHHTHTTHTHT,False,stop,2026-10-08T10:54:38.407851Z,0.00026,gen_v3,True
hist:holdout:plain:t0.0:023,H6b8aa750b746,holdout,gpt35_0613,plain,0.0,23,5,False,completed,True,ok,HTHHTTHTHTHHTHTTHTHT,False,stop,2026-10-08T10:54:43.734378Z,0.000254,gen_v3,True
hist:holdout:plain:t0.8:000,H635d9df3cc1d,holdout,gpt35_0613,plain,0.8,0,0,False,completed,True,ok,HTHHTHTTHTHHTTHHTHTH,False,stop,2026-10-08T10:53:40.743058Z,0.000248,gen_v3,True
hist:holdout:plain:t0.8:001,He918ad312106,holdout,gpt35_0613,plain,0.8,1,0,False,completed,True,ok,HTHHTHTTHHTHTHTHHTHT,False,stop,2026-10-08T10:53:43.260670Z,0.00025,gen_v3,True
hist:holdout:plain:t0.8:002,Heb0b97bae974,holdout,gpt35_0613,plain,0.8,2,0,False,completed,True,ok,HTHHTHTTHHTHTHTHHTHT,False,stop,2026-10-08T10:53:38.918707Z,0.000242,gen_v3,True
hist:holdout:plain:t0.8:003,H27df10a789a4,holdout,gpt35_0613,plain,0.8,3,0,False,completed,True,ok,HTHHTHTTHTHHTHTTHTHT,False,stop,2026-10-08T10:53:42.130031Z,0.000242,gen_v3,True
hist:holdout:plain:t0.8:004,H69f8f4700ab2,holdout,gpt35_0613,plain,0.8,4,1,False,completed,True,ok,HTHTTHHTHTHHTTHTHHTH,False,stop,2026-10-08T10:53:54.527784Z,0.000256,gen_v3,True
hist:holdout:plain:t0.8:005,H4c90aad17a58,holdout,gpt35_0613,plain,0.8,5,1,False,completed,True,ok,HTHHTHTHTHTTHHTHTHTH,False,stop,2026-10-08T10:53:48.611865Z,0.000252,gen_v3,True
hist:holdout:plain:t0.8:006,Hf39e4f559ecb,holdout,gpt35_0613,plain,0.8,6,1,False,completed,True,ok,HTHHTTHTHTHHTHTTHTHT,False,stop,2026-10-08T10:53:54.858907Z,0.000262,gen_v3,True
hist:holdout:plain:t0.8:007,Hd5bfdd636a71,holdout,gpt35_0613,plain,0.8,7,1,False,completed,True,ok,HTHHTHTTHTHHTTHTHTHT,False,stop,2026-10-08T10:53:52.656834Z,0.000258,gen_v3,True
hist:holdout:plain:t0.8:008,H386abefe6e1d,holdout,gpt35_0613,plain,0.8,8,2,False,completed,True,ok,HTHHTTHTHHTHTTHTHHTH,False,stop,2026-10-08T10:53:58.581933Z,0.00025,gen_v3,True
hist:holdout:plain:t0.8:009,H79357731348e,holdout,gpt35_0613,plain,0.8,9,2,False,completed,True,ok,HTHTHHTTHTHHTHTHTHTH,False,stop,2026-10-08T10:54:02.476040Z,0.000248,gen_v3,True
hist:holdout:plain:t0.8:010,Hd38b225db22c,holdout,gpt35_0613,plain,0.8,10,2,False,completed,True,ok,HTHHTHTTHTHHTTHTHHTH,False,stop,2026-10-08T10:53:58.612859Z,0.000244,gen_v3,True
hist:holdout:plain:t0.8:011,Hef64f29d0adc,holdout,gpt35_0613,plain,0.8,11,2,False,completed,True,ok,HTHHTHTTHTHHTHTHTHTH,False,stop,2026-10-08T10:53:57.083743Z,0.000248,gen_v3,True
hist:holdout:plain:t0.8:012,H055ee2791bd7,holdout,gpt35_0613,plain,0.8,12,3,False,completed,True,ok,HTHHTHTTHTHHTHTHHTHT,False,stop,2026-10-08T10:54:13.876079Z,0.00025,gen_v3,True
hist:holdout:plain:t0.8:013,H8cf591aab533,holdout,gpt35_0613,plain,0.8,13,3,False,completed,True,ok,HTHHTTHTHHTHTTHHTHTH,False,stop,2026-10-08T10:54:19.439069Z,0.00024,gen_v3,True
hist:holdout:plain:t0.8:014,H816b319a2f7b,holdout,gpt35_0613,plain,0.8,14,3,False,completed,True,ok,HTHHTTHTHHTHTHTHTTHT,False,stop,2026-10-08T10:54:17.077566Z,0.000258,gen_v3,True
hist:holdout:plain:t0.8:015,H80a5d589c9f2,holdout,gpt35_0613,plain,0.8,15,3,False,completed,True,ok,HTHHTHTTHHTHTHTHTHTH,False,stop,2026-10-08T10:54:16.964615Z,0.000246,gen_v3,True
hist:holdout:plain:t0.8:016,Hc57cc682493e,holdout,gpt35_0613,plain,0.8,16,4,False,completed,True,ok,HTHHTHTTHHTHTHTHTHTH,False,stop,2026-10-08T10:54:25.355096Z,0.000262,gen_v3,True
hist:holdout:plain:t0.8:017,H8e324dd58571,holdout,gpt35_0613,plain,0.8,17,4,False,completed,True,ok,HTHHTHTTHTHHTHTHTTHT,False,stop,2026-10-08T10:54:28.747180Z,0.000254,gen_v3,True
hist:holdout:plain:t0.8:018,H2799c3271226,holdout,gpt35_0613,plain,0.8,18,4,False,completed,True,ok,HTHHTHTTHTHTHHTHTHTH,False,stop,2026-10-08T10:54:31.284061Z,0.000256,gen_v3,True
hist:holdout:plain:t0.8:019,Hbb7f2312766c,holdout,gpt35_0613,plain,0.8,19,4,False,completed,True,ok,HTHTHHTTHTHHTTHTHHTH,False,stop,2026-10-08T10:54:27.139728Z,0.000252,gen_v3,True
hist:holdout:plain:t0.8:020,H11ff59e85df2,holdout,gpt35_0613,plain,0.8,20,5,False,completed,True,ok,HTHHTHTTHTHHTHTTHTHT,False,stop,2026-10-08T10:54:42.417937Z,0.000246,gen_v3,True
hist:holdout:plain:t0.8:021,H1981bc555379,holdout,gpt35_0613,plain,0.8,21,5,False,completed,True,ok,HTHHTTHTHHTHTTHHTHTH,False,stop,2026-10-08T10:54:43.860462Z,0.000248,gen_v3,True
hist:holdout:plain:t0.8:022,H5b234a5d7119,holdout,gpt35_0613,plain,0.8,22,5,False,completed,True,ok,HTHTHHTHTHTHHTTHTHTH,False,stop,2026-10-08T10:54:45.371926Z,0.000252,gen_v3,True
hist:holdout:plain:t0.8:023,Hbc0e31f2eb0f,holdout,gpt35_0613,plain,0.8,23,5,False,completed,True,ok,HTHHTTHTHTHHTTHTHTHT,False,stop,2026-10-08T10:54:34.870799Z,0.000268,gen_v3,True
hist:holdout:plain:t1.5:000,Hc97424249e47,holdout,gpt35_0613,plain,1.5,0,0,False,completed,True,ok,HTHHTTHHTHHTTHTHTHTH,False,stop,2026-10-08T10:53:43.360377Z,0.000244,gen_v3,True
hist:holdout:plain:t1.5:001,H00bc1ce72d4c,holdout,gpt35_0613,plain,1.5,1,0,False,completed,True,ok,HTHTHHTHTHTHHTTHTHTH,False,stop,2026-10-08T10:53:41.967878Z,0.000248,gen_v3,True
hist:holdout:plain:t1.5:002,Hf54eaedf2a57,holdout,gpt35_0613,plain,1.5,2,0,False,completed,True,ok,HTHTHHTHTHTHTHHTTHTH,False,stop,2026-10-08T10:53:43.419913Z,0.000266,gen_v3,True
hist:holdout:plain:t1.5:003,H4f05ada56e3e,holdout,gpt35_0613,plain,1.5,3,0,False,completed,True,ok,HTHHTHTTHTHHTHTTHHTT,False,stop,2026-10-08T10:53:42.146762Z,0.000176,gen_v3,True
hist:holdout:plain:t1.5:004,H2dc27825533a,holdout,gpt35_0613,plain,1.5,4,1,False,completed,True,ok,HTHTHHTTHHTHTTHHHTHT,False,stop,2026-10-08T10:53:50.111651Z,0.000238,gen_v3,True
hist:holdout:plain:t1.5:005,Hf42930b75f33,holdout,gpt35_0613,plain,1.5,5,1,False,completed,True,ok,HTHHTHTHTHTTHTHTHHTH,False,stop,2026-10-08T10:53:54.552087Z,0.000258,gen_v3,True
hist:holdout:plain:t1.5:006,H427e5bed40b2,holdout,gpt35_0613,plain,1.5,6,1,False,completed,True,ok,HTTHHTHTHTHHTTHTHTHT,False,stop,2026-10-08T10:53:47.686908Z,0.00016,gen_v3,True
hist:holdout:plain:t1.5:007,H01d211a86241,holdout,gpt35_0613,plain,1.5,7,1,False,completed,True,ok,HTHTHHTHTTHHTHTTHHTH,False,stop,2026-10-08T10:53:48.060684Z,0.000238,gen_v3,True
hist:holdout:plain:t1.5:008,H57b444ccc372,holdout,gpt35_0613,plain,1.5,8,2,False,completed,True,ok,HTHHTHTHTHTTHTHHTHTH,False,stop,2026-10-08T10:54:05.325005Z,0.000248,gen_v3,True
hist:holdout:plain:t1.5:009,H140748c4519d,holdout,gpt35_0613,plain,1.5,9,2,False,completed,True,ok,HTHHTTHTHHTHTHTTHTHT,False,stop,2026-10-08T10:53:59.949052Z,0.000248,gen_v3,True
hist:holdout:plain:t1.5:010,He664c0233ea4,holdout,gpt35_0613,plain,1.5,10,2,False,completed,True,ok,HTHHTTHTHTHHTTHTHTHT,False,stop,2026-10-08T10:53:59.152243Z,0.000242,gen_v3,True
hist:holdout:plain:t1.5:011,H882c20cac7b7,holdout,gpt35_0613,plain,1.5,11,2,False,completed,True,ok,HTHHTTHTHTHHTHTHTHTH,False,stop,2026-10-08T10:53:57.123518Z,0.000254,gen_v3,True
hist:holdout:plain:t1.5:012,H0e3e289c7e0e,holdout,gpt35_0613,plain,1.5,12,3,False,completed,True,ok,THTHHTTHTTHHTHTHTTHH,False,stop,2026-10-08T10:54:12.238193Z,0.000168,gen_v3,True
hist:holdout:plain:t1.5:013,Hd3bcfd211dd9,holdout,gpt35_0613,plain,1.5,13,3,False,completed,True,ok,HTHHTTHTHHTHTTHHTHTT,False,stop,2026-10-08T10:54:15.073099Z,0.000166,gen_v3,True
hist:holdout:plain:t1.5:014,Hb3238fdf3293,holdout,gpt35_0613,plain,1.5,14,3,False,completed,True,ok,HTHHTHTHTHTHTHTHHTHT,False,stop,2026-10-08T10:54:15.362161Z,0.00025,gen_v3,True
hist:holdout:plain:t1.5:015,H5bff84170835,holdout,gpt35_0613,plain,1.5,15,3,False,completed,True,ok,HTHTHHTTHTHHTTHTHHTH,False,stop,2026-10-08T10:54:18.997093Z,0.000256,gen_v3,True
hist:holdout:plain:t1.5:016,Hc6cad3516094,holdout,gpt35_0613,plain,1.5,16,4,False,completed,True,ok,HTHHTTHTHHTHTTHTHTHT,False,stop,2026-10-08T10:54:22.147792Z,0.00026,gen_v3,True
hist:holdout:plain:t1.5:017,Hf1217146f6d9,holdout,gpt35_0613,plain,1.5,17,4,False,completed,True,ok,HTHTHHTHTHTHTHTHHTHT,False,stop,2026-10-08T10:54:25.344946Z,0.000244,gen_v3,True
hist:holdout:plain:t1.5:018,H1307211d1939,holdout,gpt35_0613,plain,1.5,18,4,False,completed,True,ok,HTHHTTHTHHTHTTHHTHTH,False,stop,2026-10-08T10:54:24.915113Z,0.000164,gen_v3,True
hist:holdout:plain:t1.5:019,Hd0c7b1639838,holdout,gpt35_0613,plain,1.5,19,4,False,completed,True,ok,HTHHTTHTHTHHTHTTHHTH,False,stop,2026-10-08T10:54:23.897627Z,0.000256,gen_v3,True
hist:holdout:plain:t1.5:020,He9d4cf5466f8,holdout,gpt35_0613,plain,1.5,20,5,False,completed,True,ok,HTHHTHTHHTTHHTHTHHTH,False,stop,2026-10-08T10:54:37.902321Z,0.000266,gen_v3,True
hist:holdout:plain:t1.5:021,Hfc91039bafaa,holdout,gpt35_0613,plain,1.5,21,5,False,completed,True,ok,HTHHTHTTHTHHTTHHTTHT,False,stop,2026-10-08T10:54:38.177768Z,0.00026,gen_v3,True
hist:holdout:plain:t1.5:022,He588634153b6,holdout,gpt35_0613,plain,1.5,22,5,False,completed,True,ok,HTHTHHTTHTHTHTHTHHTT,False,stop,2026-10-08T10:54:39.882185Z,0.000264,gen_v3,True
hist:holdout:plain:t1.5:023,Ha8c4dd651707,holdout,gpt35_0613,plain,1.5,23,5,False,completed,True,ok,HTHHTHTTHTHTHHTHTTHT,False,stop,2026-10-08T10:54:39.530248Z,0.00026,gen_v3,True
gen:test:astra:fair:000,P7e2d234eb35f,test,astra,fair,,0,0,False,completed,True,ok,THHTHTTHHHTHTTHTHHTT,False,stop,2026-10-08T10:37:46.986864Z,0.00262,gen_v3,True
gen:test:astra:fair:001,P8a52e2dbb002,test,astra,fair,,1,0,False,completed,True,ok,HTHHTTHTTHHTHTHHTTHT,False,stop,2026-10-08T10:37:59.746048Z,0.00592,gen_v3,True
gen:test:astra:fair:002,P2bc62689bf73,test,astra,fair,,2,0,False,completed,True,ok,THHTHTTHHHTHTTTHTHHH,False,stop,2026-10-08T10:37:52.922550Z,0.00842,gen_v3,True
gen:test:astra:fair:003,P08efdd7d726e,test,astra,fair,,3,0,False,completed,True,ok,HTTHHTHTHHTTTHTHHTTH,False,stop,2026-10-08T10:37:52.021619Z,0.00557,gen_v3,True
gen:test:astra:fair:004,Pbd9a30ecefb0,test,astra,fair,,4,1,False,completed,True,ok,HTTHHHTHTHHTHTTHHHTH,False,stop,2026-10-08T10:38:21.009112Z,0.00832,gen_v3,True
gen:test:astra:fair:005,Pf1ad18af4dc4,test,astra,fair,,5,1,False,completed,True,ok,HTTHHTHTTHHHTHTTHTHT,False,stop,2026-10-08T10:38:15.350949Z,0.00582,gen_v3,True
gen:test:astra:fair:006,P35fe2e518f05,test,astra,fair,,6,1,False,completed,True,ok,HTTHHTHTTTHHTHTHHTTH,False,stop,2026-10-08T10:38:09.990761Z,0.00607,gen_v3,True
gen:test:astra:fair:007,P6e7386996121,test,astra,fair,,7,1,False,completed,True,ok,HTTHHTHTTTHHTHHHTTHT,False,stop,2026-10-08T10:38:07.420027Z,0.00517,gen_v3,True
gen:test:astra:fair:008,P633cce82bfa2,test,astra,fair,,8,2,False,completed,True,ok,HTHHTTHTHHHTTHHTHHTH,False,stop,2026-10-08T10:38:41.339042Z,0.00867,gen_v3,True
gen:test:astra:fair:009,Pf91d12d82d7d,test,astra,fair,,9,2,False,completed,True,ok,HTHHTTHHHTHTTHHTHTHH,False,stop,2026-10-08T10:38:46.396962Z,0.00892,gen_v3,True
gen:test:astra:fair:010,Pdf2b3d9b2d24,test,astra,fair,,10,2,False,completed,True,ok,HTTHHTHTTTHHTHHHTTHH,False,stop,2026-10-08T10:38:38.157065Z,0.00572,gen_v3,True
gen:test:astra:fair:011,P483ac6ab3bf0,test,astra,fair,,11,2,False,completed,True,ok,HTTHHTHTTTHHTHHHTTHT,False,stop,2026-10-08T10:38:36.215908Z,0.00557,gen_v3,True
gen:test:astra:fair:012,P5ca0318e86f9,test,astra,fair,,12,3,False,completed,True,ok,HTTHHTHTTTHHTHHHTTHT,False,stop,2026-10-08T10:39:29.279368Z,0.00527,gen_v3,True
gen:test:astra:fair:013,P6fff31dd7949,test,astra,fair,,13,3,False,completed,True,ok,HTHHTTTHTHHHTHTHHTHT,False,stop,2026-10-08T10:39:22.690885Z,0.00782,gen_v3,True
gen:test:astra:fair:014,Pba7ed2d6d916,test,astra,fair,,14,3,False,completed,True,ok,HTTHHTHTTTHHTHTHHTHH,False,stop,2026-10-08T10:39:29.091656Z,0.00587,gen_v3,True
gen:test:astra:fair:015,Pc434b1c8d803,test,astra,fair,,15,3,False,completed,True,ok,HTTHHTHTHHTTHHHTHTTH,False,stop,2026-10-08T10:39:26.777071Z,0.00552,gen_v3,True
gen:test:astra:fair:016,Pf1091159de0d,test,astra,fair,,16,4,False,completed,True,ok,HTTHHTHTTTHHTHTHHTHH,False,stop,2026-10-08T10:40:06.983769Z,0.00552,gen_v3,True
gen:test:astra:fair:017,P311165b56986,test,astra,fair,,17,4,False,completed,True,ok,HTTHHTHTHHTTHTTHHTHH,False,stop,2026-10-08T10:39:59.431680Z,0.00577,gen_v3,True
gen:test:astra:fair:018,P114313b6e44d,test,astra,fair,,18,4,False,completed,True,ok,HTHHTTTHHTHTHHHTHTTH,False,stop,2026-10-08T10:40:04.193821Z,0.00857,gen_v3,True
gen:test:astra:fair:019,P9333131fafea,test,astra,fair,,19,4,False,completed,True,ok,HTHHTTHTTHHTHTHHTTHH,False,stop,2026-10-08T10:39:59.897103Z,0.00582,gen_v3,True
gen:test:astra:fair:020,Pd25809680f86,test,astra,fair,,20,5,False,completed,True,ok,HTTHHTHTTTHHTHHHTTHH,False,stop,2026-10-08T10:40:29.992308Z,0.00557,gen_v3,True
gen:test:astra:fair:021,Pf2e94fd041d7,test,astra,fair,,21,5,False,completed,True,ok,HTTHHTHTHHTTHTHHTHTH,False,stop,2026-10-08T10:40:26.609255Z,0.00612,gen_v3,True
gen:test:astra:fair:022,Pf70272b70c32,test,astra,fair,,22,5,False,completed,True,ok,HTTHHTHTHHTTHTTHHHTH,False,stop,2026-10-08T10:40:26.818894Z,0.00577,gen_v3,True
gen:test:astra:fair:023,Pbeed48b9831a,test,astra,fair,,23,5,False,completed,True,ok,HTTHHTHTTTHHTHHHTTHH,False,stop,2026-10-08T10:40:35.485211Z,0.00627,gen_v3,True
gen:test:astra:plain:000,P932a30f0b2af,test,astra,plain,,0,0,False,completed,True,ok,HTTHHTHTTTHHTHHTTHTH,False,stop,2026-10-08T10:37:57.102113Z,0.00656,gen_v3,True
gen:test:astra:plain:001,P8a4a199d7c0d,test,astra,plain,,1,0,False,completed,True,ok,HTHHTTHTHHHTTHTHHTHT,False,stop,2026-10-08T10:37:56.445086Z,0.00901,gen_v3,True
gen:test:astra:plain:002,P31c371139df3,test,astra,plain,,2,0,False,completed,True,ok,THHTHTTHHHTHTTHTHHTT,False,stop,2026-10-08T10:37:50.311854Z,0.00301,gen_v3,True
gen:test:astra:plain:003,Pd1d27b041b66,test,astra,plain,,3,0,False,completed,True,ok,HTTHHTHTTTHHTHHHTTHT,False,stop,2026-10-08T10:37:45.852188Z,0.00681,gen_v3,True
gen:test:astra:plain:004,P987914eb2fe5,test,astra,plain,,4,1,False,completed,True,ok,HTHHTTHTHTTHHHTHTTHH,False,stop,2026-10-08T10:38:16.244092Z,0.00611,gen_v3,True
gen:test:astra:plain:005,P339318dfb86f,test,astra,plain,,5,1,False,completed,True,ok,HTTHHTHTTHTHHHTTHTHH,False,stop,2026-10-08T10:38:06.383837Z,0.00651,gen_v3,True
gen:test:astra:plain:006,Pde0906d9007c,test,astra,plain,,6,1,False,completed,True,ok,HTTHHTHTTTHHTHHTHTHT,False,stop,2026-10-08T10:38:09.733785Z,0.00586,gen_v3,True
gen:test:astra:plain:007,P48b6ce201a09,test,astra,plain,,7,1,False,completed,True,ok,HTTHHTHTTTHHTHTHHTHT,False,stop,2026-10-08T10:38:09.939004Z,0.00631,gen_v3,True
gen:test:astra:plain:008,Pf912b277130e,test,astra,plain,,8,2,False,completed,True,ok,HTTHHTHTTTHHTHHHTHTH,False,stop,2026-10-08T10:38:38.980229Z,0.00521,gen_v3,True
gen:test:astra:plain:009,Pc8c003cfff1f,test,astra,plain,,9,2,False,completed,True,ok,HTHHTTHTHTTHHTHHTTHT,False,stop,2026-10-08T10:38:51.415335Z,0.00586,gen_v3,True
gen:test:astra:plain:010,P252befd2665e,test,astra,plain,,10,2,False,completed,True,ok,HTTHHTHTHHTTHTHHTTHH,False,stop,2026-10-08T10:38:35.613045Z,0.00696,gen_v3,True
gen:test:astra:plain:011,P677417766022,test,astra,plain,,11,2,False,completed,True,ok,HTHHTTHTHTTHHTHHTTHT,False,stop,2026-10-08T10:38:35.246085Z,0.00666,gen_v3,True
gen:test:astra:plain:012,P8d5c033a6c9d,test,astra,plain,,12,3,False,completed,True,ok,HTHHTTHTTHHTHTHHTTHT,False,stop,2026-10-08T10:39:12.094128Z,0.00591,gen_v3,True
gen:test:astra:plain:013,Pc59a35412461,test,astra,plain,,13,3,False,completed,True,ok,HTTHHTHTTHHHTTHTHHTH,False,stop,2026-10-08T10:39:17.896363Z,0.00661,gen_v3,True
gen:test:astra:plain:014,P1fbe776671a1,test,astra,plain,,14,3,False,completed,True,ok,HTHHTTHTHTTHHHTHTTHH,False,stop,2026-10-08T10:39:11.755022Z,0.00556,gen_v3,True
gen:test:astra:plain:015,P482e641d1ec6,test,astra,plain,,15,3,False,completed,True,ok,HTHHTTHTHTTHHHTHTTHT,False,stop,2026-10-08T10:39:12.502309Z,0.00726,gen_v3,True
gen:test:astra:plain:016,Pf340370ed9c4,test,astra,plain,,16,4,False,completed,True,ok,HTTHHTHTTHHHTTHTHHTH,False,stop,2026-10-08T10:40:04.777239Z,0.00561,gen_v3,True
gen:test:astra:plain:017,Pf414edc880f7,test,astra,plain,,17,4,False,completed,True,ok,HTTHHTHHTHTTHTHHTHTH,False,stop,2026-10-08T10:39:58.139019Z,0.00671,gen_v3,True
gen:test:astra:plain:018,Pbe2c91a32679,test,astra,plain,,18,4,False,completed,True,ok,HTHHTTHTHTTHHHTHTTHT,False,stop,2026-10-08T10:40:01.343883Z,0.00631,gen_v3,True
gen:test:astra:plain:019,P9f41bf196202,test,astra,plain,,19,4,False,completed,True,ok,HHTHTTHHHTHTHHTTHTHH,False,stop,2026-10-08T10:39:59.065993Z,0.00861,gen_v3,True
gen:test:astra:plain:020,Pe19f1b60ae5e,test,astra,plain,,20,5,False,completed,True,ok,HTTHHTHHTHTTHTHHHTTH,False,stop,2026-10-08T10:40:33.170779Z,0.00576,gen_v3,True
gen:test:astra:plain:021,P4c4008541209,test,astra,plain,,21,5,False,completed,True,ok,HTTHHTHTHHTTHTHTTHHT,False,stop,2026-10-08T10:40:30.575962Z,0.00671,gen_v3,True
gen:test:astra:plain:022,Pb728176c80b0,test,astra,plain,,22,5,False,completed,True,ok,HTTHHTHTTHHHTTHTHTHH,False,stop,2026-10-08T10:40:32.325111Z,0.00611,gen_v3,True
gen:test:astra:plain:023,P82c20dad2b44,test,astra,plain,,23,5,False,completed,True,ok,HTTHHTHTTTHHTHHHTTHT,False,stop,2026-10-08T10:40:35.861936Z,0.00711,gen_v3,True
gen:test:fable:fair:000,P6508b3b0ad8d,test,fable,fair,,0,0,False,completed,True,ok,HTTHHTHTTTHHTHHHTTHT,False,stop,2026-10-08T10:37:54.324814Z,0.01294,gen_v3,True
gen:test:fable:fair:001,P44c3132dd9c8,test,fable,fair,,1,0,False,completed,True,ok,HTTHHTHTTTHHTHTTHHHT,False,stop,2026-10-08T10:37:52.013815Z,0.00679,gen_v3,True
gen:test:fable:fair:002,P6da7736ec049,test,fable,fair,,2,0,False,completed,True,ok,HTTHHHTHTTHTHHTHTHTH,False,stop,2026-10-08T10:37:49.332961Z,0.01204,gen_v3,True
gen:test:fable:fair:003,P34df0d0e02ef,test,fable,fair,,3,0,False,completed,True,ok,HTTHHHTHTTHTHHTHTTHT,False,stop,2026-10-08T10:37:45.992016Z,0.01044,gen_v3,True
gen:test:fable:fair:004,P39595f3e98ab,test,fable,fair,,4,1,False,completed,True,ok,HTTHHTHTTTHHTHTHHTTH,False,stop,2026-10-08T10:38:05.898955Z,0.00759,gen_v3,True
gen:test:fable:fair:005,P9aa5b2d197cd,test,fable,fair,,5,1,False,completed,True,ok,HTTHHTHHTTHTHHTTTHHT,False,stop,2026-10-08T10:38:05.781827Z,0.00724,gen_v3,True
gen:test:fable:fair:006,Pefa8f3467812,test,fable,fair,,6,1,False,completed,True,ok,HTTHHTHTTTHHTHTHHTTH,False,stop,2026-10-08T10:38:05.846927Z,0.00774,gen_v3,True
gen:test:fable:fair:007,P34c52e49399b,test,fable,fair,,7,1,False,completed,True,ok,HTTHHTHHTTHTTTHHTHTH,False,stop,2026-10-08T10:38:06.274982Z,0.00904,gen_v3,True
gen:test:fable:fair:008,P4355c1f030d6,test,fable,fair,,8,2,False,completed,True,ok,HTTHHTHTTTHHTHHTTHTH,False,stop,2026-10-08T10:38:41.847799Z,0.00854,gen_v3,True
gen:test:fable:fair:009,P9bb52487a24b,test,fable,fair,,9,2,False,completed,True,ok,HTTHHHTHTTHTHHTHTHTH,False,stop,2026-10-08T10:38:45.673101Z,0.01529,gen_v3,True
gen:test:fable:fair:010,P5adfe8899512,test,fable,fair,,10,2,False,completed,True,ok,HTTHHHTHTTHHTHTTHHHT,False,stop,2026-10-08T10:38:49.270007Z,0.01339,gen_v3,True
gen:test:fable:fair:011,Pabd1e6d7f795,test,fable,fair,,11,2,False,completed,True,ok,HTTHHTHTTTHHTHTTHHHT,False,stop,2026-10-08T10:38:34.780983Z,0.00549,gen_v3,True
gen:test:fable:fair:012,P158904262452,test,fable,fair,,12,3,False,completed,True,ok,HTTHHTHTTTHHTHTTHHHT,False,stop,2026-10-08T10:39:25.627741Z,0.00719,gen_v3,True
gen:test:fable:fair:013,Pc0fd2996d5e3,test,fable,fair,,13,3,False,completed,True,ok,HTTHHTHHTHTTHHTHTHTT,False,stop,2026-10-08T10:39:27.388075Z,0.01114,gen_v3,True
gen:test:fable:fair:014,Pe165b33556bf,test,fable,fair,,14,3,False,completed,True,ok,HTTHHTHTTTHHTHTTHHHT,False,stop,2026-10-08T10:39:24.023920Z,0.00594,gen_v3,True
gen:test:fable:fair:015,P1461349dd16d,test,fable,fair,,15,3,False,completed,True,ok,HTTHHHTHTTHTHHTHTHTH,False,stop,2026-10-08T10:39:12.174263Z,0.00969,gen_v3,True
gen:test:fable:fair:016,Pce14028dab81,test,fable,fair,,16,4,False,completed,True,ok,HTTHHTHTTTHHHTHTTHTH,False,stop,2026-10-08T10:40:08.546012Z,0.00839,gen_v3,True
gen:test:fable:fair:017,P9bcd6a4ebe2e,test,fable,fair,,17,4,False,completed,True,ok,HTTHHTHTTTHHTHHTTHTH,False,stop,2026-10-08T10:39:57.813959Z,0.00664,gen_v3,True
gen:test:fable:fair:018,P38d4da757e9b,test,fable,fair,,18,4,False,completed,True,ok,HTTHHTHTTTHHHTHTTHHT,False,stop,2026-10-08T10:40:08.407781Z,0.00969,gen_v3,True
gen:test:fable:fair:019,P9799ccdd11c6,test,fable,fair,,19,4,False,completed,True,ok,HTHHTTHTTHHTHTTHHHTT,False,stop,2026-10-08T10:40:02.485458Z,0.00744,gen_v3,True
gen:test:fable:fair:020,Pee79f212bea4,test,fable,fair,,20,5,False,completed,True,ok,HTTHHTHTTTHHTHTHHTTH,False,stop,2026-10-08T10:40:27.649070Z,0.00679,gen_v3,True
gen:test:fable:fair:021,P80afc9796590,test,fable,fair,,21,5,False,completed,True,ok,HTTHHHTHTTHHTHTTTHHT,False,stop,2026-10-08T10:40:37.575836Z,0.00864,gen_v3,True
gen:test:fable:fair:022,Pc5a04d251fc6,test,fable,fair,,22,5,False,completed,True,ok,HTTHHTHTTTHHTHTTHHTH,False,stop,2026-10-08T10:40:24.900006Z,0.01014,gen_v3,True
gen:test:fable:fair:023,P087b9bc9c757,test,fable,fair,,23,5,False,completed,True,ok,HTTHHTHTTTHHTHTHHTTH,False,stop,2026-10-08T10:40:33.677012Z,0.00629,gen_v3,True
gen:test:fable:plain:000,P50b87a09560e,test,fable,plain,,0,0,False,completed,True,ok,HTTHHHTHTTHTHHTHTTHT,False,stop,2026-10-08T10:37:47.087887Z,0.01192,gen_v3,True
gen:test:fable:plain:001,Pd1003400bc2f,test,fable,plain,,1,0,False,completed,True,ok,HTTHHHTHTTHTHHTHTHTH,False,stop,2026-10-08T10:37:55.765507Z,0.01022,gen_v3,True
gen:test:fable:plain:002,Pf6a25a3d68ec,test,fable,plain,,2,0,False,completed,True,ok,HTTHHHTHTTHTHHTHTTHH,False,stop,2026-10-08T10:37:50.226024Z,0.01037,gen_v3,True
gen:test:fable:plain:003,P9623d498f378,test,fable,plain,,3,0,False,completed,True,ok,HTTHHHTHTTHTHHTHTTHH,False,stop,2026-10-08T10:37:54.650771Z,0.01177,gen_v3,True
gen:test:fable:plain:004,P5979a50c624a,test,fable,plain,,4,1,False,completed,True,ok,HTTHHHTHTTHTHHTHTTHH,False,stop,2026-10-08T10:38:14.309978Z,0.01032,gen_v3,True
gen:test:fable:plain:005,P8ca0d4cc96b1,test,fable,plain,,5,1,False,completed,True,ok,HTTHHHTHTTHTHHTHTTHH,False,stop,2026-10-08T10:38:10.651500Z,0.01007,gen_v3,True
gen:test:fable:plain:006,Pcf8e49786697,test,fable,plain,,6,1,False,completed,True,ok,HTTHHHTHTTHTHHTHTTHH,False,stop,2026-10-08T10:38:10.129891Z,0.01027,gen_v3,True
gen:test:fable:plain:007,P154ffb63867c,test,fable,plain,,7,1,False,completed,True,ok,HTTHHTHTTHTHHHTHTTHT,False,stop,2026-10-08T10:38:15.136890Z,0.01247,gen_v3,True
gen:test:fable:plain:008,P912e764d7a17,test,fable,plain,,8,2,False,completed,True,ok,HTTHHHTHTTHTHHTHTHTH,False,stop,2026-10-08T10:38:46.123192Z,0.01117,gen_v3,True
gen:test:fable:plain:009,Pf55cf6e8ccb0,test,fable,plain,,9,2,False,completed,True,ok,HTTHHHTHTTHTHHTTHTHT,False,stop,2026-10-08T10:38:39.979098Z,0.01322,gen_v3,True
gen:test:fable:plain:010,Pb30f63c422d5,test,fable,plain,,10,2,False,completed,True,ok,THHTTHTHHHTHTTHHTHTT,False,stop,2026-10-08T10:38:36.902875Z,0.00772,gen_v3,True
gen:test:fable:plain:011,Pb81766b1c156,test,fable,plain,,11,2,False,completed,True,ok,HTTHHTHTTTHHTHTHHTHT,False,stop,2026-10-08T10:38:50.965918Z,0.01062,gen_v3,True
gen:test:fable:plain:012,Pfb1fbd01a972,test,fable,plain,,12,3,False,completed,True,ok,HTTHHHTHTTHTHHTHTTHH,False,stop,2026-10-08T10:39:13.595846Z,0.01097,gen_v3,True
gen:test:fable:plain:013,Pc206c573b70f,test,fable,plain,,13,3,False,completed,True,ok,HTTHHTHTTTHHTHHTHTTH,False,stop,2026-10-08T10:39:17.688589Z,0.01027,gen_v3,True
gen:test:fable:plain:014,Pfefe7f7bbcc9,test,fable,plain,,14,3,False,completed,True,ok,HTTHHHTHTTHTHHTHTTHH,False,stop,2026-10-08T10:39:13.307170Z,0.01017,gen_v3,True
gen:test:fable:plain:015,Pac1e59009057,test,fable,plain,,15,3,False,completed,True,ok,HTTHHHTHTTHTHHTHTHTH,False,stop,2026-10-08T10:39:14.339164Z,0.01257,gen_v3,True
gen:test:fable:plain:016,Pa10056f1a764,test,fable,plain,,16,4,False,completed,True,ok,HTTHHTHHTHTTTHHTHTHH,False,stop,2026-10-08T10:40:05.357036Z,0.00932,gen_v3,True
gen:test:fable:plain:017,P9a81728eb902,test,fable,plain,,17,4,False,completed,True,ok,HTTHHTHTTTHHHTHTTHHT,False,stop,2026-10-08T10:40:05.238675Z,0.00452,gen_v3,True
gen:test:fable:plain:018,P085b274e4e18,test,fable,plain,,18,4,False,completed,True,ok,HTTHHTHTTTHHTHHTHTTH,False,stop,2026-10-08T10:39:58.761959Z,0.00452,gen_v3,True
gen:test:fable:plain:019,P9bc7c6621612,test,fable,plain,,19,4,False,completed,True,ok,HTTHHHTHTTHTHHTTHTHT,False,stop,2026-10-08T10:40:06.769073Z,0.01037,gen_v3,True
gen:test:fable:plain:020,Pf4b50baaac55,test,fable,plain,,20,5,False,completed,True,ok,HTTHHTHTTTHHTHTHHTHT,False,stop,2026-10-08T10:40:25.828697Z,0.00992,gen_v3,True
gen:test:fable:plain:021,P80b013660f29,test,fable,plain,,21,5,False,completed,True,ok,HTTHHTHTTTHHTHTHHTHT,False,stop,2026-10-08T10:40:37.554994Z,0.01007,gen_v3,True
gen:test:fable:plain:022,P200d4085da52,test,fable,plain,,22,5,False,completed,True,ok,HTTHHTHTTTHHTHTHHTHT,False,stop,2026-10-08T10:40:25.943821Z,0.01122,gen_v3,True
gen:test:fable:plain:023,Pe8e0638e8b6a,test,fable,plain,,23,5,False,completed,True,ok,HTTHHTHHTTHTHHTTTHTH,False,stop,2026-10-08T10:40:29.150224Z,0.00527,gen_v3,True
gen:test:mimo:fair:000,P10d4ad7db0a3,test,mimo,fair,,0,0,False,completed,False,wrong_length,,False,stop,2026-10-08T10:37:47.757200Z,0.00021141,gen_v3,False
gen:test:mimo:fair:001,P6db6b290c9f7,test,mimo,fair,,1,0,False,completed,True,ok,THTTHHTTTHTHHTTHTTTH,False,stop,2026-10-08T10:38:02.262303Z,0.00016269,gen_v3,True
gen:test:mimo:fair:002,Pa954af9ebf9a,test,mimo,fair,,2,0,False,completed,False,wrong_length,,False,stop,2026-10-08T10:38:02.808869Z,0.00048285,gen_v3,False
gen:test:mimo:fair:003,Pf3d993a7ee4c,test,mimo,fair,,3,0,False,completed,True,ok,TTHHTHTTHTHHTTHTHTTH,False,stop,2026-10-08T10:37:53.897817Z,0.00042282,gen_v3,True
gen:test:mimo:fair:004,P5dbd354bd85d,test,mimo,fair,,4,1,False,completed,False,conflicting_lists,,False,stop,2026-10-08T10:38:25.145144Z,0.00079779,gen_v3,False
gen:test:mimo:fair:005,Paa1a9013b1ec,test,mimo,fair,,5,1,False,completed,True,ok,THTTHHTHTTHHHTTHHTHH,False,stop,2026-10-08T10:38:29.037994Z,0.00054201,gen_v3,True
gen:test:mimo:fair:006,P041f609bdae3,test,mimo,fair,,6,1,False,completed,False,wrong_length,,False,stop,2026-10-08T10:38:23.102071Z,0.00115014,gen_v3,False
gen:test:mimo:fair:007,P0efa84b52100,test,mimo,fair,,7,1,False,completed,False,wrong_length,,False,stop,2026-10-08T10:38:32.270162Z,0.00069339,gen_v3,False
gen:test:mimo:fair:008,Pa56b8b5bd462,test,mimo,fair,,8,2,False,completed,True,ok,HTHTTTHHTHTHTTHTHHHT,False,stop,2026-10-08T10:38:55.797318Z,0.0004176,gen_v3,True
gen:test:mimo:fair:009,P734e5f8757e8,test,mimo,fair,,9,2,False,completed,False,wrong_length,,False,stop,2026-10-08T10:39:09.052537Z,0.00119886,gen_v3,False
gen:test:mimo:fair:010,P5dc9b6dd8987,test,mimo,fair,,10,2,False,completed,False,no_list,,False,stop,2026-10-08T10:38:53.310971Z,0.00051765,gen_v3,False
gen:test:mimo:fair:011,P80a99ec548af,test,mimo,fair,,11,2,False,completed,False,no_list,,False,stop,2026-10-08T10:38:54.205738Z,0.0003828,gen_v3,False
gen:test:mimo:fair:012,Pd4f0a6fb6994,test,mimo,fair,,12,3,False,completed,False,no_list,,False,stop,2026-10-08T10:39:36.138161Z,0.00096918,gen_v3,False
gen:test:mimo:fair:013,P5e7d1c65c23a,test,mimo,fair,,13,3,False,completed,True,ok,HTHTHTHTHTHTHTHTHTHT,False,stop,2026-10-08T10:39:54.827836Z,0.00089871,gen_v3,True
gen:test:mimo:fair:014,Pdd862be660d2,test,mimo,fair,,14,3,False,completed,False,wrong_length,,False,stop,2026-10-08T10:39:32.186201Z,0.00058638,gen_v3,False
gen:test:mimo:fair:015,P41d0fabd85ef,test,mimo,fair,,15,3,False,completed,False,no_list,,False,stop,2026-10-08T10:39:30.332089Z,0.00054462,gen_v3,False
gen:test:mimo:fair:016,Pafa058d985f3,test,mimo,fair,,16,4,False,completed,True,ok,HHTHTTHHTHHTHHTTHHHT,False,stop,2026-10-08T10:40:18.252085Z,0.00018531,gen_v3,True
gen:test:mimo:fair:017,Pc3d0cc114feb,test,mimo,fair,,17,4,False,completed,False,wrong_length,,False,stop,2026-10-08T10:40:10.472140Z,0.00030102,gen_v3,False
gen:test:mimo:fair:018,Pae9379a39555,test,mimo,fair,,18,4,False,completed,False,wrong_length,,False,stop,2026-10-08T10:40:13.510265Z,0.00017487,gen_v3,False
gen:test:mimo:fair:019,P6206e64a1a46,test,mimo,fair,,19,4,False,completed,True,ok,HTTHHTHTTHHHTTTHHTHT,False,stop,2026-10-08T10:40:21.259923Z,0.00026448,gen_v3,True
gen:test:mimo:fair:020,P9952e845d04d,test,mimo,fair,,20,5,False,completed,True,ok,HTHHTTTHTHHHTTHTHHHH,False,stop,2026-10-08T10:40:59.328162Z,0.0005481,gen_v3,True
gen:test:mimo:fair:021,Pa8923f849519,test,mimo,fair,,21,5,False,completed,True,ok,TTHTHHTTHHHTTTHHTHHT,False,stop,2026-10-08T10:40:35.802343Z,0.000174,gen_v3,True
gen:test:mimo:fair:022,Pf96911aa4136,test,mimo,fair,,22,5,False,completed,False,no_list,,False,stop,2026-10-08T10:40:34.132941Z,0.00024882,gen_v3,False
gen:test:mimo:fair:023,Pcdc1f778b578,test,mimo,fair,,23,5,False,completed,True,ok,HHTTHTHHTTTHHHTTHTTH,False,stop,2026-10-08T10:40:34.006529Z,0.00042804,gen_v3,True
gen:test:mimo:plain:000,P800e489acf12,test,mimo,plain,,0,0,False,completed,True,ok,HTHHTTHHHTTHTTHHTTHT,False,stop,2026-10-08T10:37:44.318166Z,5.7855e-05,gen_v3,True
gen:test:mimo:plain:001,Pd9f29d3be7f9,test,mimo,plain,,1,0,False,completed,True,ok,TTHHTHHHTHHHTTHHHTHT,False,stop,2026-10-08T10:37:50.674712Z,7.5255e-05,gen_v3,True
gen:test:mimo:plain:002,Pb079280de9bf,test,mimo,plain,,2,0,False,completed,True,ok,HTHHTTHTHHTHTTHHTTHT,False,stop,2026-10-08T10:37:56.203536Z,8.0475e-05,gen_v3,True
gen:test:mimo:plain:003,Pdb930800115e,test,mimo,plain,,3,0,False,completed,True,ok,HTTHHHTTTTHHTHTHTHHT,False,stop,2026-10-08T10:37:55.074222Z,0.000175305,gen_v3,True
gen:test:mimo:plain:004,P56f4dfbe28d3,test,mimo,plain,,4,1,False,completed,True,ok,HTHHTTHTHTTHTTHTHHTH,False,stop,2026-10-08T10:38:12.934414Z,6.3945e-05,gen_v3,True
gen:test:mimo:plain:005,Paaa1ab9c9991,test,mimo,plain,,5,1,False,completed,True,ok,TTTTHHTTTHHTHTTHHTHH,False,stop,2026-10-08T10:38:19.012337Z,8.6565e-05,gen_v3,True
gen:test:mimo:plain:006,P0390e23f1797,test,mimo,plain,,6,1,False,completed,True,ok,HHTHHTTHHTHHTTHHHTTH,False,stop,2026-10-08T10:38:09.086820Z,7.3515e-05,gen_v3,True
gen:test:mimo:plain:007,P2601a4c91e0e,test,mimo,plain,,7,1,False,completed,True,ok,HTHHTTHTTHTHTTHHTTHT,False,stop,2026-10-08T10:38:05.647870Z,9.3525e-05,gen_v3,True
gen:test:mimo:plain:008,P695e60d80bde,test,mimo,plain,,8,2,False,completed,False,no_list,,False,stop,2026-10-08T10:38:40.816002Z,0.000214455,gen_v3,False
gen:test:mimo:plain:009,Pbf7569dfa38c,test,mimo,plain,,9,2,False,completed,True,ok,HTTHHTHTTHHHTHTTHTHH,False,stop,2026-10-08T10:38:51.130928Z,6.0465e-05,gen_v3,True
gen:test:mimo:plain:010,P871d26c0d44a,test,mimo,plain,,10,2,False,completed,True,ok,HTHHHTTHTHHHTHTTHHTT,False,stop,2026-10-08T10:38:47.991127Z,0.000163995,gen_v3,True
gen:test:mimo:plain:011,P1b14967de0e4,test,mimo,plain,,11,2,False,completed,True,ok,HTHHTTTHHHTHTTHHTHTT,True,stop,2026-10-08T10:38:44.015078Z,0.000165735,gen_v3,True
gen:test:mimo:plain:012,Pa6fe7cd0add6,test,mimo,plain,,12,3,False,completed,True,ok,TTTHTTTHTTHHHHHTHHHH,False,stop,2026-10-08T10:39:21.559817Z,5.7855e-05,gen_v3,True
gen:test:mimo:plain:013,Pb0b81d142610,test,mimo,plain,,13,3,False,completed,True,ok,HTHHTTHTHHTHTTHHTHTH,False,stop,2026-10-08T10:39:24.655109Z,0.000103965,gen_v3,True
gen:test:mimo:plain:014,Pcdbf8dc970db,test,mimo,plain,,14,3,False,completed,True,ok,HTHHTTHTHHTTHTTHHTTH,False,stop,2026-10-08T10:39:21.340987Z,6.3075e-05,gen_v3,True
gen:test:mimo:plain:015,Peec48f90044c,test,mimo,plain,,15,3,False,completed,True,ok,HTHHTTHTTHHTHHTTHTTH,False,stop,2026-10-08T10:39:21.914005Z,7.2645e-05,gen_v3,True
gen:test:mimo:plain:016,P024531eed7f8,test,mimo,plain,,16,4,False,completed,False,no_list,,False,stop,2026-10-08T10:40:08.352063Z,0.000114405,gen_v3,False
gen:test:mimo:plain:017,P11648d6ae270,test,mimo,plain,,17,4,False,completed,True,ok,HTTHHTHTTHTHHTTHTTHH,False,stop,2026-10-08T10:40:02.232003Z,9.1785e-05,gen_v3,True
gen:test:mimo:plain:018,P01d7f0a3d5af,test,mimo,plain,,18,4,False,completed,True,ok,HTHHTTHTHHTHTTHHTHTH,False,stop,2026-10-08T10:40:01.823063Z,7.3515e-05,gen_v3,True
gen:test:mimo:plain:019,P2b92865fe28a,test,mimo,plain,,19,4,False,completed,True,ok,HTHHTHTHHTTHHTHTTHHH,False,stop,2026-10-08T10:40:01.102530Z,0.000118755,gen_v3,True
gen:test:mimo:plain:020,P82b888a78b63,test,mimo,plain,,20,5,False,completed,True,ok,HTHTHTTTHHTHTTTHTHTH,False,stop,2026-10-08T10:40:36.539029Z,9.4395e-05,gen_v3,True
gen:test:mimo:plain:021,P030bc4e6312a,test,mimo,plain,,21,5,False,completed,True,ok,HTHHTTHTHHTHTTHHTHTT,False,stop,2026-10-08T10:40:28.947903Z,0.000131805,gen_v3,True
gen:test:mimo:plain:022,Pb017ce1672ef,test,mimo,plain,,22,5,False,completed,True,ok,HTHHTTTHTHHHTTHHTTHH,False,stop,2026-10-08T10:40:29.720165Z,6.2205e-05,gen_v3,True
gen:test:mimo:plain:023,P37dcdba54f8a,test,mimo,plain,,23,5,False,completed,True,ok,HTTHHHTTHTHHTTTHTHTT,False,stop,2026-10-08T10:40:25.464935Z,5.2635e-05,gen_v3,True
