slot_id,task,judge,parent_id,pair_id,condition,order,polarity,prompt,status,valid,parse_reason,strict_valid,wrapped,value,brier_loss,primary,cost_usd,finish_reason
fix:completion:astra:02,fixture_completion,astra,,,withheld,,,,completed,True,ok,True,False,"[0.9995121951219512, 0.9995121951219512, 0.9995121951219512, 0.9995121951219512, 0.9995121951219512, 0.9995121951219512, 0.9995121951219512, 0.9995121951219512, 0.9995121951219512, 0.9995121951219512]",,False,0.00969,stop
fix:completion:astra:07,fixture_completion,astra,,,withheld,,,,completed,True,ok,True,False,"[0.9995121951219512, 0.0004878048780487805, 0.9995121951219512, 0.0004878048780487805, 0.9995121951219512, 0.0004878048780487805, 0.9995121951219512, 0.0004878048780487805, 0.9995121951219512, 0.0004878048780487805]",,False,0.01044,stop
fix:completion:astra:06,fixture_completion,astra,,,withheld,,,,completed,True,ok,True,False,"[0.9995121951219512, 0.0004878048780487805, 0.9995121951219512, 0.0004878048780487805, 0.9995121951219512, 0.0004878048780487805, 0.9995121951219512, 0.0004878048780487805, 0.9995121951219512, 0.0004878048780487805]",,False,0.01034,stop
fix:completion:astra:00,fixture_completion,astra,,,known,,,,completed,True,ok,True,False,"[0.9995121951219512, 0.9995121951219512, 0.9995121951219512, 0.9995121951219512, 0.9995121951219512, 0.9995121951219512, 0.9995121951219512, 0.9995121951219512, 0.9995121951219512, 0.9995121951219512]",,False,0.01188,stop
fix:completion:astra:01,fixture_completion,astra,,,known,,,,completed,True,ok,True,False,"[0.9995121951219512, 0.9995121951219512, 0.9995121951219512, 0.9995121951219512, 0.9995121951219512, 0.9995121951219512, 0.9995121951219512, 0.9995121951219512, 0.9995121951219512, 0.9995121951219512]",,False,0.01108,stop
fix:completion:astra:03,fixture_completion,astra,,,withheld,,,,completed,True,ok,True,False,"[0.9995121951219512, 0.9995121951219512, 0.9995121951219512, 0.9995121951219512, 0.9995121951219512, 0.9995121951219512, 0.9995121951219512, 0.9995121951219512, 0.9995121951219512, 0.9995121951219512]",,False,0.00954,stop
fix:completion:astra:08,fixture_completion,astra,,,known,,,,completed,True,ok,True,False,"[0.5, 0.5, 0.5, 0.5, 0.5, 0.5, 0.5, 0.5, 0.5, 0.5]",,False,0.00474,stop
fix:completion:astra:04,fixture_completion,astra,,,known,,,,completed,True,ok,True,False,"[0.9995121951219512, 0.0004878048780487805, 0.9995121951219512, 0.0004878048780487805, 0.9995121951219512, 0.0004878048780487805, 0.9995121951219512, 0.0004878048780487805, 0.9995121951219512, 0.0004878048780487805]",,False,0.01288,stop
fix:completion:astra:09,fixture_completion,astra,,,known,,,,completed,True,ok,True,False,"[0.5, 0.5, 0.5, 0.5, 0.5, 0.5, 0.5, 0.5, 0.5, 0.5]",,False,0.00474,stop
fix:completion:astra:10,fixture_completion,astra,,,withheld,,,,completed,True,ok,True,False,"[0.5, 0.5, 0.5, 0.5, 0.5, 0.5, 0.5, 0.5, 0.5, 0.5]",,False,0.00475,stop
fix:completion:astra:05,fixture_completion,astra,,,known,,,,completed,True,ok,True,False,"[0.9995121951219512, 0.0004878048780487805, 0.9995121951219512, 0.0004878048780487805, 0.9995121951219512, 0.0004878048780487805, 0.9995121951219512, 0.0004878048780487805, 0.9995121951219512, 0.0004878048780487805]",,False,0.01243,stop
fix:completion:astra:11,fixture_completion,astra,,,withheld,,,,completed,True,ok,True,False,"[0.5, 0.5, 0.5, 0.5, 0.5, 0.5, 0.5, 0.5, 0.5, 0.5]",,False,0.00475,stop
fix:pair:astra:02,fixture_pair,astra,,,,,,,completed,True,ok,True,False,1.0,,False,0.00322,stop
fix:pair:astra:04,fixture_pair,astra,,,,,,,completed,True,ok,True,False,1.0,,False,0.00451,stop
fix:pair:astra:00,fixture_pair,astra,,,,,,,completed,True,ok,True,False,0.9999990463265931,,False,0.0087,stop
fix:pair:astra:01,fixture_pair,astra,,,,,,,completed,True,ok,True,False,0.9999990463265931,,False,0.0093,stop
fix:pair:astra:10,fixture_pair,astra,,,,,,,completed,True,ok,True,False,0.5,,False,0.00244,stop
fix:pair:astra:03,fixture_pair,astra,,,,,,,completed,True,ok,True,False,0.9999990463265931,,False,0.00875,stop
fix:pair:astra:11,fixture_pair,astra,,,,,,,completed,True,ok,True,False,0.5,,False,0.00244,stop
fix:pair:astra:05,fixture_pair,astra,,,,,,,completed,True,ok,True,False,1.8189859341e-12,,False,0.0132,stop
fix:pair:astra:06,fixture_pair,astra,,,,,,,completed,True,ok,True,False,1.9073449948406318e-06,,False,0.01137,stop
fix:pair:astra:07,fixture_pair,astra,,,,,,,completed,True,ok,True,False,1.9073449948406318e-06,,False,0.01202,stop
fix:pair:astra:08,fixture_pair,astra,,,,,,,completed,True,ok,True,False,1.9073449948406318e-06,,False,0.01236,stop
fix:completion:fable:02,fixture_completion,fable,,,withheld,,,,completed,True,ok,False,True,"[0.99951, 0.99951, 0.99951, 0.99951, 0.99951, 0.99951, 0.99951, 0.99951, 0.99951, 0.99951]",,False,0.01479,stop
fix:pair:astra:09,fixture_pair,astra,,,,,,,completed,True,ok,True,False,1.818985934102213e-12,,False,0.01255,stop
fix:completion:fable:06,fixture_completion,fable,,,withheld,,,,completed,True,ok,False,True,"[0.99951, 0.00049, 0.99951, 0.00049, 0.99951, 0.00049, 0.99951, 0.00049, 0.99951, 0.00049]",,False,0.01344,stop
fix:completion:fable:03,fixture_completion,fable,,,withheld,,,,completed,True,ok,False,True,"[0.99951, 0.99951, 0.99951, 0.99951, 0.99951, 0.99951, 0.99951, 0.99951, 0.99951, 0.99951]",,False,0.01191,stop
fix:completion:fable:08,fixture_completion,fable,,,known,,,,completed,True,ok,True,False,"[0.5, 0.5, 0.5, 0.5, 0.5, 0.5, 0.5, 0.5, 0.5, 0.5]",,False,0.0057,stop
fix:completion:fable:01,fixture_completion,fable,,,known,,,,completed,True,ok,True,False,"[1.0, 1.0, 1.0, 1.0, 1.0, 1.0, 1.0, 1.0, 1.0, 1.0]",,False,0.02493,stop
fix:completion:fable:00,fixture_completion,fable,,,known,,,,completed,True,ok,True,False,"[1.0, 1.0, 1.0, 1.0, 1.0, 1.0, 1.0, 1.0, 1.0, 1.0]",,False,0.02906,stop
fix:completion:fable:07,fixture_completion,fable,,,withheld,,,,completed,True,ok,False,True,"[0.99951, 0.00049, 0.99951, 0.00049, 0.99951, 0.00049, 0.99951, 0.00049, 0.99951, 0.00049]",,False,0.01674,stop
fix:completion:fable:09,fixture_completion,fable,,,known,,,,completed,True,ok,False,True,"[0.5, 0.5, 0.5, 0.5, 0.5, 0.5, 0.5, 0.5, 0.5, 0.5]",,False,0.0083,stop
fix:completion:fable:04,fixture_completion,fable,,,known,,,,completed,True,ok,True,False,"[0.9995, 0.0005, 0.9995, 0.0005, 0.9995, 0.0005, 0.9995, 0.0005, 0.9995, 0.0005]",,False,0.02436,stop
fix:completion:fable:10,fixture_completion,fable,,,withheld,,,,completed,True,ok,False,True,"[0.5, 0.5, 0.5, 0.5, 0.5, 0.5, 0.5, 0.5, 0.5, 0.5]",,False,0.0083,stop
fix:completion:fable:11,fixture_completion,fable,,,withheld,,,,completed,True,ok,True,False,"[0.5, 0.5, 0.5, 0.5, 0.5, 0.5, 0.5, 0.5, 0.5, 0.5]",,False,0.00529,stop
fix:pair:fable:04,fixture_pair,fable,,,,,,,completed,False,multiple_or_no_numbers,False,False,,,False,0.00802,stop
fix:pair:fable:02,fixture_pair,fable,,,,,,,completed,False,multiple_or_no_numbers,False,False,,,False,0.00787,stop
fix:completion:fable:05,fixture_completion,fable,,,known,,,,completed,True,ok,True,False,"[1.0, 0.0, 1.0, 0.0, 1.0, 0.0, 1.0, 0.0, 1.0, 0.0]",,False,0.02867,stop
fix:pair:fable:00,fixture_pair,fable,,,,,,,completed,False,multiple_or_no_numbers,False,False,,,False,0.01837,stop
fix:pair:fable:01,fixture_pair,fable,,,,,,,completed,False,multiple_or_no_numbers,False,False,,,False,0.01937,stop
fix:pair:fable:03,fixture_pair,fable,,,,,,,completed,False,multiple_or_no_numbers,False,False,,,False,0.01859,stop
fix:pair:fable:05,fixture_pair,fable,,,,,,,completed,False,multiple_or_no_numbers,False,False,,,False,0.02518,stop
fix:completion:qwen:00,fixture_completion,qwen,,,known,,,,completed,True,ok,True,False,"[1.0, 1.0, 1.0, 1.0, 1.0, 1.0, 1.0, 1.0, 1.0, 1.0]",,False,3.8805e-05,stop
fix:pair:fable:10,fixture_pair,fable,,,,,,,completed,True,ok,False,True,0.5,,False,0.00603,stop
fix:completion:qwen:02,fixture_completion,qwen,,,withheld,,,,completed,True,ok,True,False,"[1.0, 1.0, 1.0, 1.0, 1.0, 1.0, 1.0, 1.0, 1.0, 1.0]",,False,3.8922e-05,stop
fix:pair:fable:06,fixture_pair,fable,,,,,,,completed,False,multiple_or_no_numbers,False,False,,,False,0.02317,stop
fix:pair:fable:11,fixture_pair,fable,,,,,,,completed,True,ok,False,True,0.5,,False,0.00558,stop
fix:pair:fable:07,fixture_pair,fable,,,,,,,completed,False,multiple_or_no_numbers,False,False,,,False,0.02348,stop
fix:completion:qwen:03,fixture_completion,qwen,,,withheld,,,,completed,True,ok,True,False,"[1.0, 1.0, 1.0, 1.0, 1.0, 1.0, 1.0, 1.0, 1.0, 1.0]",,False,4.8022e-05,stop
fix:completion:qwen:04,fixture_completion,qwen,,,known,,,,completed,True,ok,True,False,"[1.0, 0.0, 1.0, 0.0, 1.0, 0.0, 1.0, 0.0, 1.0, 0.0]",,False,3.8805e-05,stop
fix:pair:fable:08,fixture_pair,fable,,,,,,,completed,False,multiple_or_no_numbers,False,False,,,False,0.01893,stop
fix:completion:qwen:05,fixture_completion,qwen,,,known,,,,completed,True,ok,True,False,"[0.5, 0.5, 0.5, 0.5, 0.5, 0.5, 0.5, 0.5, 0.5, 0.5]",,False,4.7905e-05,stop
fix:completion:qwen:06,fixture_completion,qwen,,,withheld,,,,completed,True,ok,True,False,"[0.5, 0.5, 0.5, 0.5, 0.5, 0.5, 0.5, 0.5, 0.5, 0.5]",,False,4.8022e-05,stop
fix:completion:qwen:07,fixture_completion,qwen,,,withheld,,,,completed,True,ok,True,False,"[0.5, 0.5, 0.5, 0.5, 0.5, 0.5, 0.5, 0.5, 0.5, 0.5]",,False,4.8022e-05,stop
fix:completion:qwen:08,fixture_completion,qwen,,,known,,,,completed,True,ok,True,False,"[0.5, 0.5, 0.5, 0.5, 0.5, 0.5, 0.5, 0.5, 0.5, 0.5]",,False,4.8022e-05,stop
fix:pair:fable:09,fixture_pair,fable,,,,,,,completed,False,multiple_or_no_numbers,False,False,,,False,0.02348,stop
fix:completion:qwen:09,fixture_completion,qwen,,,known,,,,completed,True,ok,True,False,"[0.5, 0.5, 0.5, 0.5, 0.5, 0.5, 0.5, 0.5, 0.5, 0.5]",,False,4.8022e-05,stop
fix:completion:qwen:10,fixture_completion,qwen,,,withheld,,,,completed,True,ok,True,False,"[0.5, 0.5, 0.5, 0.5, 0.5, 0.5, 0.5, 0.5, 0.5, 0.5]",,False,4.8139e-05,stop
fix:pair:qwen:00,fixture_pair,qwen,,,,,,,completed,True,ok,True,False,0.9999999999999999,,False,3.159e-05,stop
fix:completion:qwen:11,fixture_completion,qwen,,,withheld,,,,completed,True,ok,True,False,"[0.5, 0.5, 0.5, 0.5, 0.5, 0.5, 0.5, 0.5, 0.5, 0.5]",,False,4.8139e-05,stop
fix:pair:qwen:01,fixture_pair,qwen,,,,,,,completed,True,ok,True,False,0.5,,False,2.4765e-05,stop
fix:pair:qwen:02,fixture_pair,qwen,,,,,,,completed,True,ok,True,False,0.0455,,False,2.6481e-05,stop
fix:pair:qwen:04,fixture_pair,qwen,,,,,,,completed,True,ok,True,False,0.045,,False,2.6026e-05,stop
fix:pair:qwen:05,fixture_pair,qwen,,,,,,,completed,True,ok,True,False,0.0,,False,2.4765e-05,stop
fix:pair:qwen:03,fixture_pair,qwen,,,,,,,completed,True,ok,True,False,0.9999999999999999,,False,3.159e-05,stop
fix:completion:qwen:01,fixture_completion,qwen,,,known,,,,completed,True,ok,True,False,"[1.0, 1.0, 1.0, 1.0, 1.0, 1.0, 1.0, 1.0, 1.0, 1.0]",,False,3.8805e-05,stop
fix:pair:qwen:07,fixture_pair,qwen,,,,,,,completed,True,ok,True,False,0.0001,,False,2.6247e-05,stop
fix:pair:qwen:08,fixture_pair,qwen,,,,,,,completed,True,ok,True,False,0.04,,False,2.5454e-05,stop
fix:pair:qwen:09,fixture_pair,qwen,,,,,,,completed,True,ok,True,False,0.000625,,False,2.704e-05,stop
fix:pair:qwen:10,fixture_pair,qwen,,,,,,,completed,True,ok,True,False,0.5625,,False,2.7534e-05,stop
fix:pair:qwen:06,fixture_pair,qwen,,,,,,,completed,True,ok,True,False,0.0001,,False,2.6247e-05,stop
fix:pair:qwen:11,fixture_pair,qwen,,,,,,,completed,True,ok,True,False,0.016,,False,2.6845e-05,stop
rehearsal_completion:Pf4056cdfcf28:astra:known,rehearsal_completion,astra,Pf4056cdfcf28,,known,,H,fair,completed,True,ok,True,False,"[0.5, 0.5, 0.5, 0.5, 0.5, 0.5, 0.5, 0.5, 0.5, 0.5]",,False,0.00464,stop
rehearsal_completion:P410f6d3a7d14:fable:known,rehearsal_completion,fable,P410f6d3a7d14,,known,,H,fair,completed,True,ok,True,False,"[0.5, 0.5, 0.5, 0.5, 0.5, 0.5, 0.5, 0.5, 0.5, 0.5]",,False,0.00575,stop
rehearsal_completion:P92a12ef80580:fable:known,rehearsal_completion,fable,P92a12ef80580,,known,,H,plain,completed,True,ok,True,False,"[0.5, 0.5, 0.5, 0.5, 0.5, 0.5, 0.5, 0.5, 0.5, 0.5]",,False,0.00572,stop
rehearsal_completion:P5f1d238636dd:fable:known,rehearsal_completion,fable,P5f1d238636dd,,known,,H,fair,completed,True,ok,True,False,"[0.5, 0.52, 0.5, 0.52, 0.48, 0.52, 0.5, 0.48, 0.52, 0.5]",,False,0.00573,stop
rehearsal_completion:P6cbcf311d947:qwen:known,rehearsal_completion,qwen,P6cbcf311d947,,known,,H,plain,completed,True,ok,True,False,"[0.45, 0.45, 0.45, 0.45, 0.45, 0.45, 0.45, 0.45, 0.45, 0.45]",,False,5.2338e-05,stop
rehearsal_completion:Pf4056cdfcf28:qwen:known,rehearsal_completion,qwen,Pf4056cdfcf28,,known,,H,fair,completed,True,ok,True,False,"[0.5, 0.5, 0.5, 0.5, 0.5, 0.5, 0.5, 0.5, 0.5, 0.5]",,False,4.7671e-05,stop
rehearsal_completion:P5f1d238636dd:qwen:known,rehearsal_completion,qwen,P5f1d238636dd,,known,,H,fair,completed,True,ok,True,False,"[0.5, 0.5, 0.5, 0.5, 0.5, 0.5, 0.5, 0.5, 0.5, 0.5]",,False,4.7788e-05,stop
rehearsal_completion:P410f6d3a7d14:astra:known,rehearsal_completion,astra,P410f6d3a7d14,,known,,H,fair,completed,True,ok,True,False,"[0.5, 0.5, 0.5, 0.5, 0.5, 0.5, 0.5, 0.5, 0.5, 0.5]",,False,0.00577,stop
rehearsal_completion:P92a12ef80580:astra:known,rehearsal_completion,astra,P92a12ef80580,,known,,H,plain,completed,True,ok,True,False,"[0.5, 0.5, 0.5, 0.5, 0.5, 0.5, 0.5, 0.5, 0.5, 0.5]",,False,0.00594,stop
rehearsal_completion:P6c0223d28905:astra:known,rehearsal_completion,astra,P6c0223d28905,,known,,H,fair,completed,True,ok,True,False,"[0.5, 0.5, 0.5, 0.5, 0.5, 0.5, 0.5, 0.5, 0.5, 0.5]",,False,0.00583,stop
rehearsal_completion:P6cbcf311d947:astra:known,rehearsal_completion,astra,P6cbcf311d947,,known,,H,plain,completed,True,ok,True,False,"[0.5, 0.5, 0.5, 0.5, 0.5, 0.5, 0.5, 0.5, 0.5, 0.5]",,False,0.00557,stop
rehearsal_completion:Pe9908713c000:fable:known,rehearsal_completion,fable,Pe9908713c000,,known,,H,plain,completed,True,ok,True,False,"[0.5, 0.5, 0.5, 0.5, 0.5, 0.5, 0.5, 0.5, 0.5, 0.5]",,False,0.00573,stop
rehearsal_completion:P1356bf255c3f:astra:known,rehearsal_completion,astra,P1356bf255c3f,,known,,H,plain,completed,True,ok,True,False,"[0.5, 0.5, 0.5, 0.5, 0.5, 0.5, 0.5, 0.5, 0.5, 0.5]",,False,0.00554,stop
rehearsal_completion:P9863953a0560:qwen:known,rehearsal_completion,qwen,P9863953a0560,,known,,H,fair,completed,True,ok,True,False,"[0.5, 0.5, 0.5, 0.5, 0.5, 0.5, 0.5, 0.5, 0.5, 0.5]",,False,4.7788e-05,stop
rehearsal_completion:Pad3ddaed20fe:astra:known,rehearsal_completion,astra,Pad3ddaed20fe,,known,,H,plain,completed,True,ok,True,False,"[0.97, 0.03, 0.96, 0.04, 0.95, 0.05, 0.94, 0.06, 0.93, 0.07]",,False,0.00715,stop
rehearsal_completion:Pd0b61bd9dbdd:astra:known,rehearsal_completion,astra,Pd0b61bd9dbdd,,known,,H,plain,completed,True,ok,True,False,"[0.95, 0.05, 0.93, 0.07, 0.91, 0.09, 0.89, 0.11, 0.87, 0.13]",,False,0.0107,stop
rehearsal_completion:P1356bf255c3f:qwen:known,rehearsal_completion,qwen,P1356bf255c3f,,known,,H,plain,completed,True,ok,True,False,"[0.5, 0.5, 0.5, 0.5, 0.5, 0.5, 0.5, 0.5, 0.5, 0.5]",,False,4.7671e-05,stop
rehearsal_completion:P92a12ef80580:qwen:known,rehearsal_completion,qwen,P92a12ef80580,,known,,H,plain,completed,True,ok,True,False,"[0.5, 0.5, 0.5, 0.5, 0.5, 0.5, 0.5, 0.5, 0.5, 0.5]",,False,4.7671e-05,stop
rehearsal_completion:Pea489d686328:qwen:known,rehearsal_completion,qwen,Pea489d686328,,known,,H,fair,completed,True,ok,True,False,"[0.5, 0.5, 0.5, 0.5, 0.5, 0.5, 0.5, 0.5, 0.5, 0.5]",,False,4.7788e-05,stop
rehearsal_completion:P6cbcf311d947:fable:known,rehearsal_completion,fable,P6cbcf311d947,,known,,H,plain,completed,True,ok,True,False,"[0.5, 0.5, 0.5, 0.5, 0.5, 0.5, 0.5, 0.5, 0.5, 0.5]",,False,0.00573,stop
rehearsal_completion:Pe9908713c000:astra:known,rehearsal_completion,astra,Pe9908713c000,,known,,H,plain,completed,True,ok,True,False,"[0.5, 0.5, 0.5, 0.5, 0.5, 0.5, 0.5, 0.5, 0.5, 0.5]",,False,0.00547,stop
rehearsal_completion:Pf4056cdfcf28:fable:known,rehearsal_completion,fable,Pf4056cdfcf28,,known,,H,fair,completed,True,ok,True,False,"[0.5, 0.5, 0.5, 0.5, 0.5, 0.5, 0.5, 0.5, 0.5, 0.5]",,False,0.00574,stop
rehearsal_completion:P5f1d238636dd:astra:known,rehearsal_completion,astra,P5f1d238636dd,,known,,H,fair,completed,True,ok,True,False,"[0.5, 0.5, 0.5, 0.5, 0.5, 0.5, 0.5, 0.5, 0.5, 0.5]",,False,0.00582,stop
rehearsal_completion:Pd0b61bd9dbdd:qwen:known,rehearsal_completion,qwen,Pd0b61bd9dbdd,,known,,H,plain,completed,True,ok,True,False,"[0.5, 0.5, 0.5, 0.5, 0.5, 0.5, 0.5, 0.5, 0.5, 0.5]",,False,4.7554e-05,stop
rehearsal_completion:Pea489d686328:fable:known,rehearsal_completion,fable,Pea489d686328,,known,,H,fair,completed,True,ok,True,False,"[0.5, 0.5, 0.5, 0.5, 0.5, 0.5, 0.5, 0.5, 0.5, 0.5]",,False,0.00575,stop
rehearsal_completion:P1356bf255c3f:fable:known,rehearsal_completion,fable,P1356bf255c3f,,known,,H,plain,completed,True,ok,True,False,"[0.52, 0.5, 0.5, 0.52, 0.5, 0.5, 0.52, 0.5, 0.5, 0.48]",,False,0.00571,stop
rehearsal_completion:P6c0223d28905:fable:known,rehearsal_completion,fable,P6c0223d28905,,known,,H,fair,completed,True,ok,True,False,"[0.52, 0.5, 0.5, 0.52, 0.5, 0.5, 0.52, 0.5, 0.5, 0.5]",,False,0.00573,stop
rehearsal_completion:P6c0223d28905:qwen:known,rehearsal_completion,qwen,P6c0223d28905,,known,,H,fair,completed,True,ok,True,False,"[0.5, 0.5, 0.5, 0.5, 0.5, 0.5, 0.5, 0.5, 0.5, 0.5]",,False,4.7905e-05,stop
rehearsal_completion:Pad3ddaed20fe:fable:known,rehearsal_completion,fable,Pad3ddaed20fe,,known,,H,plain,completed,True,ok,False,True,"[0.85, 0.15, 0.82, 0.18, 0.8, 0.2, 0.78, 0.22, 0.76, 0.24]",,False,0.01136,stop
rehearsal_completion:P9863953a0560:astra:known,rehearsal_completion,astra,P9863953a0560,,known,,H,fair,completed,True,ok,True,False,"[0.5, 0.5, 0.5, 0.5, 0.5, 0.5, 0.5, 0.5, 0.5, 0.5]",,False,0.00465,stop
rehearsal_completion:Pea489d686328:astra:known,rehearsal_completion,astra,Pea489d686328,,known,,H,fair,completed,True,ok,True,False,"[0.5, 0.5, 0.5, 0.5, 0.5, 0.5, 0.5, 0.5, 0.5, 0.5]",,False,0.00467,stop
rehearsal_completion:P410f6d3a7d14:qwen:known,rehearsal_completion,qwen,P410f6d3a7d14,,known,,H,fair,completed,True,ok,True,False,"[0.5, 0.5, 0.5, 0.5, 0.5, 0.5, 0.5, 0.5, 0.5, 0.5]",,False,4.7788e-05,stop
rehearsal_completion:Pad3ddaed20fe:qwen:known,rehearsal_completion,qwen,Pad3ddaed20fe,,known,,H,plain,completed,True,ok,True,False,"[0.5, 0.5, 0.5, 0.5, 0.5, 0.5, 0.5, 0.5, 0.5, 0.5]",,False,4.7554e-05,stop
rehearsal_completion:P9863953a0560:fable:known,rehearsal_completion,fable,P9863953a0560,,known,,H,fair,completed,True,ok,True,False,"[0.5, 0.5, 0.5, 0.5, 0.5, 0.5, 0.5, 0.5, 0.5, 0.5]",,False,0.00574,stop
rehearsal_completion:Pe9908713c000:qwen:known,rehearsal_completion,qwen,Pe9908713c000,,known,,H,plain,completed,True,ok,True,False,"[0.5, 0.5, 0.5, 0.5, 0.5, 0.5, 0.5, 0.5, 0.5, 0.5]",,False,4.7788e-05,stop
rehearsal_pairs:PR5e88f41bcec2:designated:astra,rehearsal_pairs,astra,,PR5e88f41bcec2,,designated,SAME,plain,completed,True,ok,True,False,0.5,,False,0.00262,stop
rehearsal_pairs:PRfb48b9da36dd:designated:qwen,rehearsal_pairs,qwen,,PRfb48b9da36dd,,designated,SAME,fair,completed,True,ok,True,False,0.546,,False,1.8772e-05,stop
rehearsal_pairs:PR4c1cfa6fd9a9:designated:fable,rehearsal_pairs,fable,,PR4c1cfa6fd9a9,,designated,SAME,plain,completed,True,ok,True,False,0.72,,False,0.00236,stop
rehearsal_pairs:PR39fee50f4099:designated:fable,rehearsal_pairs,fable,,PR39fee50f4099,,designated,SAME,fair,completed,True,ok,True,False,0.6,,False,0.00238,stop
rehearsal_completion:Pd0b61bd9dbdd:fable:known,rehearsal_completion,fable,Pd0b61bd9dbdd,,known,,H,plain,completed,True,ok,False,True,"[0.75, 0.3, 0.7, 0.33, 0.67, 0.36, 0.64, 0.38, 0.62, 0.4]",,False,0.01046,stop
rehearsal_pairs:PR60285b3fcf18:designated:qwen,rehearsal_pairs,qwen,,PR60285b3fcf18,,designated,SAME,fair,completed,True,ok,True,False,0.546,,False,1.8655e-05,stop
rehearsal_pairs:PR486d86d56d4c:designated:astra,rehearsal_pairs,astra,,PR486d86d56d4c,,designated,SAME,plain,completed,True,ok,True,False,0.5,,False,0.0036,stop
rehearsal_pairs:PR4c1cfa6fd9a9:designated:astra,rehearsal_pairs,astra,,PR4c1cfa6fd9a9,,designated,SAME,plain,completed,True,ok,True,False,0.5,,False,0.00518,stop
rehearsal_pairs:PR39fee50f4099:designated:qwen,rehearsal_pairs,qwen,,PR39fee50f4099,,designated,SAME,fair,completed,True,ok,True,False,0.143,,False,1.8538e-05,stop
rehearsal_pairs:PR5e88f41bcec2:designated:fable,rehearsal_pairs,fable,,PR5e88f41bcec2,,designated,SAME,plain,completed,True,ok,True,False,0.6,,False,0.00235,stop
rehearsal_pairs:PRfb48b9da36dd:designated:fable,rehearsal_pairs,fable,,PRfb48b9da36dd,,designated,SAME,fair,completed,True,ok,True,False,0.6,,False,0.00238,stop
rehearsal_pairs:PR1232aec11d9d:designated:qwen,rehearsal_pairs,qwen,,PR1232aec11d9d,,designated,SAME,fair,completed,True,ok,True,False,0.53,,False,1.8083e-05,stop
rehearsal_pairs:PR1232aec11d9d:designated:fable,rehearsal_pairs,fable,,PR1232aec11d9d,,designated,SAME,fair,completed,True,ok,True,False,0.55,,False,0.00238,stop
rehearsal_pairs:PRe72981dc6218:designated:astra,rehearsal_pairs,astra,,PRe72981dc6218,,designated,SAME,plain,completed,True,ok,True,False,0.5,,False,0.00302,stop
rehearsal_pairs:PR5e88f41bcec2:designated:qwen,rehearsal_pairs,qwen,,PR5e88f41bcec2,,designated,SAME,plain,completed,True,ok,True,False,0.546,,False,1.8538e-05,stop
rehearsal_pairs:PR4c1cfa6fd9a9:designated:qwen,rehearsal_pairs,qwen,,PR4c1cfa6fd9a9,,designated,SAME,plain,completed,True,ok,True,False,0.5,,False,1.716e-05,stop
rehearsal_pairs:PRbec5819adea0:designated:qwen,rehearsal_pairs,qwen,,PRbec5819adea0,,designated,SAME,fair,completed,True,ok,True,False,0.546,,False,1.8538e-05,stop
rehearsal_pairs:PR16a22e711fdf:designated:fable,rehearsal_pairs,fable,,PR16a22e711fdf,,designated,SAME,plain,completed,True,ok,True,False,0.2,,False,0.00236,stop
rehearsal_pairs:PR8d015abb185b:designated:fable,rehearsal_pairs,fable,,PR8d015abb185b,,designated,SAME,fair,completed,True,ok,True,False,0.55,,False,0.00238,stop
rehearsal_pairs:PR486d86d56d4c:designated:qwen,rehearsal_pairs,qwen,,PR486d86d56d4c,,designated,SAME,plain,completed,True,ok,True,False,0.0016,,False,1.8759e-05,stop
rehearsal_pairs:PR60285b3fcf18:designated:astra,rehearsal_pairs,astra,,PR60285b3fcf18,,designated,SAME,fair,completed,True,ok,True,False,0.5,,False,0.00253,stop
rehearsal_pairs:PRe72981dc6218:designated:fable,rehearsal_pairs,fable,,PRe72981dc6218,,designated,SAME,plain,completed,True,ok,True,False,0.6,,False,0.00235,stop
rehearsal_pairs:PR8d015abb185b:designated:astra,rehearsal_pairs,astra,,PR8d015abb185b,,designated,SAME,fair,completed,True,ok,True,False,0.5,,False,0.00268,stop
rehearsal_pairs:PRfb48b9da36dd:designated:astra,rehearsal_pairs,astra,,PRfb48b9da36dd,,designated,SAME,fair,completed,True,ok,True,False,0.5,,False,0.00329,stop
rehearsal_pairs:PRbec5819adea0:designated:astra,rehearsal_pairs,astra,,PRbec5819adea0,,designated,SAME,fair,completed,True,ok,True,False,0.5,,False,0.00447,stop
rehearsal_pairs:PR486d86d56d4c:designated:fable,rehearsal_pairs,fable,,PR486d86d56d4c,,designated,SAME,plain,completed,True,ok,True,False,0.25,,False,0.00236,stop
rehearsal_pairs:PR16a22e711fdf:designated:qwen,rehearsal_pairs,qwen,,PR16a22e711fdf,,designated,SAME,plain,completed,True,ok,True,False,0.0016,,False,1.8759e-05,stop
rehearsal_pairs:PR39fee50f4099:designated:astra,rehearsal_pairs,astra,,PR39fee50f4099,,designated,SAME,fair,completed,True,ok,True,False,0.5,,False,0.00272,stop
rehearsal_pairs:PRbec5819adea0:designated:fable,rehearsal_pairs,fable,,PRbec5819adea0,,designated,SAME,fair,completed,True,ok,True,False,0.85,,False,0.00238,stop
rehearsal_pairs:PR60285b3fcf18:designated:fable,rehearsal_pairs,fable,,PR60285b3fcf18,,designated,SAME,fair,completed,True,ok,True,False,0.5,,False,0.00238,stop
rehearsal_pairs:PR8d015abb185b:designated:qwen,rehearsal_pairs,qwen,,PR8d015abb185b,,designated,SAME,fair,completed,True,ok,True,False,0.546,,False,1.8655e-05,stop
rehearsal_pairs:PR4a83fb686fc5:designated:fable,rehearsal_pairs,fable,,PR4a83fb686fc5,,designated,SAME,plain,completed,False,multiple_or_no_numbers,False,False,,,False,0.00406,stop
rehearsal_pairs:PR1232aec11d9d:designated:astra,rehearsal_pairs,astra,,PR1232aec11d9d,,designated,SAME,fair,completed,True,ok,True,False,0.5,,False,0.00287,stop
rehearsal_pairs:PR4a83fb686fc5:designated:astra,rehearsal_pairs,astra,,PR4a83fb686fc5,,designated,SAME,plain,completed,True,ok,True,False,0.95,,False,0.00762,stop
rehearsal_pairs:PR16a22e711fdf:designated:astra,rehearsal_pairs,astra,,PR16a22e711fdf,,designated,SAME,plain,completed,True,ok,True,False,0.5,,False,0.004,stop
rehearsal_pairs:PRe72981dc6218:designated:qwen,rehearsal_pairs,qwen,,PRe72981dc6218,,designated,SAME,plain,completed,True,ok,True,False,0.546,,False,1.8538e-05,stop
rehearsal_pairs:PR4a83fb686fc5:designated:qwen,rehearsal_pairs,qwen,,PR4a83fb686fc5,,designated,SAME,plain,completed,True,ok,True,False,0.546,,False,1.8538e-05,stop
rehearsal_completion:P6c0223d28905:qwen:withheld,rehearsal_completion,qwen,P6c0223d28905,,withheld,,H,fair,completed,True,ok,True,False,"[0.5, 0.5, 0.5, 0.5, 0.5, 0.5, 0.5, 0.5, 0.5, 0.5]",,False,4.7671e-05,stop
rehearsal_completion:Pe9908713c000:qwen:withheld,rehearsal_completion,qwen,Pe9908713c000,,withheld,,H,plain,completed,True,ok,True,False,"[0.5, 0.5, 0.5, 0.5, 0.5, 0.5, 0.5, 0.5, 0.5, 0.5]",,False,4.7437e-05,stop
rehearsal_completion:P9863953a0560:astra:withheld,rehearsal_completion,astra,P9863953a0560,,withheld,,H,fair,completed,True,ok,True,False,"[0.5, 0.5, 0.5, 0.5, 0.5, 0.5, 0.5, 0.5, 0.5, 0.5]",,False,0.00575,stop
rehearsal_completion:P6c0223d28905:astra:withheld,rehearsal_completion,astra,P6c0223d28905,,withheld,,H,fair,completed,True,ok,True,False,"[0.5, 0.5, 0.5, 0.5, 0.5, 0.5, 0.5, 0.5, 0.5, 0.5]",,False,0.00566,stop
rehearsal_completion:P5f1d238636dd:astra:withheld,rehearsal_completion,astra,P5f1d238636dd,,withheld,,H,fair,completed,True,ok,True,False,"[0.5, 0.5, 0.5, 0.5, 0.5, 0.5, 0.5, 0.5, 0.5, 0.5]",,False,0.0056,stop
rehearsal_completion:P1356bf255c3f:qwen:withheld,rehearsal_completion,qwen,P1356bf255c3f,,withheld,,H,plain,completed,True,ok,True,False,"[0.45, 0.45, 0.45, 0.45, 0.45, 0.45, 0.45, 0.45, 0.45, 0.45]",,False,5.1987e-05,stop
rehearsal_completion:Pea489d686328:fable:withheld,rehearsal_completion,fable,Pea489d686328,,withheld,,H,fair,completed,True,ok,True,False,"[0.5, 0.5, 0.5, 0.5, 0.5, 0.5, 0.5, 0.5, 0.5, 0.5]",,False,0.00573,stop
rehearsal_completion:Pd0b61bd9dbdd:qwen:withheld,rehearsal_completion,qwen,Pd0b61bd9dbdd,,withheld,,H,plain,completed,True,ok,True,False,"[0.5, 0.5, 0.5, 0.5, 0.5, 0.5, 0.5, 0.5, 0.5, 0.5]",,False,4.732e-05,stop
rehearsal_completion:Pf4056cdfcf28:fable:withheld,rehearsal_completion,fable,Pf4056cdfcf28,,withheld,,H,fair,completed,True,ok,False,True,"[0.6, 0.5, 0.5, 0.5, 0.5, 0.5, 0.5, 0.5, 0.5, 0.5]",,False,0.00878,stop
rehearsal_completion:Pd0b61bd9dbdd:fable:withheld,rehearsal_completion,fable,Pd0b61bd9dbdd,,withheld,,H,plain,completed,True,ok,False,True,"[0.75, 0.25, 0.73, 0.27, 0.72, 0.28, 0.7, 0.3, 0.68, 0.32]",,False,0.00926,stop
rehearsal_completion:Pea489d686328:qwen:withheld,rehearsal_completion,qwen,Pea489d686328,,withheld,,H,fair,completed,True,ok,True,False,"[0.5, 0.5, 0.5, 0.5, 0.5, 0.5, 0.5, 0.5, 0.5, 0.5]",,False,4.7437e-05,stop
rehearsal_completion:Pad3ddaed20fe:qwen:withheld,rehearsal_completion,qwen,Pad3ddaed20fe,,withheld,,H,plain,completed,True,ok,True,False,"[0.5, 0.5, 0.5, 0.5, 0.5, 0.5, 0.5, 0.5, 0.5, 0.5]",,False,4.732e-05,stop
rehearsal_completion:P92a12ef80580:fable:withheld,rehearsal_completion,fable,P92a12ef80580,,withheld,,H,plain,completed,True,ok,True,False,"[0.5, 0.52, 0.5, 0.52, 0.5, 0.5, 0.52, 0.5, 0.52, 0.5]",,False,0.00571,stop
rehearsal_completion:P410f6d3a7d14:astra:withheld,rehearsal_completion,astra,P410f6d3a7d14,,withheld,,H,fair,completed,True,ok,True,False,"[0.5, 0.5, 0.5, 0.5, 0.5, 0.5, 0.5, 0.5, 0.5, 0.5]",,False,0.00464,stop
rehearsal_completion:Pe9908713c000:fable:withheld,rehearsal_completion,fable,Pe9908713c000,,withheld,,H,plain,completed,True,ok,True,False,"[0.5, 0.5, 0.52, 0.5, 0.5, 0.52, 0.5, 0.52, 0.5, 0.5]",,False,0.00571,stop
rehearsal_completion:Pad3ddaed20fe:fable:withheld,rehearsal_completion,fable,Pad3ddaed20fe,,withheld,,H,plain,completed,True,ok,False,True,"[0.78, 0.25, 0.75, 0.27, 0.73, 0.29, 0.72, 0.3, 0.7, 0.32]",,False,0.01021,stop
rehearsal_completion:P410f6d3a7d14:fable:withheld,rehearsal_completion,fable,P410f6d3a7d14,,withheld,,H,fair,completed,True,ok,True,False,"[0.5, 0.52, 0.5, 0.5, 0.52, 0.5, 0.5, 0.5, 0.52, 0.5]",,False,0.00573,stop
rehearsal_completion:P92a12ef80580:astra:withheld,rehearsal_completion,astra,P92a12ef80580,,withheld,,H,plain,completed,True,ok,True,False,"[0.5, 0.5, 0.5, 0.5, 0.5, 0.5, 0.5, 0.5, 0.5, 0.5]",,False,0.00574,stop
rehearsal_completion:P6c0223d28905:fable:withheld,rehearsal_completion,fable,P6c0223d28905,,withheld,,H,fair,completed,True,ok,True,False,"[0.5, 0.5, 0.5, 0.5, 0.5, 0.5, 0.5, 0.5, 0.5, 0.5]",,False,0.00573,stop
rehearsal_completion:P5f1d238636dd:fable:withheld,rehearsal_completion,fable,P5f1d238636dd,,withheld,,H,fair,completed,True,ok,True,False,"[0.5, 0.5, 0.5, 0.5, 0.5, 0.5, 0.5, 0.5, 0.5, 0.5]",,False,0.00573,stop
rehearsal_completion:Pf4056cdfcf28:astra:withheld,rehearsal_completion,astra,Pf4056cdfcf28,,withheld,,H,fair,completed,True,ok,True,False,"[0.5, 0.5, 0.5, 0.5, 0.5, 0.5, 0.5, 0.5, 0.5, 0.5]",,False,0.00464,stop
rehearsal_completion:Pea489d686328:astra:withheld,rehearsal_completion,astra,Pea489d686328,,withheld,,H,fair,completed,True,ok,True,False,"[0.5, 0.5, 0.5, 0.5, 0.5, 0.5, 0.5, 0.5, 0.5, 0.5]",,False,0.00569,stop
rehearsal_completion:P410f6d3a7d14:qwen:withheld,rehearsal_completion,qwen,P410f6d3a7d14,,withheld,,H,fair,completed,True,ok,True,False,"[0.5, 0.5, 0.5, 0.5, 0.5, 0.5, 0.5, 0.5, 0.5, 0.5]",,False,4.7437e-05,stop
rehearsal_completion:P9863953a0560:fable:withheld,rehearsal_completion,fable,P9863953a0560,,withheld,,H,fair,completed,True,ok,True,False,"[0.5, 0.52, 0.48, 0.5, 0.51, 0.49, 0.5, 0.52, 0.48, 0.5]",,False,0.00573,stop
rehearsal_completion:Pf4056cdfcf28:qwen:withheld,rehearsal_completion,qwen,Pf4056cdfcf28,,withheld,,H,fair,completed,True,ok,True,False,"[0.5, 0.5, 0.5, 0.5, 0.5, 0.5, 0.5, 0.5, 0.5, 0.5]",,False,4.7437e-05,stop
rehearsal_completion:Pe9908713c000:astra:withheld,rehearsal_completion,astra,Pe9908713c000,,withheld,,H,plain,completed,True,ok,True,False,"[0.5, 0.5, 0.5, 0.5, 0.5, 0.5, 0.5, 0.5, 0.5, 0.5]",,False,0.00549,stop
rehearsal_completion:P1356bf255c3f:astra:withheld,rehearsal_completion,astra,P1356bf255c3f,,withheld,,H,plain,completed,True,ok,True,False,"[0.5, 0.5, 0.5, 0.5, 0.5, 0.5, 0.5, 0.5, 0.5, 0.5]",,False,0.00554,stop
rehearsal_completion:P9863953a0560:qwen:withheld,rehearsal_completion,qwen,P9863953a0560,,withheld,,H,fair,completed,True,ok,True,False,"[0.5, 0.5, 0.5, 0.5, 0.5, 0.5, 0.5, 0.5, 0.5, 0.5]",,False,4.7554e-05,stop
rehearsal_completion:P6cbcf311d947:astra:withheld,rehearsal_completion,astra,P6cbcf311d947,,withheld,,H,plain,completed,True,ok,True,False,"[0.5, 0.5, 0.5, 0.5, 0.5, 0.5, 0.5, 0.5, 0.5, 0.5]",,False,0.00574,stop
rehearsal_completion:P6cbcf311d947:qwen:withheld,rehearsal_completion,qwen,P6cbcf311d947,,withheld,,H,plain,completed,True,ok,True,False,"[0.5, 0.5, 0.5, 0.5, 0.5, 0.5, 0.5, 0.5, 0.5, 0.5]",,False,4.7437e-05,stop
rehearsal_completion:Pad3ddaed20fe:astra:withheld,rehearsal_completion,astra,Pad3ddaed20fe,,withheld,,H,plain,completed,True,ok,True,False,"[0.9, 0.12, 0.86, 0.16, 0.83, 0.19, 0.8, 0.21, 0.78, 0.23]",,False,0.01088,stop
rehearsal_completion:P5f1d238636dd:qwen:withheld,rehearsal_completion,qwen,P5f1d238636dd,,withheld,,H,fair,completed,True,ok,True,False,"[0.5, 0.5, 0.5, 0.5, 0.5, 0.5, 0.5, 0.5, 0.5, 0.5]",,False,4.7554e-05,stop
rehearsal_completion:P1356bf255c3f:fable:withheld,rehearsal_completion,fable,P1356bf255c3f,,withheld,,H,plain,completed,True,ok,True,False,"[0.5, 0.5, 0.5, 0.5, 0.5, 0.5, 0.5, 0.5, 0.5, 0.5]",,False,0.0057,stop
rehearsal_completion:P92a12ef80580:qwen:withheld,rehearsal_completion,qwen,P92a12ef80580,,withheld,,H,plain,completed,True,ok,True,False,"[0.5, 0.5, 0.5, 0.5, 0.5, 0.5, 0.5, 0.5, 0.5, 0.5]",,False,4.7437e-05,stop
rehearsal_completion:P6cbcf311d947:fable:withheld,rehearsal_completion,fable,P6cbcf311d947,,withheld,,H,plain,completed,True,ok,True,False,"[0.5, 0.5, 0.5, 0.5, 0.5, 0.5, 0.5, 0.5, 0.5, 0.5]",,False,0.00571,stop
rehearsal_completion:Pd0b61bd9dbdd:astra:withheld,rehearsal_completion,astra,Pd0b61bd9dbdd,,withheld,,H,plain,completed,True,ok,True,False,"[0.95, 0.06, 0.93, 0.08, 0.91, 0.1, 0.89, 0.12, 0.87, 0.14]",,False,0.01053,stop
completion:P8a4a199d7c0d:qwen:withheld,completion,qwen,P8a4a199d7c0d,,withheld,,H,plain,completed,True,ok,True,False,"[0.5, 0.5, 0.5, 0.5, 0.5, 0.5, 0.5, 0.5, 0.5, 0.5]",0.25,True,4.732e-05,stop
completion:P4355c1f030d6:qwen:known,completion,qwen,P4355c1f030d6,,known,,H,fair,completed,True,ok,True,False,"[0.5, 0.5, 0.5, 0.5, 0.5, 0.5, 0.5, 0.5, 0.5, 0.5]",0.25,True,4.7788e-05,stop
completion:P1fbe776671a1:qwen:withheld,completion,qwen,P1fbe776671a1,,withheld,,H,plain,completed,True,ok,True,False,"[0.45, 0.45, 0.45, 0.45, 0.45, 0.45, 0.45, 0.45, 0.45, 0.45]",0.26250000000000007,True,5.1987e-05,stop
completion:Pc0fd2996d5e3:astra:known,completion,astra,Pc0fd2996d5e3,,known,,H,fair,completed,True,ok,True,False,"[0.5, 0.5, 0.5, 0.5, 0.5, 0.5, 0.5, 0.5, 0.5, 0.5]",0.25,True,0.00467,stop
completion:P35fe2e518f05:astra:withheld,completion,astra,P35fe2e518f05,,withheld,,H,fair,completed,True,ok,True,False,"[0.5, 0.5, 0.5, 0.5, 0.5, 0.5, 0.5, 0.5, 0.5, 0.5]",0.25,True,0.00464,stop
completion:P8ca0d4cc96b1:fable:known,completion,fable,P8ca0d4cc96b1,,known,,H,plain,completed,True,ok,True,False,"[0.5, 0.5, 0.5, 0.5, 0.5, 0.5, 0.5, 0.5, 0.5, 0.5]",0.25,True,0.00573,stop
completion:P158904262452:astra:withheld,completion,astra,P158904262452,,withheld,,H,fair,completed,True,ok,True,False,"[0.5, 0.5, 0.5, 0.5, 0.5, 0.5, 0.5, 0.5, 0.5, 0.5]",0.25,True,0.00464,stop
completion:Pbe2c91a32679:astra:withheld,completion,astra,Pbe2c91a32679,,withheld,,H,plain,completed,True,ok,True,False,"[0.5, 0.5, 0.5, 0.5, 0.5, 0.5, 0.5, 0.5, 0.5, 0.5]",0.25,True,0.00558,stop
completion:P114313b6e44d:qwen:known,completion,qwen,P114313b6e44d,,known,,H,fair,completed,True,ok,True,False,"[0.5, 0.5, 0.5, 0.5, 0.5, 0.5, 0.5, 0.5, 0.5, 0.5]",0.25,True,4.7788e-05,stop
completion:P0b6c85ef85e6:qwen:known,completion,qwen,P0b6c85ef85e6,,known,,H,plain,completed,True,ok,True,False,"[0.5, 0.5, 0.5, 0.5, 0.5, 0.5, 0.5, 0.5, 0.5, 0.5]",0.25,True,4.7671e-05,stop
completion:P34df0d0e02ef:qwen:known,completion,qwen,P34df0d0e02ef,,known,,H,fair,completed,True,ok,True,False,"[0.5, 0.5, 0.5, 0.5, 0.5, 0.5, 0.5, 0.5, 0.5, 0.5]",0.25,True,4.7788e-05,stop
completion:P9bb52487a24b:qwen:known,completion,qwen,P9bb52487a24b,,known,,H,fair,completed,True,ok,True,False,"[0.5, 0.5, 0.5, 0.5, 0.5, 0.5, 0.5, 0.5, 0.5, 0.5]",0.25,True,4.7788e-05,stop
completion:P35fe2e518f05:fable:withheld,completion,fable,P35fe2e518f05,,withheld,,H,fair,completed,True,ok,True,False,"[0.5, 0.5, 0.5, 0.5, 0.5, 0.5, 0.5, 0.5, 0.5, 0.5]",0.25,True,0.00573,stop
completion:Pfb1fbd01a972:astra:known,completion,astra,Pfb1fbd01a972,,known,,H,plain,completed,True,ok,True,False,"[0.5, 0.5, 0.5, 0.5, 0.5, 0.5, 0.5, 0.5, 0.5, 0.5]",0.25,True,0.00562,stop
completion:P677417766022:fable:known,completion,fable,P677417766022,,known,,H,plain,completed,True,ok,True,False,"[0.5, 0.5, 0.5, 0.5, 0.5, 0.5, 0.5, 0.5, 0.5, 0.5]",0.25,True,0.00572,stop
completion:P252befd2665e:fable:withheld,completion,fable,P252befd2665e,,withheld,,H,plain,completed,True,ok,True,False,"[0.55, 0.5, 0.52, 0.48, 0.5, 0.5, 0.52, 0.48, 0.5, 0.5]",0.24941,True,0.00571,stop
completion:Pc434b1c8d803:qwen:known,completion,qwen,Pc434b1c8d803,,known,,H,fair,completed,True,ok,True,False,"[0.5, 0.5, 0.5, 0.5, 0.5, 0.5, 0.5, 0.5, 0.5, 0.5]",0.25,True,4.7671e-05,stop
completion:Pb30f63c422d5:astra:withheld,completion,astra,Pb30f63c422d5,,withheld,,H,plain,completed,True,ok,True,False,"[0.5, 0.5, 0.5, 0.5, 0.5, 0.5, 0.5, 0.5, 0.5, 0.5]",0.25,True,0.00569,stop
completion:P087b9bc9c757:fable:withheld,completion,fable,P087b9bc9c757,,withheld,,H,fair,completed,True,ok,True,False,"[0.5, 0.52, 0.5, 0.52, 0.5, 0.5, 0.52, 0.5, 0.5, 0.5]",0.25212,True,0.00573,stop
completion:P71e3bed10720:fable:withheld,completion,fable,P71e3bed10720,,withheld,,H,plain,completed,True,ok,False,True,"[0.8, 0.25, 0.75, 0.3, 0.72, 0.33, 0.7, 0.35, 0.68, 0.37]",0.08941,True,0.00966,stop
completion:Pb728176c80b0:fable:withheld,completion,fable,Pb728176c80b0,,withheld,,H,plain,completed,True,ok,True,False,"[0.5, 0.52, 0.5, 0.52, 0.5, 0.52, 0.5, 0.52, 0.5, 0.52]",0.25220000000000004,True,0.00571,stop
completion:P9085e4933441:qwen:known,completion,qwen,P9085e4933441,,known,,H,plain,completed,True,ok,True,False,"[0.5, 0.5, 0.5, 0.5, 0.5, 0.5, 0.5, 0.5, 0.5, 0.5]",0.25,True,4.7671e-05,stop
completion:Pe165b33556bf:fable:known,completion,fable,Pe165b33556bf,,known,,H,fair,completed,True,ok,True,False,"[0.5, 0.5, 0.5, 0.5, 0.5, 0.5, 0.5, 0.5, 0.5, 0.5]",0.25,True,0.00575,stop
completion:P200d4085da52:fable:known,completion,fable,P200d4085da52,,known,,H,plain,completed,True,ok,True,False,"[0.5, 0.5, 0.5, 0.5, 0.5, 0.5, 0.5, 0.5, 0.5, 0.5]",0.25,True,0.00573,stop
completion:Pe3e5a00b8559:qwen:withheld,completion,qwen,Pe3e5a00b8559,,withheld,,H,plain,completed,True,ok,True,False,"[0.5, 0.5, 0.5, 0.5, 0.5, 0.5, 0.5, 0.5, 0.5, 0.5]",0.25,True,4.732e-05,stop
completion:Pba7ed2d6d916:fable:known,completion,fable,Pba7ed2d6d916,,known,,H,fair,completed,True,ok,True,False,"[0.5, 0.5, 0.5, 0.5, 0.5, 0.5, 0.5, 0.5, 0.5, 0.5]",0.25,True,0.00574,stop
completion:Pf414edc880f7:qwen:withheld,completion,qwen,Pf414edc880f7,,withheld,,H,plain,completed,True,ok,True,False,"[0.5, 0.5, 0.5, 0.5, 0.5, 0.5, 0.5, 0.5, 0.5, 0.5]",0.25,True,4.7437e-05,stop
completion:Pfefe7f7bbcc9:fable:known,completion,fable,Pfefe7f7bbcc9,,known,,H,plain,completed,True,ok,True,False,"[0.5, 0.5, 0.5, 0.5, 0.5, 0.5, 0.5, 0.5, 0.5, 0.5]",0.25,True,0.00528,stop
completion:P6091b7693004:astra:withheld,completion,astra,P6091b7693004,,withheld,,H,plain,completed,True,ok,True,False,"[0.5, 0.5, 0.5, 0.5, 0.5, 0.5, 0.5, 0.5, 0.5, 0.5]",0.25,True,0.00584,stop
completion:P912e764d7a17:fable:withheld,completion,fable,P912e764d7a17,,withheld,,H,plain,completed,True,ok,True,False,"[0.52, 0.5, 0.5, 0.52, 0.5, 0.5, 0.52, 0.5, 0.5, 0.5]",0.24411999999999998,True,0.00571,stop
completion:P9799ccdd11c6:astra:known,completion,astra,P9799ccdd11c6,,known,,H,fair,completed,True,ok,True,False,"[0.5, 0.5, 0.5, 0.5, 0.5, 0.5, 0.5, 0.5, 0.5, 0.5]",0.25,True,0.00467,stop
completion:P9aa5b2d197cd:qwen:withheld,completion,qwen,P9aa5b2d197cd,,withheld,,H,fair,completed,True,ok,True,False,"[0.5, 0.5, 0.5, 0.5, 0.5, 0.5, 0.5, 0.5, 0.5, 0.5]",0.25,True,4.7437e-05,stop
completion:P9bcd6a4ebe2e:fable:withheld,completion,fable,P9bcd6a4ebe2e,,withheld,,H,fair,completed,True,ok,True,False,"[0.5, 0.5, 0.5, 0.5, 0.5, 0.5, 0.5, 0.5, 0.5, 0.5]",0.25,True,0.00573,stop
completion:P31c371139df3:astra:withheld,completion,astra,P31c371139df3,,withheld,,H,plain,completed,True,ok,True,False,"[0.5, 0.5, 0.5, 0.5, 0.5, 0.5, 0.5, 0.5, 0.5, 0.5]",0.25,True,0.00584,stop
completion:Pe8e0638e8b6a:fable:withheld,completion,fable,Pe8e0638e8b6a,,withheld,,H,plain,completed,True,ok,True,False,"[0.5, 0.5, 0.5, 0.5, 0.5, 0.5, 0.5, 0.5, 0.5, 0.5]",0.25,True,0.00526,stop
completion:Pc206c573b70f:astra:known,completion,astra,Pc206c573b70f,,known,,H,plain,completed,True,ok,True,False,"[0.5, 0.5, 0.5, 0.5, 0.5, 0.5, 0.5, 0.5, 0.5, 0.5]",0.25,True,0.00612,stop
completion:Pac1e59009057:fable:known,completion,fable,Pac1e59009057,,known,,H,plain,completed,True,ok,True,False,"[0.5, 0.5, 0.5, 0.5, 0.5, 0.5, 0.5, 0.5, 0.5, 0.5]",0.25,True,0.00573,stop
completion:Pf6a25a3d68ec:fable:known,completion,fable,Pf6a25a3d68ec,,known,,H,plain,completed,True,ok,True,False,"[0.5, 0.5, 0.52, 0.5, 0.5, 0.52, 0.5, 0.5, 0.52, 0.5]",0.24811999999999998,True,0.00528,stop
completion:Pe3e5a00b8559:fable:withheld,completion,fable,Pe3e5a00b8559,,withheld,,H,plain,completed,True,ok,False,True,"[0.8, 0.25, 0.78, 0.27, 0.76, 0.29, 0.74, 0.3, 0.72, 0.32]",0.07039,True,0.00991,stop
completion:Pefa8f3467812:astra:known,completion,astra,Pefa8f3467812,,known,,H,fair,completed,True,ok,True,False,"[0.5, 0.5, 0.5, 0.5, 0.5, 0.5, 0.5, 0.5, 0.5, 0.5]",0.25,True,0.00467,stop
completion:P9623d498f378:qwen:withheld,completion,qwen,P9623d498f378,,withheld,,H,plain,completed,True,ok,True,False,"[0.5, 0.5, 0.5, 0.5, 0.5, 0.5, 0.5, 0.5, 0.5, 0.5]",0.25,True,4.7437e-05,stop
completion:P34c52e49399b:fable:known,completion,fable,P34c52e49399b,,known,,H,fair,completed,True,ok,True,False,"[0.5, 0.52, 0.5, 0.5, 0.5, 0.52, 0.5, 0.5, 0.52, 0.5]",0.24411999999999998,True,0.00575,stop
completion:Pc6de4564221f:astra:withheld,completion,astra,Pc6de4564221f,,withheld,,H,plain,completed,True,ok,True,False,"[0.5, 0.5, 0.5, 0.5, 0.5, 0.5, 0.5, 0.5, 0.5, 0.5]",0.25,True,0.00569,stop
completion:P9333131fafea:qwen:withheld,completion,qwen,P9333131fafea,,withheld,,H,fair,completed,True,ok,True,False,"[0.5, 0.5, 0.5, 0.5, 0.5, 0.5, 0.5, 0.5, 0.5, 0.5]",0.25,True,4.7554e-05,stop
completion:P6508b3b0ad8d:astra:known,completion,astra,P6508b3b0ad8d,,known,,H,fair,completed,True,ok,True,False,"[0.5, 0.5, 0.5, 0.5, 0.5, 0.5, 0.5, 0.5, 0.5, 0.5]",0.25,True,0.00467,stop
completion:Pb728176c80b0:astra:withheld,completion,astra,Pb728176c80b0,,withheld,,H,plain,completed,True,ok,True,False,"[0.5, 0.5, 0.5, 0.5, 0.5, 0.5, 0.5, 0.5, 0.5, 0.5]",0.25,True,0.00564,stop
completion:Pf1091159de0d:qwen:withheld,completion,qwen,Pf1091159de0d,,withheld,,H,fair,completed,True,ok,True,False,"[0.5, 0.5, 0.5, 0.5, 0.5, 0.5, 0.5, 0.5, 0.5, 0.5]",0.25,True,4.7437e-05,stop
completion:P39595f3e98ab:fable:withheld,completion,fable,P39595f3e98ab,,withheld,,H,fair,completed,True,ok,True,False,"[0.52, 0.5, 0.5, 0.53, 0.5, 0.48, 0.52, 0.5, 0.5, 0.48]",0.24325000000000002,True,0.00573,stop
completion:Pc3e2c454d97b:fable:known,completion,fable,Pc3e2c454d97b,,known,,H,plain,completed,True,ok,True,False,"[0.5, 0.5, 0.5, 0.5, 0.5, 0.5, 0.5, 0.5, 0.5, 0.5]",0.25,True,0.00571,stop
completion:Pc8c003cfff1f:qwen:withheld,completion,qwen,Pc8c003cfff1f,,withheld,,H,plain,completed,True,ok,True,False,"[0.5, 0.5, 0.5, 0.5, 0.5, 0.5, 0.5, 0.5, 0.5, 0.5]",0.25,True,4.7437e-05,stop
completion:Pf2e94fd041d7:fable:known,completion,fable,Pf2e94fd041d7,,known,,H,fair,completed,True,ok,True,False,"[0.5, 0.5, 0.5, 0.5, 0.5, 0.5, 0.5, 0.5, 0.5, 0.5]",0.25,True,0.00574,stop
completion:P82c20dad2b44:fable:known,completion,fable,P82c20dad2b44,,known,,H,plain,completed,True,ok,True,False,"[0.52, 0.5, 0.52, 0.5, 0.5, 0.52, 0.5, 0.52, 0.5, 0.52]",0.25220000000000004,True,0.00572,stop
completion:Pb52dde02fcd2:astra:withheld,completion,astra,Pb52dde02fcd2,,withheld,,H,plain,completed,True,ok,True,False,"[0.5, 0.5, 0.5, 0.5, 0.5, 0.5, 0.5, 0.5, 0.5, 0.5]",0.25,True,0.00649,stop
completion:Pc206c573b70f:qwen:known,completion,qwen,Pc206c573b70f,,known,,H,plain,completed,True,ok,True,False,"[0.5, 0.5, 0.5, 0.5, 0.5, 0.5, 0.5, 0.5, 0.5, 0.5]",0.25,True,4.7788e-05,stop
completion:Pf414edc880f7:fable:withheld,completion,fable,Pf414edc880f7,,withheld,,H,plain,completed,True,ok,True,False,"[0.5, 0.5, 0.5, 0.5, 0.5, 0.5, 0.5, 0.5, 0.5, 0.5]",0.25,True,0.00571,stop
completion:Pce14028dab81:astra:withheld,completion,astra,Pce14028dab81,,withheld,,H,fair,completed,True,ok,True,False,"[0.5, 0.5, 0.5, 0.5, 0.5, 0.5, 0.5, 0.5, 0.5, 0.5]",0.25,True,0.00464,stop
completion:Pe19f1b60ae5e:astra:known,completion,astra,Pe19f1b60ae5e,,known,,H,plain,completed,True,ok,True,False,"[0.5, 0.5, 0.5, 0.5, 0.5, 0.5, 0.5, 0.5, 0.5, 0.5]",0.25,True,0.00463,stop
completion:P3e33e4b69101:fable:known,completion,fable,P3e33e4b69101,,known,,H,plain,completed,True,ok,False,True,"[0.88, 0.12, 0.87, 0.13, 0.86, 0.14, 0.85, 0.15, 0.84, 0.16]",0.019800000000000005,True,0.00946,stop
completion:Pf1ad18af4dc4:fable:withheld,completion,fable,Pf1ad18af4dc4,,withheld,,H,fair,completed,True,ok,True,False,"[0.5, 0.52, 0.5, 0.5, 0.52, 0.5, 0.5, 0.52, 0.5, 0.5]",0.24411999999999998,True,0.00573,stop
completion:P08efdd7d726e:fable:withheld,completion,fable,P08efdd7d726e,,withheld,,H,fair,completed,True,ok,True,False,"[0.5, 0.52, 0.5, 0.5, 0.52, 0.5, 0.52, 0.5, 0.5, 0.5]",0.24811999999999998,True,0.00573,stop
completion:P537c6c1f7b6a:fable:withheld,completion,fable,P537c6c1f7b6a,,withheld,,H,plain,completed,True,ok,True,False,"[0.55, 0.47, 0.52, 0.5, 0.48, 0.53, 0.5, 0.47, 0.52, 0.48]",0.24268,True,0.00571,stop
completion:Pf91d12d82d7d:fable:withheld,completion,fable,Pf91d12d82d7d,,withheld,,H,fair,completed,True,ok,True,False,"[0.5, 0.52, 0.48, 0.5, 0.52, 0.48, 0.5, 0.52, 0.48, 0.5]",0.24624000000000001,True,0.00528,stop
completion:Pf340370ed9c4:fable:known,completion,fable,Pf340370ed9c4,,known,,H,plain,completed,True,ok,True,False,"[0.5, 0.5, 0.5, 0.5, 0.5, 0.5, 0.5, 0.5, 0.5, 0.5]",0.25,True,0.00572,stop
completion:Pd776de804751:fable:withheld,completion,fable,Pd776de804751,,withheld,,H,plain,completed,True,ok,True,False,"[0.52, 0.5, 0.52, 0.5, 0.52, 0.5, 0.52, 0.5, 0.52, 0.5]",0.24820000000000003,True,0.00571,stop
completion:P987914eb2fe5:astra:known,completion,astra,P987914eb2fe5,,known,,H,plain,completed,True,ok,True,False,"[0.5, 0.5, 0.5, 0.5, 0.5, 0.5, 0.5, 0.5, 0.5, 0.5]",0.25,True,0.00558,stop
completion:Pa10056f1a764:fable:known,completion,fable,Pa10056f1a764,,known,,H,plain,completed,True,ok,True,False,"[0.5, 0.5, 0.5, 0.5, 0.5, 0.5, 0.5, 0.5, 0.5, 0.5]",0.25,True,0.00573,stop
completion:P50b87a09560e:astra:known,completion,astra,P50b87a09560e,,known,,H,plain,completed,True,ok,True,False,"[0.5, 0.5, 0.5, 0.5, 0.5, 0.5, 0.5, 0.5, 0.5, 0.5]",0.25,True,0.00547,stop
completion:Pf81c72ae8aab:fable:known,completion,fable,Pf81c72ae8aab,,known,,H,plain,completed,True,ok,True,False,"[0.5, 0.5, 0.5, 0.5, 0.5, 0.5, 0.5, 0.5, 0.5, 0.5]",0.25,True,0.00571,stop
completion:P5979a50c624a:fable:withheld,completion,fable,P5979a50c624a,,withheld,,H,plain,completed,True,ok,True,False,"[0.52, 0.5, 0.52, 0.5, 0.52, 0.5, 0.52, 0.5, 0.5, 0.5]",0.25016,True,0.00571,stop
completion:Pe8e0638e8b6a:qwen:withheld,completion,qwen,Pe8e0638e8b6a,,withheld,,H,plain,completed,True,ok,True,False,"[0.45, 0.45, 0.45, 0.45, 0.45, 0.45, 0.45, 0.45, 0.45, 0.45]",0.25250000000000006,True,5.1987e-05,stop
completion:Pf55cf6e8ccb0:qwen:known,completion,qwen,Pf55cf6e8ccb0,,known,,H,plain,completed,True,ok,True,False,"[0.45, 0.45, 0.45, 0.45, 0.45, 0.45, 0.45, 0.45, 0.45, 0.45]",0.26250000000000007,True,5.2338e-05,stop
completion:Pdf2b3d9b2d24:astra:known,completion,astra,Pdf2b3d9b2d24,,known,,H,fair,completed,True,ok,True,False,"[0.5, 0.5, 0.5, 0.5, 0.5, 0.5, 0.5, 0.5, 0.5, 0.5]",0.25,True,0.00464,stop
completion:P0b6c85ef85e6:fable:known,completion,fable,P0b6c85ef85e6,,known,,H,plain,completed,True,ok,True,False,"[0.5, 0.52, 0.48, 0.52, 0.5, 0.5, 0.52, 0.5, 0.48, 0.5]",0.25220000000000004,True,0.00571,stop
completion:Pde0906d9007c:astra:withheld,completion,astra,Pde0906d9007c,,withheld,,H,plain,completed,True,ok,True,False,"[0.5, 0.5, 0.5, 0.5, 0.5, 0.5, 0.5, 0.5, 0.5, 0.5]",0.25,True,0.00543,stop
completion:Pbd9a30ecefb0:astra:known,completion,astra,Pbd9a30ecefb0,,known,,H,fair,completed,True,ok,True,False,"[0.5, 0.5, 0.5, 0.5, 0.5, 0.5, 0.5, 0.5, 0.5, 0.5]",0.25,True,0.00464,stop
completion:P2bc62689bf73:qwen:known,completion,qwen,P2bc62689bf73,,known,,H,fair,completed,True,ok,True,False,"[0.5, 0.5, 0.5, 0.5, 0.5, 0.5, 0.5, 0.5, 0.5, 0.5]",0.25,True,4.7671e-05,stop
completion:P4c4008541209:qwen:known,completion,qwen,P4c4008541209,,known,,H,plain,completed,True,ok,True,False,"[0.5, 0.5, 0.5, 0.5, 0.5, 0.5, 0.5, 0.5, 0.5, 0.5]",0.25,True,4.7554e-05,stop
completion:P9aa5b2d197cd:fable:withheld,completion,fable,P9aa5b2d197cd,,withheld,,H,fair,completed,True,ok,True,False,"[0.5, 0.5, 0.5, 0.5, 0.5, 0.5, 0.5, 0.5, 0.5, 0.5]",0.25,True,0.00573,stop
completion:P154ffb63867c:fable:withheld,completion,fable,P154ffb63867c,,withheld,,H,plain,completed,True,ok,True,False,"[0.55, 0.5, 0.52, 0.5, 0.53, 0.5, 0.52, 0.5, 0.52, 0.5]",0.24645999999999998,True,0.00571,stop
completion:Pf912b277130e:astra:known,completion,astra,Pf912b277130e,,known,,H,plain,completed,True,ok,True,False,"[0.5, 0.5, 0.5, 0.5, 0.5, 0.5, 0.5, 0.5, 0.5, 0.5]",0.25,True,0.00598,stop
completion:Pf2e94fd041d7:astra:known,completion,astra,Pf2e94fd041d7,,known,,H,fair,completed,True,ok,True,False,"[0.5, 0.5, 0.5, 0.5, 0.5, 0.5, 0.5, 0.5, 0.5, 0.5]",0.25,True,0.00465,stop
completion:Pb728176c80b0:qwen:withheld,completion,qwen,Pb728176c80b0,,withheld,,H,plain,completed,True,ok,True,False,"[0.5, 0.5, 0.5, 0.5, 0.5, 0.5, 0.5, 0.5, 0.5, 0.5]",0.25,True,4.7437e-05,stop
completion:P932a30f0b2af:qwen:known,completion,qwen,P932a30f0b2af,,known,,H,plain,completed,True,ok,True,False,"[0.5, 0.5, 0.5, 0.5, 0.5, 0.5, 0.5, 0.5, 0.5, 0.5]",0.25,True,4.7671e-05,stop
completion:Pdf2b3d9b2d24:fable:known,completion,fable,Pdf2b3d9b2d24,,known,,H,fair,completed,True,ok,True,False,"[0.5, 0.5, 0.5, 0.5, 0.5, 0.5, 0.5, 0.5, 0.5, 0.5]",0.25,True,0.00574,stop
completion:P9333131fafea:fable:withheld,completion,fable,P9333131fafea,,withheld,,H,fair,completed,True,ok,True,False,"[0.5, 0.5, 0.5, 0.5, 0.5, 0.5, 0.5, 0.5, 0.5, 0.5]",0.25,True,0.00573,stop
completion:P677417766022:astra:known,completion,astra,P677417766022,,known,,H,plain,completed,True,ok,True,False,"[0.5, 0.5, 0.5, 0.5, 0.5, 0.5, 0.5, 0.5, 0.5, 0.5]",0.25,True,0.00588,stop
completion:P085b274e4e18:astra:withheld,completion,astra,P085b274e4e18,,withheld,,H,plain,completed,True,ok,True,False,"[0.5, 0.5, 0.5, 0.5, 0.5, 0.5, 0.5, 0.5, 0.5, 0.5]",0.25,True,0.00569,stop
completion:P0b6c85ef85e6:astra:known,completion,astra,P0b6c85ef85e6,,known,,H,plain,completed,True,ok,True,False,"[0.5, 0.5, 0.5, 0.5, 0.5, 0.5, 0.5, 0.5, 0.5, 0.5]",0.25,True,0.00636,stop
completion:P4311dc4c44fc:qwen:withheld,completion,qwen,P4311dc4c44fc,,withheld,,H,plain,completed,True,ok,True,False,"[0.5, 0.5, 0.5, 0.5, 0.5, 0.5, 0.5, 0.5, 0.5, 0.5]",0.25,True,4.732e-05,stop
completion:Pe19f1b60ae5e:qwen:known,completion,qwen,Pe19f1b60ae5e,,known,,H,plain,completed,True,ok,True,False,"[0.45, 0.45, 0.45, 0.45, 0.45, 0.45, 0.45, 0.45, 0.45, 0.45]",0.26250000000000007,True,5.2104e-05,stop
completion:P422f555d345f:fable:known,completion,fable,P422f555d345f,,known,,H,plain,completed,True,ok,True,False,"[0.82, 0.2, 0.8, 0.22, 0.78, 0.24, 0.76, 0.26, 0.74, 0.28]",0.0538,True,0.01066,stop
completion:Pc9cd24ab55f4:astra:known,completion,astra,Pc9cd24ab55f4,,known,,H,plain,completed,True,ok,True,False,"[0.96, 0.04, 0.95, 0.05, 0.94, 0.06, 0.93, 0.07, 0.92, 0.08]",0.0038,True,0.0094,stop
completion:P6091b7693004:qwen:withheld,completion,qwen,P6091b7693004,,withheld,,H,plain,completed,True,ok,True,False,"[0.5, 0.5, 0.5, 0.5, 0.5, 0.5, 0.5, 0.5, 0.5, 0.5]",0.25,True,4.7437e-05,stop
completion:Pf55cf6e8ccb0:astra:known,completion,astra,Pf55cf6e8ccb0,,known,,H,plain,completed,True,ok,True,False,"[0.5, 0.5, 0.5, 0.5, 0.5, 0.5, 0.5, 0.5, 0.5, 0.5]",0.25,True,0.00577,stop
completion:Pe165b33556bf:astra:known,completion,astra,Pe165b33556bf,,known,,H,fair,completed,True,ok,True,False,"[0.5, 0.5, 0.5, 0.5, 0.5, 0.5, 0.5, 0.5, 0.5, 0.5]",0.25,True,0.00467,stop
completion:P1461349dd16d:astra:known,completion,astra,P1461349dd16d,,known,,H,fair,completed,True,ok,True,False,"[0.5, 0.5, 0.5, 0.5, 0.5, 0.5, 0.5, 0.5, 0.5, 0.5]",0.25,True,0.00562,stop
completion:P932a30f0b2af:astra:known,completion,astra,P932a30f0b2af,,known,,H,plain,completed,True,ok,True,False,"[0.5, 0.5, 0.5, 0.5, 0.5, 0.5, 0.5, 0.5, 0.5, 0.5]",0.25,True,0.00464,stop
completion:P6fff31dd7949:fable:withheld,completion,fable,P6fff31dd7949,,withheld,,H,fair,completed,True,ok,True,False,"[0.5, 0.52, 0.5, 0.5, 0.52, 0.5, 0.5, 0.52, 0.5, 0.5]",0.24811999999999998,True,0.00573,stop
completion:P50b87a09560e:fable:known,completion,fable,P50b87a09560e,,known,,H,plain,completed,False,ambiguous_or_missing_payload,False,False,,,True,0.00823,stop
completion:P31c371139df3:qwen:withheld,completion,qwen,P31c371139df3,,withheld,,H,plain,completed,True,ok,True,False,"[0.45, 0.45, 0.45, 0.45, 0.45, 0.45, 0.45, 0.45, 0.45, 0.45]",0.25250000000000006,True,5.1987e-05,stop
completion:Pb30f63c422d5:fable:withheld,completion,fable,Pb30f63c422d5,,withheld,,H,plain,completed,True,ok,True,False,"[0.52, 0.5, 0.5, 0.52, 0.5, 0.52, 0.5, 0.5, 0.52, 0.5]",0.25416,True,0.00571,stop
completion:Pc6de4564221f:fable:withheld,completion,fable,Pc6de4564221f,,withheld,,H,plain,completed,True,ok,True,False,"[0.5, 0.52, 0.5, 0.5, 0.52, 0.5, 0.5, 0.52, 0.5, 0.5]",0.25212,True,0.00526,stop
completion:P158904262452:qwen:withheld,completion,qwen,P158904262452,,withheld,,H,fair,completed,True,ok,True,False,"[0.5, 0.5, 0.5, 0.5, 0.5, 0.5, 0.5, 0.5, 0.5, 0.5]",0.25,True,4.7437e-05,stop
completion:Pce14028dab81:qwen:withheld,completion,qwen,Pce14028dab81,,withheld,,H,fair,completed,True,ok,True,False,"[0.5, 0.5, 0.5, 0.5, 0.5, 0.5, 0.5, 0.5, 0.5, 0.5]",0.25,True,4.7437e-05,stop
completion:Pb81766b1c156:astra:withheld,completion,astra,Pb81766b1c156,,withheld,,H,plain,completed,True,ok,True,False,"[0.5, 0.5, 0.5, 0.5, 0.5, 0.5, 0.5, 0.5, 0.5, 0.5]",0.25,True,0.00583,stop
completion:P9de0b17502c0:astra:known,completion,astra,P9de0b17502c0,,known,,H,plain,completed,True,ok,True,False,"[0.5, 0.5, 0.5, 0.5, 0.5, 0.5, 0.5, 0.5, 0.5, 0.5]",0.25,True,0.00596,stop
completion:Pae70030805e7:qwen:withheld,completion,qwen,Pae70030805e7,,withheld,,H,plain,completed,True,ok,True,False,"[0.5, 0.5, 0.5, 0.5, 0.5, 0.5, 0.5, 0.5, 0.5, 0.5]",0.25,True,4.7437e-05,stop
completion:P80afc9796590:qwen:withheld,completion,qwen,P80afc9796590,,withheld,,H,fair,completed,True,ok,True,False,"[0.5, 0.5, 0.5, 0.5, 0.5, 0.5, 0.5, 0.5, 0.5, 0.5]",0.25,True,4.7437e-05,stop
completion:Pfb1fbd01a972:fable:known,completion,fable,Pfb1fbd01a972,,known,,H,plain,completed,True,ok,True,False,"[0.5, 0.5, 0.5, 0.5, 0.5, 0.5, 0.5, 0.5, 0.5, 0.5]",0.25,True,0.00573,stop
completion:Pea0d3f32f903:fable:known,completion,fable,Pea0d3f32f903,,known,,H,plain,completed,True,ok,True,False,"[0.5, 0.5, 0.5, 0.5, 0.5, 0.5, 0.5, 0.5, 0.5, 0.5]",0.25,True,0.00571,stop
completion:Pc3e2c454d97b:astra:known,completion,astra,Pc3e2c454d97b,,known,,H,plain,completed,True,ok,True,False,"[0.5, 0.5, 0.5, 0.5, 0.5, 0.5, 0.5, 0.5, 0.5, 0.5]",0.25,True,0.00616,stop
completion:P6091b7693004:fable:withheld,completion,fable,P6091b7693004,,withheld,,H,plain,completed,True,ok,True,False,"[0.5, 0.52, 0.5, 0.5, 0.52, 0.5, 0.5, 0.5, 0.52, 0.5]",0.24811999999999998,True,0.00571,stop
completion:Pee79f212bea4:fable:withheld,completion,fable,Pee79f212bea4,,withheld,,H,fair,completed,True,ok,True,False,"[0.5, 0.52, 0.5, 0.52, 0.5, 0.5, 0.52, 0.5, 0.5, 0.5]",0.24411999999999998,True,0.00573,stop
completion:Pc434b1c8d803:astra:known,completion,astra,Pc434b1c8d803,,known,,H,fair,completed,True,ok,True,False,"[0.5, 0.5, 0.5, 0.5, 0.5, 0.5, 0.5, 0.5, 0.5, 0.5]",0.25,True,0.00464,stop
completion:Pde0906d9007c:fable:withheld,completion,fable,Pde0906d9007c,,withheld,,H,plain,completed,True,ok,True,False,"[0.5, 0.5, 0.5, 0.5, 0.5, 0.5, 0.5, 0.5, 0.5, 0.5]",0.25,True,0.00526,stop
completion:Pd25809680f86:qwen:known,completion,qwen,Pd25809680f86,,known,,H,fair,completed,True,ok,True,False,"[0.5, 0.5, 0.5, 0.5, 0.5, 0.5, 0.5, 0.5, 0.5, 0.5]",0.25,True,4.7671e-05,stop
completion:Pcf8e49786697:fable:withheld,completion,fable,Pcf8e49786697,,withheld,,H,plain,completed,True,ok,True,False,"[0.5, 0.52, 0.5, 0.52, 0.5, 0.5, 0.52, 0.5, 0.52, 0.5]",0.25016,True,0.00571,stop
completion:P311165b56986:qwen:known,completion,qwen,P311165b56986,,known,,H,fair,completed,True,ok,True,False,"[0.5, 0.5, 0.5, 0.5, 0.5, 0.5, 0.5, 0.5, 0.5, 0.5]",0.25,True,4.7671e-05,stop
completion:Pce14028dab81:fable:withheld,completion,fable,Pce14028dab81,,withheld,,H,fair,completed,True,ok,True,False,"[0.5, 0.52, 0.5, 0.5, 0.52, 0.5, 0.5, 0.52, 0.5, 0.5]",0.24811999999999998,True,0.00573,stop
completion:Pb52dde02fcd2:qwen:withheld,completion,qwen,Pb52dde02fcd2,,withheld,,H,plain,completed,True,ok,True,False,"[0.45, 0.45, 0.45, 0.45, 0.45, 0.45, 0.45, 0.45, 0.45, 0.45]",0.25250000000000006,True,5.1987e-05,stop
completion:Pd1d27b041b66:astra:withheld,completion,astra,Pd1d27b041b66,,withheld,,H,plain,completed,True,ok,True,False,"[0.5, 0.5, 0.5, 0.5, 0.5, 0.5, 0.5, 0.5, 0.5, 0.5]",0.25,True,0.00544,stop
completion:P912e764d7a17:qwen:withheld,completion,qwen,P912e764d7a17,,withheld,,H,plain,completed,True,ok,True,False,"[0.45, 0.45, 0.45, 0.45, 0.45, 0.45, 0.45, 0.45, 0.45, 0.45]",0.26250000000000007,True,5.187e-05,stop
completion:P6fff31dd7949:astra:withheld,completion,astra,P6fff31dd7949,,withheld,,H,fair,completed,True,ok,True,False,"[0.5, 0.5, 0.5, 0.5, 0.5, 0.5, 0.5, 0.5, 0.5, 0.5]",0.25,True,0.00464,stop
completion:P3535c47405fa:fable:known,completion,fable,P3535c47405fa,,known,,H,plain,completed,True,ok,True,False,"[0.5, 0.5, 0.5, 0.5, 0.5, 0.5, 0.5, 0.5, 0.5, 0.5]",0.25,True,0.00571,stop
completion:P9f41bf196202:qwen:withheld,completion,qwen,P9f41bf196202,,withheld,,H,plain,completed,True,ok,True,False,"[0.5, 0.5, 0.5, 0.5, 0.5, 0.5, 0.5, 0.5, 0.5, 0.5]",0.25,True,4.7437e-05,stop
completion:P1461349dd16d:qwen:known,completion,qwen,P1461349dd16d,,known,,H,fair,completed,True,ok,True,False,"[0.5, 0.5, 0.5, 0.5, 0.5, 0.5, 0.5, 0.5, 0.5, 0.5]",0.25,True,4.7788e-05,stop
completion:P34df0d0e02ef:fable:known,completion,fable,P34df0d0e02ef,,known,,H,fair,completed,True,ok,True,False,"[0.5, 0.5, 0.5, 0.5, 0.5, 0.5, 0.5, 0.5, 0.5, 0.5]",0.25,True,0.00575,stop
completion:P085b274e4e18:fable:withheld,completion,fable,P085b274e4e18,,withheld,,H,plain,completed,True,ok,True,False,"[0.5, 0.5, 0.5, 0.5, 0.5, 0.5, 0.5, 0.5, 0.5, 0.5]",0.25,True,0.00571,stop
completion:Pefa8f3467812:qwen:known,completion,qwen,Pefa8f3467812,,known,,H,fair,completed,True,ok,True,False,"[0.5, 0.5, 0.5, 0.5, 0.5, 0.5, 0.5, 0.5, 0.5, 0.5]",0.25,True,4.7788e-05,stop
completion:P633cce82bfa2:qwen:withheld,completion,qwen,P633cce82bfa2,,withheld,,H,fair,completed,True,ok,True,False,"[0.5, 0.5, 0.5, 0.5, 0.5, 0.5, 0.5, 0.5, 0.5, 0.5]",0.25,True,4.7554e-05,stop
completion:P8a52e2dbb002:fable:known,completion,fable,P8a52e2dbb002,,known,,H,fair,completed,True,ok,True,False,"[0.5, 0.5, 0.5, 0.5, 0.5, 0.5, 0.5, 0.5, 0.5, 0.5]",0.25,True,0.00574,stop
completion:Pcf8e49786697:qwen:withheld,completion,qwen,Pcf8e49786697,,withheld,,H,plain,completed,True,ok,True,False,"[0.45, 0.45, 0.45, 0.45, 0.45, 0.45, 0.45, 0.45, 0.45, 0.45]",0.26250000000000007,True,5.1987e-05,stop
completion:Pe8e0638e8b6a:astra:withheld,completion,astra,Pe8e0638e8b6a,,withheld,,H,plain,completed,True,ok,True,False,"[0.5, 0.5, 0.5, 0.5, 0.5, 0.5, 0.5, 0.5, 0.5, 0.5]",0.25,True,0.00554,stop
completion:P9085e4933441:fable:known,completion,fable,P9085e4933441,,known,,H,plain,completed,True,ok,True,False,"[0.5, 0.52, 0.5, 0.5, 0.52, 0.5, 0.5, 0.52, 0.5, 0.5]",0.24811999999999998,True,0.00571,stop
completion:P8d5c033a6c9d:fable:known,completion,fable,P8d5c033a6c9d,,known,,H,plain,completed,True,ok,True,False,"[0.5, 0.5, 0.5, 0.5, 0.5, 0.5, 0.5, 0.5, 0.5, 0.5]",0.25,True,0.00572,stop
completion:Pd1003400bc2f:fable:withheld,completion,fable,Pd1003400bc2f,,withheld,,H,plain,completed,True,ok,True,False,"[0.52, 0.5, 0.5, 0.52, 0.5, 0.5, 0.52, 0.5, 0.5, 0.5]",0.24811999999999998,True,0.00571,stop
completion:P339318dfb86f:astra:known,completion,astra,P339318dfb86f,,known,,H,plain,completed,True,ok,True,False,"[0.5, 0.5, 0.5, 0.5, 0.5, 0.5, 0.5, 0.5, 0.5, 0.5]",0.25,True,0.00553,stop
completion:P717e9da1021c:fable:known,completion,fable,P717e9da1021c,,known,,H,plain,completed,True,ok,False,True,"[0.85, 0.15, 0.85, 0.15, 0.85, 0.15, 0.85, 0.15, 0.85, 0.15]",0.022500000000000003,True,0.00931,stop
completion:P2bc62689bf73:fable:known,completion,fable,P2bc62689bf73,,known,,H,fair,completed,True,ok,True,False,"[0.5, 0.5, 0.5, 0.5, 0.5, 0.5, 0.5, 0.5, 0.5, 0.5]",0.25,True,0.00574,stop
completion:P339318dfb86f:fable:known,completion,fable,P339318dfb86f,,known,,H,plain,completed,True,ok,True,False,"[0.5, 0.5, 0.5, 0.5, 0.5, 0.5, 0.5, 0.5, 0.5, 0.5]",0.25,True,0.00572,stop
completion:P80b013660f29:qwen:withheld,completion,qwen,P80b013660f29,,withheld,,H,plain,completed,True,ok,True,False,"[0.5, 0.5, 0.5, 0.5, 0.5, 0.5, 0.5, 0.5, 0.5, 0.5]",0.25,True,4.7437e-05,stop
completion:P085b274e4e18:qwen:withheld,completion,qwen,P085b274e4e18,,withheld,,H,plain,completed,True,ok,True,False,"[0.45, 0.45, 0.45, 0.45, 0.45, 0.45, 0.45, 0.45, 0.45, 0.45]",0.26250000000000007,True,5.1987e-05,stop
completion:P08efdd7d726e:qwen:withheld,completion,qwen,P08efdd7d726e,,withheld,,H,fair,completed,True,ok,True,False,"[0.5, 0.5, 0.5, 0.5, 0.5, 0.5, 0.5, 0.5, 0.5, 0.5]",0.25,True,4.7554e-05,stop
completion:P34c52e49399b:qwen:known,completion,qwen,P34c52e49399b,,known,,H,fair,completed,True,ok,True,False,"[0.5, 0.5, 0.5, 0.5, 0.5, 0.5, 0.5, 0.5, 0.5, 0.5]",0.25,True,4.7788e-05,stop
completion:P6508b3b0ad8d:fable:known,completion,fable,P6508b3b0ad8d,,known,,H,fair,completed,True,ok,True,False,"[0.5, 0.5, 0.5, 0.5, 0.5, 0.5, 0.5, 0.5, 0.5, 0.5]",0.25,True,0.00575,stop
completion:P67960b7e759d:astra:withheld,completion,astra,P67960b7e759d,,withheld,,H,plain,completed,True,ok,True,False,"[0.5, 0.5, 0.5, 0.5, 0.5, 0.5, 0.5, 0.5, 0.5, 0.5]",0.25,True,0.00584,stop
completion:Pf81c72ae8aab:astra:known,completion,astra,Pf81c72ae8aab,,known,,H,plain,completed,True,ok,True,False,"[0.5, 0.5, 0.5, 0.5, 0.5, 0.5, 0.5, 0.5, 0.5, 0.5]",0.25,True,0.00571,stop
completion:P6da7736ec049:qwen:known,completion,qwen,P6da7736ec049,,known,,H,fair,completed,True,ok,True,False,"[0.5, 0.5, 0.5, 0.5, 0.5, 0.5, 0.5, 0.5, 0.5, 0.5]",0.25,True,4.7788e-05,stop
completion:Pac1e59009057:astra:known,completion,astra,Pac1e59009057,,known,,H,plain,completed,True,ok,True,False,"[0.5, 0.5, 0.5, 0.5, 0.5, 0.5, 0.5, 0.5, 0.5, 0.5]",0.25,True,0.00557,stop
completion:Pf414edc880f7:astra:withheld,completion,astra,Pf414edc880f7,,withheld,,H,plain,completed,True,ok,True,False,"[0.5, 0.5, 0.5, 0.5, 0.5, 0.5, 0.5, 0.5, 0.5, 0.5]",0.25,True,0.00464,stop
completion:Pabd1e6d7f795:astra:known,completion,astra,Pabd1e6d7f795,,known,,H,fair,completed,True,ok,True,False,"[0.5, 0.5, 0.5, 0.5, 0.5, 0.5, 0.5, 0.5, 0.5, 0.5]",0.25,True,0.00547,stop
completion:P44c3132dd9c8:qwen:withheld,completion,qwen,P44c3132dd9c8,,withheld,,H,fair,completed,True,ok,True,False,"[0.5, 0.5, 0.5, 0.5, 0.5, 0.5, 0.5, 0.5, 0.5, 0.5]",0.25,True,4.7437e-05,stop
completion:Pf70272b70c32:qwen:withheld,completion,qwen,Pf70272b70c32,,withheld,,H,fair,completed,True,ok,True,False,"[0.5, 0.5, 0.5, 0.5, 0.5, 0.5, 0.5, 0.5, 0.5, 0.5]",0.25,True,4.7437e-05,stop
completion:Pf912b277130e:fable:known,completion,fable,Pf912b277130e,,known,,H,plain,completed,True,ok,True,False,"[0.5, 0.5, 0.5, 0.5, 0.5, 0.5, 0.5, 0.5, 0.5, 0.5]",0.25,True,0.00572,stop
completion:P8b6829cb915c:fable:withheld,completion,fable,P8b6829cb915c,,withheld,,H,plain,completed,True,ok,False,True,"[0.78, 0.25, 0.74, 0.28, 0.71, 0.3, 0.69, 0.32, 0.68, 0.34]",0.08475,True,0.01011,stop
completion:P483ac6ab3bf0:astra:known,completion,astra,P483ac6ab3bf0,,known,,H,fair,completed,True,ok,True,False,"[0.5, 0.5, 0.5, 0.5, 0.5, 0.5, 0.5, 0.5, 0.5, 0.5]",0.25,True,0.00465,stop
completion:P9799ccdd11c6:fable:known,completion,fable,P9799ccdd11c6,,known,,H,fair,completed,True,ok,True,False,"[0.68, 0.56, 0.6, 0.58, 0.6, 0.58, 0.6, 0.58, 0.6, 0.58]",0.23616,True,0.01585,stop
completion:P4311dc4c44fc:fable:withheld,completion,fable,P4311dc4c44fc,,withheld,,H,plain,completed,True,ok,False,True,"[0.8, 0.22, 0.76, 0.26, 0.72, 0.3, 0.68, 0.34, 0.65, 0.37]",0.08593999999999999,True,0.00976,stop
completion:P717e9da1021c:qwen:known,completion,qwen,P717e9da1021c,,known,,H,plain,completed,True,ok,True,False,"[0.5, 0.5, 0.5, 0.5, 0.5, 0.5, 0.5, 0.5, 0.5, 0.5]",0.25,True,4.7554e-05,stop
completion:P7e2d234eb35f:qwen:withheld,completion,qwen,P7e2d234eb35f,,withheld,,H,fair,completed,True,ok,True,False,"[0.5, 0.5, 0.5, 0.5, 0.5, 0.5, 0.5, 0.5, 0.5, 0.5]",0.25,True,4.7554e-05,stop
completion:Pf91d12d82d7d:qwen:withheld,completion,qwen,Pf91d12d82d7d,,withheld,,H,fair,completed,True,ok,True,False,"[0.5, 0.5, 0.5, 0.5, 0.5, 0.5, 0.5, 0.5, 0.5, 0.5]",0.25,True,4.7554e-05,stop
completion:P80afc9796590:fable:withheld,completion,fable,P80afc9796590,,withheld,,H,fair,completed,True,ok,True,False,"[0.52, 0.5, 0.52, 0.5, 0.5, 0.52, 0.5, 0.52, 0.5, 0.5]",0.25016,True,0.00573,stop
completion:P9aa5b2d197cd:astra:withheld,completion,astra,P9aa5b2d197cd,,withheld,,H,fair,completed,True,ok,True,False,"[0.5, 0.5, 0.5, 0.5, 0.5, 0.5, 0.5, 0.5, 0.5, 0.5]",0.25,True,0.00464,stop
completion:P4c4008541209:fable:known,completion,fable,P4c4008541209,,known,,H,plain,completed,True,ok,True,False,"[0.5, 0.5, 0.5, 0.5, 0.5, 0.5, 0.5, 0.5, 0.5, 0.5]",0.25,True,0.00572,stop
completion:Pbe2c91a32679:qwen:withheld,completion,qwen,Pbe2c91a32679,,withheld,,H,plain,completed,True,ok,True,False,"[0.5, 0.5, 0.5, 0.5, 0.5, 0.5, 0.5, 0.5, 0.5, 0.5]",0.25,True,4.732e-05,stop
completion:P5ca0318e86f9:astra:known,completion,astra,P5ca0318e86f9,,known,,H,fair,completed,True,ok,True,False,"[0.5, 0.5, 0.5, 0.5, 0.5, 0.5, 0.5, 0.5, 0.5, 0.5]",0.25,True,0.00599,stop
completion:P9bcd6a4ebe2e:astra:withheld,completion,astra,P9bcd6a4ebe2e,,withheld,,H,fair,completed,True,ok,True,False,"[0.5, 0.5, 0.5, 0.5, 0.5, 0.5, 0.5, 0.5, 0.5, 0.5]",0.25,True,0.00539,stop
completion:P537c6c1f7b6a:astra:withheld,completion,astra,P537c6c1f7b6a,,withheld,,H,plain,completed,True,ok,True,False,"[0.5, 0.5, 0.5, 0.5, 0.5, 0.5, 0.5, 0.5, 0.5, 0.5]",0.25,True,0.00464,stop
completion:P6e7386996121:fable:withheld,completion,fable,P6e7386996121,,withheld,,H,fair,completed,True,ok,True,False,"[0.5, 0.5, 0.5, 0.5, 0.5, 0.5, 0.5, 0.5, 0.5, 0.5]",0.25,True,0.00573,stop
completion:Pf70272b70c32:astra:withheld,completion,astra,Pf70272b70c32,,withheld,,H,fair,completed,True,ok,True,False,"[0.5, 0.5, 0.5, 0.5, 0.5, 0.5, 0.5, 0.5, 0.5, 0.5]",0.25,True,0.00464,stop
completion:P3e33e4b69101:astra:known,completion,astra,P3e33e4b69101,,known,,H,plain,completed,True,ok,True,False,"[0.97, 0.03, 0.96, 0.04, 0.95, 0.05, 0.94, 0.06, 0.93, 0.07]",0.002700000000000001,True,0.00765,stop
completion:P5ca0318e86f9:qwen:known,completion,qwen,P5ca0318e86f9,,known,,H,fair,completed,True,ok,True,False,"[0.5, 0.5, 0.5, 0.5, 0.5, 0.5, 0.5, 0.5, 0.5, 0.5]",0.25,True,4.7671e-05,stop
completion:P80b013660f29:fable:withheld,completion,fable,P80b013660f29,,withheld,,H,plain,completed,True,ok,True,False,"[0.5, 0.5, 0.5, 0.5, 0.5, 0.5, 0.5, 0.5, 0.5, 0.5]",0.25,True,0.00571,stop
completion:P8b6829cb915c:qwen:withheld,completion,qwen,P8b6829cb915c,,withheld,,H,plain,completed,True,ok,True,False,"[0.5, 0.5, 0.5, 0.5, 0.5, 0.5, 0.5, 0.5, 0.5, 0.5]",0.25,True,4.732e-05,stop
completion:P2bc62689bf73:astra:known,completion,astra,P2bc62689bf73,,known,,H,fair,completed,True,ok,True,False,"[0.5, 0.5, 0.5, 0.5, 0.5, 0.5, 0.5, 0.5, 0.5, 0.5]",0.25,True,0.00464,stop
completion:Pf1ad18af4dc4:qwen:withheld,completion,qwen,Pf1ad18af4dc4,,withheld,,H,fair,completed,True,ok,True,False,"[0.5, 0.5, 0.5, 0.5, 0.5, 0.5, 0.5, 0.5, 0.5, 0.5]",0.25,True,4.7437e-05,stop
completion:Pe3e5a00b8559:astra:withheld,completion,astra,Pe3e5a00b8559,,withheld,,H,plain,completed,True,ok,True,False,"[0.93, 0.07, 0.91, 0.09, 0.89, 0.11, 0.87, 0.13, 0.85, 0.15]",0.0129,True,0.01238,stop
completion:P339318dfb86f:qwen:known,completion,qwen,P339318dfb86f,,known,,H,plain,completed,True,ok,True,False,"[0.45, 0.45, 0.45, 0.45, 0.45, 0.45, 0.45, 0.45, 0.45, 0.45]",0.26250000000000007,True,5.2104e-05,stop
completion:P3535c47405fa:astra:known,completion,astra,P3535c47405fa,,known,,H,plain,completed,True,ok,True,False,"[0.5, 0.5, 0.5, 0.5, 0.5, 0.5, 0.5, 0.5, 0.5, 0.5]",0.25,True,0.00681,stop
completion:P200d4085da52:qwen:known,completion,qwen,P200d4085da52,,known,,H,plain,completed,True,ok,True,False,"[0.45, 0.45, 0.45, 0.45, 0.45, 0.45, 0.45, 0.45, 0.45, 0.45]",0.26250000000000007,True,5.2338e-05,stop
completion:Pba7ed2d6d916:qwen:known,completion,qwen,Pba7ed2d6d916,,known,,H,fair,completed,True,ok,True,False,"[0.5, 0.5, 0.5, 0.5, 0.5, 0.5, 0.5, 0.5, 0.5, 0.5]",0.25,True,4.7671e-05,stop
completion:P987914eb2fe5:qwen:known,completion,qwen,P987914eb2fe5,,known,,H,plain,completed,True,ok,True,False,"[0.5, 0.5, 0.5, 0.5, 0.5, 0.5, 0.5, 0.5, 0.5, 0.5]",0.25,True,4.7554e-05,stop
completion:P5979a50c624a:astra:withheld,completion,astra,P5979a50c624a,,withheld,,H,plain,completed,True,ok,True,False,"[0.5, 0.5, 0.5, 0.5, 0.5, 0.5, 0.5, 0.5, 0.5, 0.5]",0.25,True,0.00573,stop
completion:P31c371139df3:fable:withheld,completion,fable,P31c371139df3,,withheld,,H,plain,completed,True,ok,True,False,"[0.5, 0.52, 0.5, 0.5, 0.5, 0.5, 0.5, 0.5, 0.5, 0.5]",0.24803999999999998,True,0.00571,stop
completion:Pf55cf6e8ccb0:fable:known,completion,fable,Pf55cf6e8ccb0,,known,,H,plain,completed,True,ok,True,False,"[0.5, 0.5, 0.5, 0.5, 0.5, 0.5, 0.5, 0.5, 0.5, 0.5]",0.25,True,0.00573,stop
completion:P5979a50c624a:qwen:withheld,completion,qwen,P5979a50c624a,,withheld,,H,plain,completed,True,ok,True,False,"[0.45, 0.45, 0.45, 0.45, 0.45, 0.45, 0.45, 0.45, 0.45, 0.45]",0.26250000000000007,True,5.187e-05,stop
completion:P9bcd6a4ebe2e:qwen:withheld,completion,qwen,P9bcd6a4ebe2e,,withheld,,H,fair,completed,True,ok,True,False,"[0.5, 0.5, 0.5, 0.5, 0.5, 0.5, 0.5, 0.5, 0.5, 0.5]",0.25,True,4.7437e-05,stop
completion:Pc0fd2996d5e3:fable:known,completion,fable,Pc0fd2996d5e3,,known,,H,fair,completed,True,ok,True,False,"[0.5, 0.5, 0.5, 0.5, 0.5, 0.5, 0.5, 0.5, 0.5, 0.5]",0.25,True,0.00575,stop
completion:P5f191a10c135:fable:withheld,completion,fable,P5f191a10c135,,withheld,,H,plain,completed,True,ok,True,False,"[0.5, 0.5, 0.5, 0.5, 0.5, 0.5, 0.5, 0.5, 0.5, 0.5]",0.25,True,0.00571,stop
completion:Pc206c573b70f:fable:known,completion,fable,Pc206c573b70f,,known,,H,plain,completed,True,ok,True,False,"[0.5, 0.5, 0.5, 0.5, 0.5, 0.5, 0.5, 0.5, 0.5, 0.5]",0.25,True,0.00573,stop
completion:P9333131fafea:astra:withheld,completion,astra,P9333131fafea,,withheld,,H,fair,completed,True,ok,True,False,"[0.5, 0.5, 0.5, 0.5, 0.5, 0.5, 0.5, 0.5, 0.5, 0.5]",0.25,True,0.00465,stop
completion:Pae70030805e7:fable:withheld,completion,fable,Pae70030805e7,,withheld,,H,plain,completed,True,ok,True,False,"[0.52, 0.5, 0.5, 0.5, 0.48, 0.5, 0.5, 0.5, 0.5, 0.5]",0.24608,True,0.00571,stop
completion:P158904262452:fable:withheld,completion,fable,P158904262452,,withheld,,H,fair,completed,True,ok,True,False,"[0.5, 0.5, 0.5, 0.5, 0.5, 0.5, 0.5, 0.5, 0.5, 0.5]",0.25,True,0.00573,stop
completion:P34c52e49399b:astra:known,completion,astra,P34c52e49399b,,known,,H,fair,completed,True,ok,True,False,"[0.5, 0.5, 0.5, 0.5, 0.5, 0.5, 0.5, 0.5, 0.5, 0.5]",0.25,True,0.00467,stop
completion:P38d4da757e9b:fable:withheld,completion,fable,P38d4da757e9b,,withheld,,H,fair,completed,True,ok,True,False,"[0.52, 0.5, 0.5, 0.52, 0.5, 0.5, 0.5, 0.5, 0.5, 0.5]",0.25007999999999997,True,0.00573,stop
completion:P200d4085da52:astra:known,completion,astra,P200d4085da52,,known,,H,plain,completed,True,ok,True,False,"[0.5, 0.5, 0.5, 0.5, 0.5, 0.5, 0.5, 0.5, 0.5, 0.5]",0.25,True,0.00552,stop
completion:P8b6829cb915c:astra:withheld,completion,astra,P8b6829cb915c,,withheld,,H,plain,completed,True,ok,True,False,"[0.9, 0.12, 0.86, 0.15, 0.83, 0.18, 0.8, 0.2, 0.78, 0.22]",0.030459999999999997,True,0.01138,stop
completion:P1fbe776671a1:astra:withheld,completion,astra,P1fbe776671a1,,withheld,,H,plain,completed,True,ok,True,False,"[0.5, 0.5, 0.5, 0.5, 0.5, 0.5, 0.5, 0.5, 0.5, 0.5]",0.25,True,0.00554,stop
completion:P4c4008541209:astra:known,completion,astra,P4c4008541209,,known,,H,plain,completed,True,ok,True,False,"[0.5, 0.5, 0.5, 0.5, 0.5, 0.5, 0.5, 0.5, 0.5, 0.5]",0.25,True,0.00563,stop
completion:Pd25809680f86:astra:known,completion,astra,Pd25809680f86,,known,,H,fair,completed,True,ok,True,False,"[0.5, 0.5, 0.5, 0.5, 0.5, 0.5, 0.5, 0.5, 0.5, 0.5]",0.25,True,0.00464,stop
completion:P48b6ce201a09:fable:known,completion,fable,P48b6ce201a09,,known,,H,plain,completed,True,ok,True,False,"[0.5, 0.5, 0.5, 0.5, 0.5, 0.5, 0.5, 0.5, 0.5, 0.5]",0.25,True,0.00572,stop
completion:Pabd1e6d7f795:qwen:known,completion,qwen,Pabd1e6d7f795,,known,,H,fair,completed,True,ok,True,False,"[0.5, 0.5, 0.5, 0.5, 0.5, 0.5, 0.5, 0.5, 0.5, 0.5]",0.25,True,4.7788e-05,stop
completion:P422f555d345f:qwen:known,completion,qwen,P422f555d345f,,known,,H,plain,completed,True,ok,True,False,"[0.5, 0.5, 0.5, 0.5, 0.5, 0.5, 0.5, 0.5, 0.5, 0.5]",0.25,True,4.7554e-05,stop
completion:Pc8c003cfff1f:fable:withheld,completion,fable,Pc8c003cfff1f,,withheld,,H,plain,completed,True,ok,True,False,"[0.5, 0.5, 0.5, 0.5, 0.5, 0.5, 0.5, 0.5, 0.5, 0.5]",0.25,True,0.00571,stop
completion:P4311dc4c44fc:astra:withheld,completion,astra,P4311dc4c44fc,,withheld,,H,plain,completed,True,ok,True,False,"[0.85, 0.18, 0.8, 0.22, 0.77, 0.25, 0.74, 0.28, 0.72, 0.3]",0.05730999999999999,True,0.01008,stop
completion:Pf4b50baaac55:astra:known,completion,astra,Pf4b50baaac55,,known,,H,plain,completed,True,ok,True,False,"[0.5, 0.5, 0.5, 0.5, 0.5, 0.5, 0.5, 0.5, 0.5, 0.5]",0.25,True,0.00567,stop
completion:P6e7386996121:astra:withheld,completion,astra,P6e7386996121,,withheld,,H,fair,completed,True,ok,True,False,"[0.5, 0.5, 0.5, 0.5, 0.5, 0.5, 0.5, 0.5, 0.5, 0.5]",0.25,True,0.00465,stop
completion:Pd1d27b041b66:fable:withheld,completion,fable,Pd1d27b041b66,,withheld,,H,plain,completed,True,ok,True,False,"[0.5, 0.5, 0.5, 0.5, 0.5, 0.5, 0.5, 0.5, 0.5, 0.5]",0.25,True,0.00571,stop
completion:P677417766022:qwen:known,completion,qwen,P677417766022,,known,,H,plain,completed,True,ok,True,False,"[0.5, 0.5, 0.5, 0.5, 0.5, 0.5, 0.5, 0.5, 0.5, 0.5]",0.25,True,4.7554e-05,stop
completion:Pc6de4564221f:qwen:withheld,completion,qwen,Pc6de4564221f,,withheld,,H,plain,completed,True,ok,True,False,"[0.5, 0.5, 0.5, 0.5, 0.5, 0.5, 0.5, 0.5, 0.5, 0.5]",0.25,True,4.7437e-05,stop
completion:Pea0d3f32f903:astra:known,completion,astra,Pea0d3f32f903,,known,,H,plain,completed,True,ok,True,False,"[0.5, 0.5, 0.5, 0.5, 0.5, 0.5, 0.5, 0.5, 0.5, 0.5]",0.25,True,0.00611,stop
completion:P80afc9796590:astra:withheld,completion,astra,P80afc9796590,,withheld,,H,fair,completed,True,ok,True,False,"[0.5, 0.5, 0.5, 0.5, 0.5, 0.5, 0.5, 0.5, 0.5, 0.5]",0.25,True,0.00464,stop
completion:Pc59a35412461:fable:known,completion,fable,Pc59a35412461,,known,,H,plain,completed,True,ok,True,False,"[0.5, 0.5, 0.5, 0.5, 0.5, 0.5, 0.5, 0.5, 0.5, 0.5]",0.25,True,0.00572,stop
completion:P8a52e2dbb002:astra:known,completion,astra,P8a52e2dbb002,,known,,H,fair,completed,True,ok,True,False,"[0.5, 0.5, 0.5, 0.5, 0.5, 0.5, 0.5, 0.5, 0.5, 0.5]",0.25,True,0.00464,stop
completion:Pd1003400bc2f:astra:withheld,completion,astra,Pd1003400bc2f,,withheld,,H,plain,completed,True,ok,True,False,"[0.5, 0.5, 0.5, 0.5, 0.5, 0.5, 0.5, 0.5, 0.5, 0.5]",0.25,True,0.00464,stop
completion:Pc59a35412461:astra:known,completion,astra,Pc59a35412461,,known,,H,plain,completed,True,ok,True,False,"[0.5, 0.5, 0.5, 0.5, 0.5, 0.5, 0.5, 0.5, 0.5, 0.5]",0.25,True,0.00558,stop
completion:P71e3bed10720:astra:withheld,completion,astra,P71e3bed10720,,withheld,,H,plain,completed,True,ok,True,False,"[0.9, 0.1, 0.88, 0.12, 0.86, 0.14, 0.84, 0.16, 0.82, 0.18]",0.020400000000000005,True,0.01028,stop
completion:Pc3e2c454d97b:qwen:known,completion,qwen,Pc3e2c454d97b,,known,,H,plain,completed,True,ok,True,False,"[0.5, 0.5, 0.5, 0.5, 0.5, 0.5, 0.5, 0.5, 0.5, 0.5]",0.25,True,4.7671e-05,stop
completion:P50b87a09560e:qwen:known,completion,qwen,P50b87a09560e,,known,,H,plain,completed,True,ok,True,False,"[0.5, 0.5, 0.5, 0.5, 0.5, 0.5, 0.5, 0.5, 0.5, 0.5]",0.25,True,4.7788e-05,stop
completion:Pc59a35412461:qwen:known,completion,qwen,Pc59a35412461,,known,,H,plain,completed,True,ok,True,False,"[0.5, 0.5, 0.5, 0.5, 0.5, 0.5, 0.5, 0.5, 0.5, 0.5]",0.25,True,4.7554e-05,stop
completion:P9a81728eb902:qwen:known,completion,qwen,P9a81728eb902,,known,,H,plain,completed,True,ok,True,False,"[0.5, 0.5, 0.5, 0.5, 0.5, 0.5, 0.5, 0.5, 0.5, 0.5]",0.25,True,4.7788e-05,stop
completion:Pb81766b1c156:qwen:withheld,completion,qwen,Pb81766b1c156,,withheld,,H,plain,completed,True,ok,True,False,"[0.5, 0.5, 0.5, 0.5, 0.5, 0.5, 0.5, 0.5, 0.5, 0.5]",0.25,True,4.732e-05,stop
completion:P67960b7e759d:fable:withheld,completion,fable,P67960b7e759d,,withheld,,H,plain,completed,True,ok,True,False,"[0.5, 0.52, 0.5, 0.52, 0.5, 0.5, 0.52, 0.5, 0.52, 0.5]",0.25016,True,0.00571,stop
completion:P114313b6e44d:fable:known,completion,fable,P114313b6e44d,,known,,H,fair,completed,True,ok,True,False,"[0.5, 0.52, 0.5, 0.48, 0.5, 0.52, 0.5, 0.5, 0.48, 0.52]",0.25220000000000004,True,0.00574,stop
completion:P1fbe776671a1:fable:withheld,completion,fable,P1fbe776671a1,,withheld,,H,plain,completed,True,ok,True,False,"[0.5, 0.52, 0.5, 0.48, 0.52, 0.5, 0.48, 0.52, 0.5, 0.48]",0.25024,True,0.00571,stop
completion:P9bc7c6621612:astra:withheld,completion,astra,P9bc7c6621612,,withheld,,H,plain,completed,True,ok,True,False,"[0.5, 0.5, 0.5, 0.5, 0.5, 0.5, 0.5, 0.5, 0.5, 0.5]",0.25,True,0.00543,stop
completion:P38d4da757e9b:qwen:withheld,completion,qwen,P38d4da757e9b,,withheld,,H,fair,completed,True,ok,True,False,"[0.5, 0.5, 0.5, 0.5, 0.5, 0.5, 0.5, 0.5, 0.5, 0.5]",0.25,True,4.7437e-05,stop
completion:Pd25809680f86:fable:known,completion,fable,Pd25809680f86,,known,,H,fair,completed,True,ok,True,False,"[0.5, 0.5, 0.5, 0.5, 0.5, 0.5, 0.5, 0.5, 0.5, 0.5]",0.25,True,0.00573,stop
completion:P7e2d234eb35f:astra:withheld,completion,astra,P7e2d234eb35f,,withheld,,H,fair,completed,True,ok,True,False,"[0.5, 0.5, 0.5, 0.5, 0.5, 0.5, 0.5, 0.5, 0.5, 0.5]",0.25,True,0.00465,stop
completion:P6508b3b0ad8d:qwen:known,completion,qwen,P6508b3b0ad8d,,known,,H,fair,completed,True,ok,True,False,"[0.5, 0.5, 0.5, 0.5, 0.5, 0.5, 0.5, 0.5, 0.5, 0.5]",0.25,True,4.7788e-05,stop
completion:P1461349dd16d:fable:known,completion,fable,P1461349dd16d,,known,,H,fair,completed,True,ok,True,False,"[0.5, 0.5, 0.5, 0.5, 0.5, 0.5, 0.5, 0.5, 0.5, 0.5]",0.25,True,0.0053,stop
completion:Pabd1e6d7f795:fable:known,completion,fable,Pabd1e6d7f795,,known,,H,fair,completed,True,ok,True,False,"[0.5, 0.5, 0.5, 0.5, 0.5, 0.5, 0.5, 0.5, 0.5, 0.5]",0.25,True,0.00575,stop
completion:Pb81766b1c156:fable:withheld,completion,fable,Pb81766b1c156,,withheld,,H,plain,completed,True,ok,True,False,"[0.5, 0.52, 0.5, 0.5, 0.52, 0.5, 0.5, 0.5, 0.52, 0.5]",0.24811999999999998,True,0.00571,stop
completion:P44c3132dd9c8:fable:withheld,completion,fable,P44c3132dd9c8,,withheld,,H,fair,completed,True,ok,True,False,"[0.5, 0.5, 0.5, 0.5, 0.5, 0.5, 0.5, 0.5, 0.5, 0.5]",0.25,True,0.00528,stop
completion:P9a81728eb902:fable:known,completion,fable,P9a81728eb902,,known,,H,plain,completed,True,ok,True,False,"[0.5, 0.52, 0.5, 0.5, 0.52, 0.48, 0.52, 0.5, 0.5, 0.5]",0.25416,True,0.00573,stop
completion:P71e3bed10720:qwen:withheld,completion,qwen,P71e3bed10720,,withheld,,H,plain,completed,True,ok,True,False,"[0.5, 0.5, 0.5, 0.5, 0.5, 0.5, 0.5, 0.5, 0.5, 0.5]",0.25,True,4.732e-05,stop
completion:P8a4a199d7c0d:fable:withheld,completion,fable,P8a4a199d7c0d,,withheld,,H,plain,completed,True,ok,True,False,"[0.5, 0.52, 0.48, 0.5, 0.5, 0.52, 0.48, 0.5, 0.5, 0.5]",0.25016,True,0.00571,stop
completion:Pf4b50baaac55:fable:known,completion,fable,Pf4b50baaac55,,known,,H,plain,completed,True,ok,True,False,"[0.5, 0.5, 0.5, 0.5, 0.5, 0.5, 0.5, 0.5, 0.5, 0.5]",0.25,True,0.00573,stop
completion:Pf1091159de0d:astra:withheld,completion,astra,Pf1091159de0d,,withheld,,H,fair,completed,True,ok,True,False,"[0.5, 0.5, 0.5, 0.5, 0.5, 0.5, 0.5, 0.5, 0.5, 0.5]",0.25,True,0.00464,stop
completion:Pa10056f1a764:qwen:known,completion,qwen,Pa10056f1a764,,known,,H,plain,completed,True,ok,True,False,"[0.5, 0.5, 0.5, 0.5, 0.5, 0.5, 0.5, 0.5, 0.5, 0.5]",0.25,True,4.7788e-05,stop
completion:Pf6a25a3d68ec:qwen:known,completion,qwen,Pf6a25a3d68ec,,known,,H,plain,completed,True,ok,True,False,"[0.5, 0.5, 0.5, 0.5, 0.5, 0.5, 0.5, 0.5, 0.5, 0.5]",0.25,True,4.7788e-05,stop
completion:P6da7736ec049:astra:known,completion,astra,P6da7736ec049,,known,,H,fair,completed,True,ok,True,False,"[0.5, 0.5, 0.5, 0.5, 0.5, 0.5, 0.5, 0.5, 0.5, 0.5]",0.25,True,0.00467,stop
completion:P4355c1f030d6:astra:known,completion,astra,P4355c1f030d6,,known,,H,fair,completed,True,ok,True,False,"[0.5, 0.5, 0.5, 0.5, 0.5, 0.5, 0.5, 0.5, 0.5, 0.5]",0.25,True,0.00582,stop
completion:P114313b6e44d:astra:known,completion,astra,P114313b6e44d,,known,,H,fair,completed,True,ok,True,False,"[0.5, 0.5, 0.5, 0.5, 0.5, 0.5, 0.5, 0.5, 0.5, 0.5]",0.25,True,0.0042,stop
completion:Pfefe7f7bbcc9:astra:known,completion,astra,Pfefe7f7bbcc9,,known,,H,plain,completed,True,ok,True,False,"[0.5, 0.5, 0.5, 0.5, 0.5, 0.5, 0.5, 0.5, 0.5, 0.5]",0.25,True,0.00576,stop
completion:Pde0906d9007c:qwen:withheld,completion,qwen,Pde0906d9007c,,withheld,,H,plain,completed,True,ok,True,False,"[0.5, 0.5, 0.5, 0.5, 0.5, 0.5, 0.5, 0.5, 0.5, 0.5]",0.25,True,4.732e-05,stop
completion:P80b013660f29:astra:withheld,completion,astra,P80b013660f29,,withheld,,H,plain,completed,True,ok,True,False,"[0.5, 0.5, 0.5, 0.5, 0.5, 0.5, 0.5, 0.5, 0.5, 0.5]",0.25,True,0.00574,stop
completion:P633cce82bfa2:astra:withheld,completion,astra,P633cce82bfa2,,withheld,,H,fair,completed,True,ok,True,False,"[0.5, 0.5, 0.5, 0.5, 0.5, 0.5, 0.5, 0.5, 0.5, 0.5]",0.25,True,0.00465,stop
completion:P5f191a10c135:astra:withheld,completion,astra,P5f191a10c135,,withheld,,H,plain,completed,True,ok,True,False,"[0.5, 0.5, 0.5, 0.5, 0.5, 0.5, 0.5, 0.5, 0.5, 0.5]",0.25,True,0.00564,stop
completion:P5adfe8899512:fable:withheld,completion,fable,P5adfe8899512,,withheld,,H,fair,completed,True,ok,True,False,"[0.55, 0.5, 0.5, 0.55, 0.5, 0.5, 0.5, 0.5, 0.5, 0.5]",0.2405,True,0.00573,stop
completion:P482e641d1ec6:qwen:withheld,completion,qwen,P482e641d1ec6,,withheld,,H,plain,completed,True,ok,True,False,"[0.5, 0.5, 0.5, 0.5, 0.5, 0.5, 0.5, 0.5, 0.5, 0.5]",0.25,True,4.7437e-05,stop
completion:Pf6a25a3d68ec:astra:known,completion,astra,Pf6a25a3d68ec,,known,,H,plain,completed,True,ok,True,False,"[0.5, 0.5, 0.5, 0.5, 0.5, 0.5, 0.5, 0.5, 0.5, 0.5]",0.25,True,0.00562,stop
completion:P311165b56986:fable:known,completion,fable,P311165b56986,,known,,H,fair,completed,True,ok,True,False,"[0.52, 0.5, 0.5, 0.52, 0.5, 0.5, 0.52, 0.5, 0.5, 0.5]",0.24411999999999998,True,0.00574,stop
completion:Pfb1fbd01a972:qwen:known,completion,qwen,Pfb1fbd01a972,,known,,H,plain,completed,True,ok,True,False,"[0.45, 0.45, 0.45, 0.45, 0.45, 0.45, 0.45, 0.45, 0.45, 0.45]",0.26250000000000007,True,5.2338e-05,stop
completion:Pee79f212bea4:qwen:withheld,completion,qwen,Pee79f212bea4,,withheld,,H,fair,completed,True,ok,True,False,"[0.5, 0.5, 0.5, 0.5, 0.5, 0.5, 0.5, 0.5, 0.5, 0.5]",0.25,True,4.7437e-05,stop
completion:Pc434b1c8d803:fable:known,completion,fable,Pc434b1c8d803,,known,,H,fair,completed,True,ok,True,False,"[0.5, 0.5, 0.5, 0.5, 0.5, 0.5, 0.5, 0.5, 0.5, 0.5]",0.25,True,0.00574,stop
completion:Pf2e94fd041d7:qwen:known,completion,qwen,Pf2e94fd041d7,,known,,H,fair,completed,True,ok,True,False,"[0.5, 0.5, 0.5, 0.5, 0.5, 0.5, 0.5, 0.5, 0.5, 0.5]",0.25,True,4.7788e-05,stop
completion:Pc9cd24ab55f4:qwen:known,completion,qwen,Pc9cd24ab55f4,,known,,H,plain,completed,True,ok,True,False,"[0.5, 0.5, 0.5, 0.5, 0.5, 0.5, 0.5, 0.5, 0.5, 0.5]",0.25,True,4.7554e-05,stop
completion:P482e641d1ec6:fable:withheld,completion,fable,P482e641d1ec6,,withheld,,H,plain,completed,True,ok,True,False,"[0.52, 0.5, 0.52, 0.5, 0.52, 0.5, 0.5, 0.52, 0.5, 0.52]",0.24420000000000003,True,0.00571,stop
completion:P35fe2e518f05:qwen:withheld,completion,qwen,P35fe2e518f05,,withheld,,H,fair,completed,True,ok,True,False,"[0.5, 0.5, 0.5, 0.5, 0.5, 0.5, 0.5, 0.5, 0.5, 0.5]",0.25,True,4.7437e-05,stop
completion:P9a81728eb902:astra:known,completion,astra,P9a81728eb902,,known,,H,plain,completed,True,ok,True,False,"[0.5, 0.5, 0.5, 0.5, 0.5, 0.5, 0.5, 0.5, 0.5, 0.5]",0.25,True,0.00542,stop
completion:P633cce82bfa2:fable:withheld,completion,fable,P633cce82bfa2,,withheld,,H,fair,completed,True,ok,True,False,"[0.52, 0.5, 0.5, 0.5, 0.5, 0.5, 0.5, 0.5, 0.5, 0.5]",0.24803999999999998,True,0.00572,stop
completion:P6fff31dd7949:qwen:withheld,completion,qwen,P6fff31dd7949,,withheld,,H,fair,completed,True,ok,True,False,"[0.5, 0.5, 0.5, 0.5, 0.5, 0.5, 0.5, 0.5, 0.5, 0.5]",0.25,True,4.7437e-05,stop
completion:P3535c47405fa:qwen:known,completion,qwen,P3535c47405fa,,known,,H,plain,completed,True,ok,True,False,"[0.5, 0.5, 0.5, 0.5, 0.5, 0.5, 0.5, 0.5, 0.5, 0.5]",0.25,True,4.7671e-05,stop
completion:P311165b56986:astra:known,completion,astra,P311165b56986,,known,,H,fair,completed,True,ok,True,False,"[0.5, 0.5, 0.5, 0.5, 0.5, 0.5, 0.5, 0.5, 0.5, 0.5]",0.25,True,0.00464,stop
completion:P482e641d1ec6:astra:withheld,completion,astra,P482e641d1ec6,,withheld,,H,plain,completed,True,ok,True,False,"[0.5, 0.5, 0.5, 0.5, 0.5, 0.5, 0.5, 0.5, 0.5, 0.5]",0.25,True,0.00564,stop
completion:P9623d498f378:fable:withheld,completion,fable,P9623d498f378,,withheld,,H,plain,completed,True,ok,True,False,"[0.5, 0.5, 0.5, 0.5, 0.5, 0.5, 0.5, 0.5, 0.5, 0.5]",0.25,True,0.00571,stop
completion:P8d5c033a6c9d:astra:known,completion,astra,P8d5c033a6c9d,,known,,H,plain,completed,True,ok,True,False,"[0.5, 0.5, 0.5, 0.5, 0.5, 0.5, 0.5, 0.5, 0.5, 0.5]",0.25,True,0.00564,stop
completion:Pf91d12d82d7d:astra:withheld,completion,astra,Pf91d12d82d7d,,withheld,,H,fair,completed,True,ok,True,False,"[0.5, 0.5, 0.5, 0.5, 0.5, 0.5, 0.5, 0.5, 0.5, 0.5]",0.25,True,0.00465,stop
completion:Pf340370ed9c4:astra:known,completion,astra,Pf340370ed9c4,,known,,H,plain,completed,True,ok,True,False,"[0.5, 0.5, 0.5, 0.5, 0.5, 0.5, 0.5, 0.5, 0.5, 0.5]",0.25,True,0.00559,stop
completion:P82c20dad2b44:astra:known,completion,astra,P82c20dad2b44,,known,,H,plain,completed,True,ok,True,False,"[0.5, 0.5, 0.5, 0.5, 0.5, 0.5, 0.5, 0.5, 0.5, 0.5]",0.25,True,0.00463,stop
completion:P82c20dad2b44:qwen:known,completion,qwen,P82c20dad2b44,,known,,H,plain,completed,True,ok,True,False,"[0.45, 0.45, 0.45, 0.45, 0.45, 0.45, 0.45, 0.45, 0.45, 0.45]",0.26250000000000007,True,5.2104e-05,stop
completion:P9bc7c6621612:qwen:withheld,completion,qwen,P9bc7c6621612,,withheld,,H,plain,completed,True,ok,True,False,"[0.45, 0.45, 0.45, 0.45, 0.45, 0.45, 0.45, 0.45, 0.45, 0.45]",0.26250000000000007,True,5.187e-05,stop
completion:P48b6ce201a09:astra:known,completion,astra,P48b6ce201a09,,known,,H,plain,completed,True,ok,True,False,"[0.5, 0.5, 0.5, 0.5, 0.5, 0.5, 0.5, 0.5, 0.5, 0.5]",0.25,True,0.00463,stop
completion:Pae70030805e7:astra:withheld,completion,astra,Pae70030805e7,,withheld,,H,plain,completed,True,ok,True,False,"[0.5, 0.5, 0.5, 0.5, 0.5, 0.5, 0.5, 0.5, 0.5, 0.5]",0.25,True,0.00464,stop
completion:P5adfe8899512:astra:withheld,completion,astra,P5adfe8899512,,withheld,,H,fair,completed,True,ok,True,False,"[0.5, 0.5, 0.5, 0.5, 0.5, 0.5, 0.5, 0.5, 0.5, 0.5]",0.25,True,0.00569,stop
completion:Pf81c72ae8aab:qwen:known,completion,qwen,Pf81c72ae8aab,,known,,H,plain,completed,True,ok,True,False,"[0.5, 0.5, 0.5, 0.5, 0.5, 0.5, 0.5, 0.5, 0.5, 0.5]",0.25,True,4.7671e-05,stop
completion:P252befd2665e:astra:withheld,completion,astra,P252befd2665e,,withheld,,H,plain,completed,True,ok,True,False,"[0.5, 0.5, 0.5, 0.5, 0.5, 0.5, 0.5, 0.5, 0.5, 0.5]",0.25,True,0.00553,stop
completion:P252befd2665e:qwen:withheld,completion,qwen,P252befd2665e,,withheld,,H,plain,completed,True,ok,True,False,"[0.45, 0.45, 0.45, 0.45, 0.45, 0.45, 0.45, 0.45, 0.45, 0.45]",0.26250000000000007,True,5.187e-05,stop
completion:Pf4b50baaac55:qwen:known,completion,qwen,Pf4b50baaac55,,known,,H,plain,completed,True,ok,True,False,"[0.45, 0.45, 0.45, 0.45, 0.45, 0.45, 0.45, 0.45, 0.45, 0.45]",0.26250000000000007,True,5.2338e-05,stop
completion:P9bc7c6621612:fable:withheld,completion,fable,P9bc7c6621612,,withheld,,H,plain,completed,True,ok,True,False,"[0.52, 0.5, 0.52, 0.5, 0.52, 0.5, 0.5, 0.52, 0.5, 0.52]",0.25620000000000004,True,0.00571,stop
completion:P4355c1f030d6:fable:known,completion,fable,P4355c1f030d6,,known,,H,fair,completed,True,ok,True,False,"[0.52, 0.5, 0.5, 0.5, 0.5, 0.5, 0.5, 0.5, 0.5, 0.5]",0.25204,True,0.00574,stop
completion:P087b9bc9c757:astra:withheld,completion,astra,P087b9bc9c757,,withheld,,H,fair,completed,True,ok,True,False,"[0.5, 0.5, 0.5, 0.5, 0.5, 0.5, 0.5, 0.5, 0.5, 0.5]",0.25,True,0.00549,stop
completion:P67960b7e759d:qwen:withheld,completion,qwen,P67960b7e759d,,withheld,,H,plain,completed,True,ok,True,False,"[0.45, 0.45, 0.45, 0.45, 0.45, 0.45, 0.45, 0.45, 0.45, 0.45]",0.25250000000000006,True,5.1987e-05,stop
completion:Pefa8f3467812:fable:known,completion,fable,Pefa8f3467812,,known,,H,fair,completed,True,ok,True,False,"[0.5, 0.5, 0.5, 0.5, 0.5, 0.5, 0.5, 0.5, 0.5, 0.5]",0.25,True,0.00575,stop
completion:Pd776de804751:astra:withheld,completion,astra,Pd776de804751,,withheld,,H,plain,completed,True,ok,True,False,"[0.5, 0.5, 0.5, 0.5, 0.5, 0.5, 0.5, 0.5, 0.5, 0.5]",0.25,True,0.00609,stop
completion:P3e33e4b69101:qwen:known,completion,qwen,P3e33e4b69101,,known,,H,plain,completed,True,ok,True,False,"[0.5, 0.5, 0.5, 0.5, 0.5, 0.5, 0.5, 0.5, 0.5, 0.5]",0.25,True,4.7554e-05,stop
completion:P5f191a10c135:qwen:withheld,completion,qwen,P5f191a10c135,,withheld,,H,plain,completed,True,ok,True,False,"[0.5, 0.5, 0.5, 0.5, 0.5, 0.5, 0.5, 0.5, 0.5, 0.5]",0.25,True,4.7437e-05,stop
completion:P483ac6ab3bf0:fable:known,completion,fable,P483ac6ab3bf0,,known,,H,fair,completed,True,ok,False,True,"[0.5, 0.5, 0.5, 0.5, 0.5, 0.5, 0.5, 0.5, 0.5, 0.5]",0.25,True,0.00899,stop
completion:Pca6d538aa286:fable:known,completion,fable,Pca6d538aa286,,known,,H,fair,completed,True,ok,True,False,"[0.5, 0.52, 0.5, 0.5, 0.52, 0.5, 0.5, 0.52, 0.5, 0.5]",0.24411999999999998,True,0.00573,stop
completion:P9f41bf196202:astra:withheld,completion,astra,P9f41bf196202,,withheld,,H,plain,completed,True,ok,True,False,"[0.5, 0.5, 0.5, 0.5, 0.5, 0.5, 0.5, 0.5, 0.5, 0.5]",0.25,True,0.00559,stop
completion:Pbeed48b9831a:qwen:withheld,completion,qwen,Pbeed48b9831a,,withheld,,H,fair,completed,True,ok,True,False,"[0.5, 0.5, 0.5, 0.5, 0.5, 0.5, 0.5, 0.5, 0.5, 0.5]",0.25,True,4.7437e-05,stop
completion:P8a4a199d7c0d:astra:withheld,completion,astra,P8a4a199d7c0d,,withheld,,H,plain,completed,True,ok,True,False,"[0.5, 0.5, 0.5, 0.5, 0.5, 0.5, 0.5, 0.5, 0.5, 0.5]",0.25,True,0.00603,stop
completion:P38d4da757e9b:astra:withheld,completion,astra,P38d4da757e9b,,withheld,,H,fair,completed,True,ok,True,False,"[0.5, 0.5, 0.5, 0.5, 0.5, 0.5, 0.5, 0.5, 0.5, 0.5]",0.25,True,0.00464,stop
completion:Pc8c003cfff1f:astra:withheld,completion,astra,Pc8c003cfff1f,,withheld,,H,plain,completed,True,ok,True,False,"[0.5, 0.5, 0.5, 0.5, 0.5, 0.5, 0.5, 0.5, 0.5, 0.5]",0.25,True,0.00464,stop
completion:Pf1091159de0d:fable:withheld,completion,fable,Pf1091159de0d,,withheld,,H,fair,completed,True,ok,True,False,"[0.52, 0.5, 0.5, 0.52, 0.5, 0.5, 0.52, 0.5, 0.5, 0.5]",0.24811999999999998,True,0.00573,stop
completion:Pb0afcbdaf9dc:astra:known,completion,astra,Pb0afcbdaf9dc,,known,,H,plain,completed,True,ok,True,False,"[0.95, 0.05, 0.94, 0.06, 0.93, 0.07, 0.92, 0.08, 0.91, 0.09]",0.005099999999999999,True,0.00805,stop
completion:Pb0afcbdaf9dc:fable:known,completion,fable,Pb0afcbdaf9dc,,known,,H,plain,completed,True,ok,False,True,"[0.82, 0.2, 0.8, 0.22, 0.78, 0.24, 0.76, 0.26, 0.74, 0.28]",0.0538,True,0.01031,stop
completion:P5adfe8899512:qwen:withheld,completion,qwen,P5adfe8899512,,withheld,,H,fair,completed,True,ok,True,False,"[0.5, 0.5, 0.5, 0.5, 0.5, 0.5, 0.5, 0.5, 0.5, 0.5]",0.25,True,4.7437e-05,stop
completion:P8ca0d4cc96b1:qwen:known,completion,qwen,P8ca0d4cc96b1,,known,,H,plain,completed,True,ok,True,False,"[0.5, 0.5, 0.5, 0.5, 0.5, 0.5, 0.5, 0.5, 0.5, 0.5]",0.25,True,4.7788e-05,stop
completion:P9085e4933441:astra:known,completion,astra,P9085e4933441,,known,,H,plain,completed,True,ok,True,False,"[0.5, 0.5, 0.5, 0.5, 0.5, 0.5, 0.5, 0.5, 0.5, 0.5]",0.25,True,0.00611,stop
completion:P987914eb2fe5:fable:known,completion,fable,P987914eb2fe5,,known,,H,plain,completed,True,ok,True,False,"[0.5, 0.5, 0.5, 0.5, 0.5, 0.5, 0.5, 0.5, 0.5, 0.5]",0.25,True,0.00572,stop
completion:Pfefe7f7bbcc9:qwen:known,completion,qwen,Pfefe7f7bbcc9,,known,,H,plain,completed,True,ok,True,False,"[0.5, 0.5, 0.5, 0.5, 0.5, 0.5, 0.5, 0.5, 0.5, 0.5]",0.25,True,4.7671e-05,stop
completion:P9de0b17502c0:qwen:known,completion,qwen,P9de0b17502c0,,known,,H,plain,completed,True,ok,True,False,"[0.5, 0.5, 0.5, 0.5, 0.5, 0.5, 0.5, 0.5, 0.5, 0.5]",0.25,True,4.7671e-05,stop
completion:Pc5a04d251fc6:astra:withheld,completion,astra,Pc5a04d251fc6,,withheld,,H,fair,completed,True,ok,True,False,"[0.5, 0.5, 0.5, 0.5, 0.5, 0.5, 0.5, 0.5, 0.5, 0.5]",0.25,True,0.00464,stop
completion:Pe165b33556bf:qwen:known,completion,qwen,Pe165b33556bf,,known,,H,fair,completed,True,ok,True,False,"[0.5, 0.5, 0.5, 0.5, 0.5, 0.5, 0.5, 0.5, 0.5, 0.5]",0.25,True,4.7788e-05,stop
completion:Pb52dde02fcd2:fable:withheld,completion,fable,Pb52dde02fcd2,,withheld,,H,plain,completed,True,ok,True,False,"[0.5, 0.5, 0.5, 0.5, 0.5, 0.5, 0.5, 0.5, 0.5, 0.5]",0.25,True,0.00571,stop
completion:P9bb52487a24b:fable:known,completion,fable,P9bb52487a24b,,known,,H,fair,completed,True,ok,True,False,"[0.52, 0.5, 0.5, 0.52, 0.5, 0.48, 0.5, 0.5, 0.52, 0.5]",0.24216,True,0.00575,stop
completion:P154ffb63867c:astra:withheld,completion,astra,P154ffb63867c,,withheld,,H,plain,completed,True,ok,True,False,"[0.5, 0.5, 0.5, 0.5, 0.5, 0.5, 0.5, 0.5, 0.5, 0.5]",0.25,True,0.00548,stop
completion:P537c6c1f7b6a:qwen:withheld,completion,qwen,P537c6c1f7b6a,,withheld,,H,plain,completed,True,ok,True,False,"[0.5, 0.5, 0.5, 0.5, 0.5, 0.5, 0.5, 0.5, 0.5, 0.5]",0.25,True,4.7437e-05,stop
completion:P8ca0d4cc96b1:astra:known,completion,astra,P8ca0d4cc96b1,,known,,H,plain,completed,True,ok,True,False,"[0.5, 0.5, 0.5, 0.5, 0.5, 0.5, 0.5, 0.5, 0.5, 0.5]",0.25,True,0.00467,stop
completion:Pba7ed2d6d916:astra:known,completion,astra,Pba7ed2d6d916,,known,,H,fair,completed,True,ok,True,False,"[0.5, 0.5, 0.5, 0.5, 0.5, 0.5, 0.5, 0.5, 0.5, 0.5]",0.25,True,0.00464,stop
completion:Pc5a04d251fc6:qwen:withheld,completion,qwen,Pc5a04d251fc6,,withheld,,H,fair,completed,True,ok,True,False,"[0.5, 0.5, 0.5, 0.5, 0.5, 0.5, 0.5, 0.5, 0.5, 0.5]",0.25,True,4.7437e-05,stop
completion:Pc9cd24ab55f4:fable:known,completion,fable,Pc9cd24ab55f4,,known,,H,plain,completed,True,ok,False,True,"[0.88, 0.12, 0.87, 0.13, 0.86, 0.14, 0.85, 0.15, 0.84, 0.16]",0.019800000000000005,True,0.00991,stop
completion:P932a30f0b2af:fable:known,completion,fable,P932a30f0b2af,,known,,H,plain,completed,True,ok,True,False,"[0.5, 0.52, 0.5, 0.48, 0.5, 0.52, 0.5, 0.5, 0.48, 0.5]",0.25016,True,0.00572,stop
completion:Pc0fd2996d5e3:qwen:known,completion,qwen,Pc0fd2996d5e3,,known,,H,fair,completed,True,ok,True,False,"[0.5, 0.5, 0.5, 0.5, 0.5, 0.5, 0.5, 0.5, 0.5, 0.5]",0.25,True,4.7788e-05,stop
completion:P7e2d234eb35f:fable:withheld,completion,fable,P7e2d234eb35f,,withheld,,H,fair,completed,True,ok,True,False,"[0.5, 0.52, 0.5, 0.52, 0.5, 0.5, 0.52, 0.5, 0.5, 0.5]",0.25212,True,0.00573,stop
completion:P912e764d7a17:astra:withheld,completion,astra,P912e764d7a17,,withheld,,H,plain,completed,True,ok,True,False,"[0.5, 0.5, 0.5, 0.5, 0.5, 0.5, 0.5, 0.5, 0.5, 0.5]",0.25,True,0.00553,stop
completion:Pbd9a30ecefb0:qwen:known,completion,qwen,Pbd9a30ecefb0,,known,,H,fair,completed,True,ok,True,False,"[0.5, 0.5, 0.5, 0.5, 0.5, 0.5, 0.5, 0.5, 0.5, 0.5]",0.25,True,4.7671e-05,stop
completion:Pf340370ed9c4:qwen:known,completion,qwen,Pf340370ed9c4,,known,,H,plain,completed,True,ok,True,False,"[0.5, 0.5, 0.5, 0.5, 0.5, 0.5, 0.5, 0.5, 0.5, 0.5]",0.25,True,4.7671e-05,stop
completion:P6e7386996121:qwen:withheld,completion,qwen,P6e7386996121,,withheld,,H,fair,completed,True,ok,True,False,"[0.5, 0.5, 0.5, 0.5, 0.5, 0.5, 0.5, 0.5, 0.5, 0.5]",0.25,True,4.7554e-05,stop
completion:Pee79f212bea4:astra:withheld,completion,astra,Pee79f212bea4,,withheld,,H,fair,completed,True,ok,True,False,"[0.5, 0.5, 0.5, 0.5, 0.5, 0.5, 0.5, 0.5, 0.5, 0.5]",0.25,True,0.00419,stop
completion:Pb30f63c422d5:qwen:withheld,completion,qwen,Pb30f63c422d5,,withheld,,H,plain,completed,True,ok,True,False,"[0.5, 0.5, 0.5, 0.5, 0.5, 0.5, 0.5, 0.5, 0.5, 0.5]",0.25,True,4.7437e-05,stop
completion:Pbeed48b9831a:fable:withheld,completion,fable,Pbeed48b9831a,,withheld,,H,fair,completed,True,ok,True,False,"[0.5, 0.5, 0.5, 0.5, 0.5, 0.5, 0.5, 0.5, 0.5, 0.5]",0.25,True,0.00573,stop
completion:Pf912b277130e:qwen:known,completion,qwen,Pf912b277130e,,known,,H,plain,completed,True,ok,True,False,"[0.45, 0.45, 0.45, 0.45, 0.45, 0.45, 0.45, 0.45, 0.45, 0.45]",0.25250000000000006,True,5.2104e-05,stop
completion:Pea0d3f32f903:qwen:known,completion,qwen,Pea0d3f32f903,,known,,H,plain,completed,True,ok,True,False,"[0.5, 0.5, 0.5, 0.5, 0.5, 0.5, 0.5, 0.5, 0.5, 0.5]",0.25,True,4.7671e-05,stop
completion:P9623d498f378:astra:withheld,completion,astra,P9623d498f378,,withheld,,H,plain,completed,True,ok,True,False,"[0.5, 0.5, 0.5, 0.5, 0.5, 0.5, 0.5, 0.5, 0.5, 0.5]",0.25,True,0.00564,stop
completion:Pca6d538aa286:qwen:known,completion,qwen,Pca6d538aa286,,known,,H,fair,completed,True,ok,True,False,"[0.5, 0.5, 0.5, 0.5, 0.5, 0.5, 0.5, 0.5, 0.5, 0.5]",0.25,True,4.7788e-05,stop
completion:Pd1d27b041b66:qwen:withheld,completion,qwen,Pd1d27b041b66,,withheld,,H,plain,completed,True,ok,True,False,"[0.5, 0.5, 0.5, 0.5, 0.5, 0.5, 0.5, 0.5, 0.5, 0.5]",0.25,True,4.7437e-05,stop
completion:P44c3132dd9c8:astra:withheld,completion,astra,P44c3132dd9c8,,withheld,,H,fair,completed,True,ok,True,False,"[0.5, 0.5, 0.5, 0.5, 0.5, 0.5, 0.5, 0.5, 0.5, 0.5]",0.25,True,0.00584,stop
completion:Pbd9a30ecefb0:fable:known,completion,fable,Pbd9a30ecefb0,,known,,H,fair,completed,True,ok,True,False,"[0.5, 0.5, 0.5, 0.5, 0.5, 0.5, 0.5, 0.5, 0.5, 0.5]",0.25,True,0.00574,stop
completion:Pac1e59009057:qwen:known,completion,qwen,Pac1e59009057,,known,,H,plain,completed,True,ok,True,False,"[0.5, 0.5, 0.5, 0.5, 0.5, 0.5, 0.5, 0.5, 0.5, 0.5]",0.25,True,4.7788e-05,stop
completion:P8d5c033a6c9d:qwen:known,completion,qwen,P8d5c033a6c9d,,known,,H,plain,completed,True,ok,True,False,"[0.5, 0.5, 0.5, 0.5, 0.5, 0.5, 0.5, 0.5, 0.5, 0.5]",0.25,True,4.7671e-05,stop
completion:P154ffb63867c:qwen:withheld,completion,qwen,P154ffb63867c,,withheld,,H,plain,completed,True,ok,True,False,"[0.5, 0.5, 0.5, 0.5, 0.5, 0.5, 0.5, 0.5, 0.5, 0.5]",0.25,True,4.732e-05,stop
completion:P717e9da1021c:astra:known,completion,astra,P717e9da1021c,,known,,H,plain,completed,True,ok,True,False,"[0.95, 0.05, 0.94, 0.06, 0.93, 0.07, 0.92, 0.08, 0.91, 0.09]",0.005099999999999999,True,0.0091,stop
completion:P6da7736ec049:fable:known,completion,fable,P6da7736ec049,,known,,H,fair,completed,True,ok,True,False,"[0.52, 0.5, 0.5, 0.5, 0.52, 0.5, 0.5, 0.5, 0.5, 0.5]",0.25007999999999997,True,0.00575,stop
completion:Pbeed48b9831a:astra:withheld,completion,astra,Pbeed48b9831a,,withheld,,H,fair,completed,True,ok,True,False,"[0.5, 0.5, 0.5, 0.5, 0.5, 0.5, 0.5, 0.5, 0.5, 0.5]",0.25,True,0.00464,stop
completion:P9bb52487a24b:astra:known,completion,astra,P9bb52487a24b,,known,,H,fair,completed,True,ok,True,False,"[0.5, 0.5, 0.5, 0.5, 0.5, 0.5, 0.5, 0.5, 0.5, 0.5]",0.25,True,0.00572,stop
completion:Pf70272b70c32:fable:withheld,completion,fable,Pf70272b70c32,,withheld,,H,fair,completed,True,ok,True,False,"[0.5, 0.5, 0.5, 0.5, 0.5, 0.5, 0.5, 0.5, 0.5, 0.5]",0.25,True,0.00573,stop
completion:P422f555d345f:astra:known,completion,astra,P422f555d345f,,known,,H,plain,completed,True,ok,True,False,"[0.94, 0.07, 0.91, 0.1, 0.88, 0.12, 0.86, 0.14, 0.84, 0.16]",0.014580000000000001,True,0.01095,stop
completion:P34df0d0e02ef:astra:known,completion,astra,P34df0d0e02ef,,known,,H,fair,completed,True,ok,True,False,"[0.5, 0.5, 0.5, 0.5, 0.5, 0.5, 0.5, 0.5, 0.5, 0.5]",0.25,True,0.00527,stop
completion:Pb0afcbdaf9dc:qwen:known,completion,qwen,Pb0afcbdaf9dc,,known,,H,plain,completed,True,ok,True,False,"[0.5, 0.5, 0.5, 0.5, 0.5, 0.5, 0.5, 0.5, 0.5, 0.5]",0.25,True,4.7554e-05,stop
completion:P48b6ce201a09:qwen:known,completion,qwen,P48b6ce201a09,,known,,H,plain,completed,True,ok,True,False,"[0.5, 0.5, 0.5, 0.5, 0.5, 0.5, 0.5, 0.5, 0.5, 0.5]",0.25,True,4.7554e-05,stop
completion:P9f41bf196202:fable:withheld,completion,fable,P9f41bf196202,,withheld,,H,plain,completed,True,ok,True,False,"[0.5, 0.5, 0.5, 0.5, 0.5, 0.5, 0.5, 0.5, 0.5, 0.5]",0.25,True,0.00571,stop
completion:P08efdd7d726e:astra:withheld,completion,astra,P08efdd7d726e,,withheld,,H,fair,completed,True,ok,True,False,"[0.5, 0.5, 0.5, 0.5, 0.5, 0.5, 0.5, 0.5, 0.5, 0.5]",0.25,True,0.00465,stop
completion:Pbe2c91a32679:fable:withheld,completion,fable,Pbe2c91a32679,,withheld,,H,plain,completed,True,ok,True,False,"[0.52, 0.5, 0.5, 0.49, 0.52, 0.49, 0.51, 0.5, 0.51, 0.48]",0.25016,True,0.00571,stop
completion:P39595f3e98ab:astra:withheld,completion,astra,P39595f3e98ab,,withheld,,H,fair,completed,True,ok,True,False,"[0.5, 0.5, 0.5, 0.5, 0.5, 0.5, 0.5, 0.5, 0.5, 0.5]",0.25,True,0.00564,stop
completion:Pdf2b3d9b2d24:qwen:known,completion,qwen,Pdf2b3d9b2d24,,known,,H,fair,completed,True,ok,True,False,"[0.5, 0.5, 0.5, 0.5, 0.5, 0.5, 0.5, 0.5, 0.5, 0.5]",0.25,True,4.7671e-05,stop
completion:Pd776de804751:qwen:withheld,completion,qwen,Pd776de804751,,withheld,,H,plain,completed,True,ok,True,False,"[0.5, 0.5, 0.5, 0.5, 0.5, 0.5, 0.5, 0.5, 0.5, 0.5]",0.25,True,4.7437e-05,stop
completion:Pa10056f1a764:astra:known,completion,astra,Pa10056f1a764,,known,,H,plain,completed,True,ok,True,False,"[0.5, 0.5, 0.5, 0.5, 0.5, 0.5, 0.5, 0.5, 0.5, 0.5]",0.25,True,0.00582,stop
completion:Pe19f1b60ae5e:fable:known,completion,fable,Pe19f1b60ae5e,,known,,H,plain,completed,True,ok,True,False,"[0.5, 0.5, 0.5, 0.5, 0.5, 0.5, 0.5, 0.5, 0.5, 0.5]",0.25,True,0.00527,stop
completion:Pf1ad18af4dc4:astra:withheld,completion,astra,Pf1ad18af4dc4,,withheld,,H,fair,completed,True,ok,True,False,"[0.5, 0.5, 0.5, 0.5, 0.5, 0.5, 0.5, 0.5, 0.5, 0.5]",0.25,True,0.00569,stop
completion:Pc5a04d251fc6:fable:withheld,completion,fable,Pc5a04d251fc6,,withheld,,H,fair,completed,True,ok,True,False,"[0.5, 0.5, 0.5, 0.5, 0.5, 0.5, 0.5, 0.5, 0.5, 0.5]",0.25,True,0.00573,stop
completion:Pcf8e49786697:astra:withheld,completion,astra,Pcf8e49786697,,withheld,,H,plain,completed,True,ok,True,False,"[0.5, 0.5, 0.5, 0.5, 0.5, 0.5, 0.5, 0.5, 0.5, 0.5]",0.25,True,0.00549,stop
completion:P483ac6ab3bf0:qwen:known,completion,qwen,P483ac6ab3bf0,,known,,H,fair,completed,True,ok,True,False,"[0.5, 0.5, 0.5, 0.5, 0.5, 0.5, 0.5, 0.5, 0.5, 0.5]",0.25,True,4.7788e-05,stop
completion:P5ca0318e86f9:fable:known,completion,fable,P5ca0318e86f9,,known,,H,fair,completed,True,ok,True,False,"[0.5, 0.5, 0.5, 0.5, 0.5, 0.5, 0.5, 0.5, 0.5, 0.5]",0.25,True,0.00574,stop
completion:Pca6d538aa286:astra:known,completion,astra,Pca6d538aa286,,known,,H,fair,completed,True,ok,True,False,"[0.5, 0.5, 0.5, 0.5, 0.5, 0.5, 0.5, 0.5, 0.5, 0.5]",0.25,True,0.00592,stop
completion:P087b9bc9c757:qwen:withheld,completion,qwen,P087b9bc9c757,,withheld,,H,fair,completed,True,ok,True,False,"[0.5, 0.5, 0.5, 0.5, 0.5, 0.5, 0.5, 0.5, 0.5, 0.5]",0.25,True,4.7437e-05,stop
completion:P8a52e2dbb002:qwen:known,completion,qwen,P8a52e2dbb002,,known,,H,fair,completed,True,ok,True,False,"[0.5, 0.5, 0.5, 0.5, 0.5, 0.5, 0.5, 0.5, 0.5, 0.5]",0.25,True,4.7671e-05,stop
completion:P9de0b17502c0:fable:known,completion,fable,P9de0b17502c0,,known,,H,plain,completed,True,ok,True,False,"[0.5, 0.5, 0.5, 0.5, 0.5, 0.5, 0.5, 0.5, 0.5, 0.5]",0.25,True,0.00571,stop
completion:Pd1003400bc2f:qwen:withheld,completion,qwen,Pd1003400bc2f,,withheld,,H,plain,completed,True,ok,True,False,"[0.5, 0.5, 0.5, 0.5, 0.5, 0.5, 0.5, 0.5, 0.5, 0.5]",0.25,True,4.7437e-05,stop
completion:P39595f3e98ab:qwen:withheld,completion,qwen,P39595f3e98ab,,withheld,,H,fair,completed,True,ok,True,False,"[0.5, 0.5, 0.5, 0.5, 0.5, 0.5, 0.5, 0.5, 0.5, 0.5]",0.25,True,4.7437e-05,stop
completion:P9799ccdd11c6:qwen:known,completion,qwen,P9799ccdd11c6,,known,,H,fair,completed,True,ok,True,False,"[0.5, 0.5, 0.5, 0.5, 0.5, 0.5, 0.5, 0.5, 0.5, 0.5]",0.25,True,4.7788e-05,stop
completion:P4355c1f030d6:qwen:withheld,completion,qwen,P4355c1f030d6,,withheld,,H,fair,completed,True,ok,True,False,"[0.5, 0.5, 0.5, 0.5, 0.5, 0.5, 0.5, 0.5, 0.5, 0.5]",0.25,True,4.7437e-05,stop
completion:P9aa5b2d197cd:qwen:known,completion,qwen,P9aa5b2d197cd,,known,,H,fair,completed,True,ok,True,False,"[0.5, 0.5, 0.5, 0.5, 0.5, 0.5, 0.5, 0.5, 0.5, 0.5]",0.25,True,4.7788e-05,stop
completion:Pabd1e6d7f795:qwen:withheld,completion,qwen,Pabd1e6d7f795,,withheld,,H,fair,completed,True,ok,True,False,"[0.5, 0.5, 0.5, 0.5, 0.5, 0.5, 0.5, 0.5, 0.5, 0.5]",0.25,True,4.7437e-05,stop
completion:P6508b3b0ad8d:astra:withheld,completion,astra,P6508b3b0ad8d,,withheld,,H,fair,completed,True,ok,True,False,"[0.5, 0.5, 0.5, 0.5, 0.5, 0.5, 0.5, 0.5, 0.5, 0.5]",0.25,True,0.00464,stop
completion:P4c4008541209:fable:withheld,completion,fable,P4c4008541209,,withheld,,H,plain,completed,True,ok,True,False,"[0.52, 0.5, 0.5, 0.5, 0.5, 0.5, 0.5, 0.5, 0.5, 0.5]",0.25204,True,0.00571,stop
completion:P5f191a10c135:fable:known,completion,fable,P5f191a10c135,,known,,H,plain,completed,True,ok,True,False,"[0.5, 0.5, 0.5, 0.5, 0.5, 0.5, 0.5, 0.5, 0.5, 0.5]",0.25,True,0.00571,stop
completion:P912e764d7a17:fable:known,completion,fable,P912e764d7a17,,known,,H,plain,completed,True,ok,True,False,"[0.5, 0.5, 0.5, 0.5, 0.5, 0.5, 0.5, 0.5, 0.5, 0.5]",0.25,True,0.00573,stop
completion:Pce14028dab81:astra:known,completion,astra,Pce14028dab81,,known,,H,fair,completed,True,ok,True,False,"[0.5, 0.5, 0.5, 0.5, 0.5, 0.5, 0.5, 0.5, 0.5, 0.5]",0.25,True,0.00467,stop
completion:Pe165b33556bf:fable:withheld,completion,fable,Pe165b33556bf,,withheld,,H,fair,completed,True,ok,True,False,"[0.5, 0.5, 0.52, 0.5, 0.5, 0.5, 0.5, 0.5, 0.5, 0.5]",0.24803999999999998,True,0.00573,stop
completion:P8d5c033a6c9d:astra:withheld,completion,astra,P8d5c033a6c9d,,withheld,,H,plain,completed,True,ok,True,False,"[0.5, 0.5, 0.5, 0.5, 0.5, 0.5, 0.5, 0.5, 0.5, 0.5]",0.25,True,0.00464,stop
completion:P9a81728eb902:fable:withheld,completion,fable,P9a81728eb902,,withheld,,H,plain,completed,True,ok,True,False,"[0.52, 0.5, 0.51, 0.5, 0.52, 0.5, 0.51, 0.5, 0.52, 0.5]",0.25214,True,0.00571,stop
completion:P677417766022:fable:withheld,completion,fable,P677417766022,,withheld,,H,plain,completed,True,ok,True,False,"[0.52, 0.5, 0.5, 0.5, 0.5, 0.5, 0.5, 0.5, 0.5, 0.5]",0.24803999999999998,True,0.00571,stop
completion:Pc434b1c8d803:fable:withheld,completion,fable,Pc434b1c8d803,,withheld,,H,fair,completed,True,ok,True,False,"[0.5, 0.5, 0.5, 0.5, 0.5, 0.5, 0.5, 0.5, 0.5, 0.5]",0.25,True,0.00573,stop
completion:Pc8c003cfff1f:qwen:known,completion,qwen,Pc8c003cfff1f,,known,,H,plain,completed,True,ok,True,False,"[0.5, 0.5, 0.5, 0.5, 0.5, 0.5, 0.5, 0.5, 0.5, 0.5]",0.25,True,4.7671e-05,stop
completion:Pac1e59009057:astra:withheld,completion,astra,Pac1e59009057,,withheld,,H,plain,completed,True,ok,True,False,"[0.5, 0.5, 0.5, 0.5, 0.5, 0.5, 0.5, 0.5, 0.5, 0.5]",0.25,True,0.00544,stop
completion:Pbeed48b9831a:fable:known,completion,fable,Pbeed48b9831a,,known,,H,fair,completed,True,ok,True,False,"[0.5, 0.5, 0.5, 0.5, 0.5, 0.5, 0.5, 0.5, 0.5, 0.5]",0.25,True,0.00574,stop
completion:Pf4b50baaac55:qwen:withheld,completion,qwen,Pf4b50baaac55,,withheld,,H,plain,completed,True,ok,True,False,"[0.5, 0.5, 0.5, 0.5, 0.5, 0.5, 0.5, 0.5, 0.5, 0.5]",0.25,True,4.7437e-05,stop
completion:P9aa5b2d197cd:fable:known,completion,fable,P9aa5b2d197cd,,known,,H,fair,completed,True,ok,True,False,"[0.5, 0.52, 0.48, 0.5, 0.52, 0.5, 0.48, 0.5, 0.52, 0.5]",0.24020000000000002,True,0.00575,stop
completion:P2bc62689bf73:astra:withheld,completion,astra,P2bc62689bf73,,withheld,,H,fair,completed,True,ok,True,False,"[0.5, 0.5, 0.5, 0.5, 0.5, 0.5, 0.5, 0.5, 0.5, 0.5]",0.25,True,0.00464,stop
completion:Pf55cf6e8ccb0:astra:withheld,completion,astra,Pf55cf6e8ccb0,,withheld,,H,plain,completed,True,ok,True,False,"[0.5, 0.5, 0.5, 0.5, 0.5, 0.5, 0.5, 0.5, 0.5, 0.5]",0.25,True,0.00464,stop
completion:P0b6c85ef85e6:astra:withheld,completion,astra,P0b6c85ef85e6,,withheld,,H,plain,completed,True,ok,True,False,"[0.5, 0.5, 0.5, 0.5, 0.5, 0.5, 0.5, 0.5, 0.5, 0.5]",0.25,True,0.00539,stop
completion:P633cce82bfa2:fable:known,completion,fable,P633cce82bfa2,,known,,H,fair,completed,True,ok,True,False,"[0.5, 0.5, 0.5, 0.5, 0.5, 0.5, 0.5, 0.5, 0.5, 0.5]",0.25,True,0.00573,stop
completion:P6508b3b0ad8d:fable:withheld,completion,fable,P6508b3b0ad8d,,withheld,,H,fair,completed,True,ok,True,False,"[0.5, 0.5, 0.5, 0.5, 0.5, 0.5, 0.5, 0.5, 0.5, 0.5]",0.25,True,0.00573,stop
completion:P154ffb63867c:astra:known,completion,astra,P154ffb63867c,,known,,H,plain,completed,True,ok,True,False,"[0.5, 0.5, 0.5, 0.5, 0.5, 0.5, 0.5, 0.5, 0.5, 0.5]",0.25,True,0.00581,stop
completion:P9bb52487a24b:fable:withheld,completion,fable,P9bb52487a24b,,withheld,,H,fair,completed,True,ok,False,True,"[0.68, 0.52, 0.56, 0.54, 0.55, 0.54, 0.55, 0.54, 0.55, 0.56]",0.23823,True,0.01143,stop
completion:P537c6c1f7b6a:fable:known,completion,fable,P537c6c1f7b6a,,known,,H,plain,completed,True,ok,True,False,"[0.52, 0.5, 0.5, 0.5, 0.5, 0.52, 0.5, 0.5, 0.5, 0.48]",0.24811999999999998,True,0.00571,stop
completion:P085b274e4e18:fable:known,completion,fable,P085b274e4e18,,known,,H,plain,completed,True,ok,True,False,"[0.52, 0.5, 0.48, 0.52, 0.5, 0.5, 0.52, 0.48, 0.52, 0.5]",0.24624000000000001,True,0.00573,stop
completion:Pb30f63c422d5:fable:known,completion,fable,Pb30f63c422d5,,known,,H,plain,completed,True,ok,True,False,"[0.5, 0.5, 0.5, 0.5, 0.5, 0.5, 0.5, 0.5, 0.5, 0.5]",0.25,True,0.00573,stop
completion:P483ac6ab3bf0:astra:withheld,completion,astra,P483ac6ab3bf0,,withheld,,H,fair,completed,True,ok,True,False,"[0.5, 0.5, 0.5, 0.5, 0.5, 0.5, 0.5, 0.5, 0.5, 0.5]",0.25,True,0.00465,stop
completion:P9333131fafea:qwen:known,completion,qwen,P9333131fafea,,known,,H,fair,completed,True,ok,True,False,"[0.5, 0.5, 0.5, 0.5, 0.5, 0.5, 0.5, 0.5, 0.5, 0.5]",0.25,True,4.7788e-05,stop
completion:Pc0fd2996d5e3:qwen:withheld,completion,qwen,Pc0fd2996d5e3,,withheld,,H,fair,completed,True,ok,True,False,"[0.5, 0.5, 0.5, 0.5, 0.5, 0.5, 0.5, 0.5, 0.5, 0.5]",0.25,True,4.7437e-05,stop
completion:Pf81c72ae8aab:qwen:withheld,completion,qwen,Pf81c72ae8aab,,withheld,,H,plain,completed,True,ok,True,False,"[0.5, 0.5, 0.5, 0.5, 0.5, 0.5, 0.5, 0.5, 0.5, 0.5]",0.25,True,4.7437e-05,stop
completion:Pf81c72ae8aab:astra:withheld,completion,astra,Pf81c72ae8aab,,withheld,,H,plain,completed,True,ok,True,False,"[0.5, 0.5, 0.5, 0.5, 0.5, 0.5, 0.5, 0.5, 0.5, 0.5]",0.25,True,0.00539,stop
completion:P67960b7e759d:qwen:known,completion,qwen,P67960b7e759d,,known,,H,plain,completed,True,ok,True,False,"[0.5, 0.5, 0.5, 0.5, 0.5, 0.5, 0.5, 0.5, 0.5, 0.5]",0.25,True,4.7671e-05,stop
completion:P39595f3e98ab:qwen:known,completion,qwen,P39595f3e98ab,,known,,H,fair,completed,True,ok,True,False,"[0.5, 0.5, 0.5, 0.5, 0.5, 0.5, 0.5, 0.5, 0.5, 0.5]",0.25,True,4.7788e-05,stop
completion:Pf1ad18af4dc4:qwen:known,completion,qwen,Pf1ad18af4dc4,,known,,H,fair,completed,True,ok,True,False,"[0.5, 0.5, 0.5, 0.5, 0.5, 0.5, 0.5, 0.5, 0.5, 0.5]",0.25,True,4.7671e-05,stop
completion:P9aa5b2d197cd:astra:known,completion,astra,P9aa5b2d197cd,,known,,H,fair,completed,True,ok,True,False,"[0.5, 0.5, 0.5, 0.5, 0.5, 0.5, 0.5, 0.5, 0.5, 0.5]",0.25,True,0.00467,stop
completion:P9bcd6a4ebe2e:qwen:known,completion,qwen,P9bcd6a4ebe2e,,known,,H,fair,completed,True,ok,True,False,"[0.5, 0.5, 0.5, 0.5, 0.5, 0.5, 0.5, 0.5, 0.5, 0.5]",0.25,True,4.7788e-05,stop
completion:P9de0b17502c0:fable:withheld,completion,fable,P9de0b17502c0,,withheld,,H,plain,completed,True,ok,True,False,"[0.52, 0.5, 0.51, 0.52, 0.49, 0.52, 0.5, 0.52, 0.5, 0.49]",0.24718999999999997,True,0.00571,stop
completion:P44c3132dd9c8:astra:known,completion,astra,P44c3132dd9c8,,known,,H,fair,completed,True,ok,True,False,"[0.5, 0.5, 0.5, 0.5, 0.5, 0.5, 0.5, 0.5, 0.5, 0.5]",0.25,True,0.00467,stop
completion:Pb81766b1c156:astra:known,completion,astra,Pb81766b1c156,,known,,H,plain,completed,True,ok,True,False,"[0.5, 0.5, 0.5, 0.5, 0.5, 0.5, 0.5, 0.5, 0.5, 0.5]",0.25,True,0.00566,stop
completion:P48b6ce201a09:fable:withheld,completion,fable,P48b6ce201a09,,withheld,,H,plain,completed,True,ok,True,False,"[0.5, 0.52, 0.5, 0.52, 0.5, 0.52, 0.5, 0.52, 0.5, 0.52]",0.25220000000000004,True,0.00526,stop
completion:P633cce82bfa2:astra:known,completion,astra,P633cce82bfa2,,known,,H,fair,completed,True,ok,True,False,"[0.5, 0.5, 0.5, 0.5, 0.5, 0.5, 0.5, 0.5, 0.5, 0.5]",0.25,True,0.00465,stop
completion:P6da7736ec049:qwen:withheld,completion,qwen,P6da7736ec049,,withheld,,H,fair,completed,True,ok,True,False,"[0.5, 0.5, 0.5, 0.5, 0.5, 0.5, 0.5, 0.5, 0.5, 0.5]",0.25,True,4.7437e-05,stop
completion:P7e2d234eb35f:fable:known,completion,fable,P7e2d234eb35f,,known,,H,fair,completed,True,ok,True,False,"[0.5, 0.5, 0.5, 0.5, 0.5, 0.5, 0.5, 0.5, 0.5, 0.5]",0.25,True,0.00574,stop
completion:P6da7736ec049:astra:withheld,completion,astra,P6da7736ec049,,withheld,,H,fair,completed,True,ok,True,False,"[0.5, 0.5, 0.5, 0.5, 0.5, 0.5, 0.5, 0.5, 0.5, 0.5]",0.25,True,0.00464,stop
completion:P48b6ce201a09:astra:withheld,completion,astra,P48b6ce201a09,,withheld,,H,plain,completed,True,ok,True,False,"[0.5, 0.5, 0.5, 0.5, 0.5, 0.5, 0.5, 0.5, 0.5, 0.5]",0.25,True,0.00613,stop
completion:P9623d498f378:qwen:known,completion,qwen,P9623d498f378,,known,,H,plain,completed,True,ok,True,False,"[0.45, 0.45, 0.45, 0.45, 0.45, 0.45, 0.45, 0.45, 0.45, 0.45]",0.26250000000000007,True,5.2338e-05,stop
completion:P158904262452:astra:known,completion,astra,P158904262452,,known,,H,fair,completed,True,ok,True,False,"[0.5, 0.5, 0.5, 0.5, 0.5, 0.5, 0.5, 0.5, 0.5, 0.5]",0.25,True,0.00557,stop
completion:P34df0d0e02ef:qwen:withheld,completion,qwen,P34df0d0e02ef,,withheld,,H,fair,completed,True,ok,True,False,"[0.5, 0.5, 0.5, 0.5, 0.5, 0.5, 0.5, 0.5, 0.5, 0.5]",0.25,True,4.7437e-05,stop
completion:Pb81766b1c156:qwen:known,completion,qwen,Pb81766b1c156,,known,,H,plain,completed,True,ok,True,False,"[0.5, 0.5, 0.5, 0.5, 0.5, 0.5, 0.5, 0.5, 0.5, 0.5]",0.25,True,4.7671e-05,stop
completion:P80b013660f29:qwen:known,completion,qwen,P80b013660f29,,known,,H,plain,completed,True,ok,True,False,"[0.45, 0.45, 0.45, 0.45, 0.45, 0.45, 0.45, 0.45, 0.45, 0.45]",0.25250000000000006,True,5.2338e-05,stop
completion:Pf70272b70c32:fable:known,completion,fable,Pf70272b70c32,,known,,H,fair,completed,True,ok,True,False,"[0.5, 0.5, 0.5, 0.5, 0.5, 0.5, 0.5, 0.5, 0.5, 0.5]",0.25,True,0.00574,stop
completion:Pb728176c80b0:astra:known,completion,astra,Pb728176c80b0,,known,,H,plain,completed,True,ok,True,False,"[0.5, 0.5, 0.5, 0.5, 0.5, 0.5, 0.5, 0.5, 0.5, 0.5]",0.25,True,0.00539,stop
completion:P4311dc4c44fc:fable:known,completion,fable,P4311dc4c44fc,,known,,H,plain,completed,True,ok,False,True,"[0.88, 0.12, 0.88, 0.12, 0.87, 0.13, 0.87, 0.13, 0.86, 0.14]",0.016440000000000003,True,0.01071,stop
completion:Pd776de804751:qwen:known,completion,qwen,Pd776de804751,,known,,H,plain,completed,True,ok,True,False,"[0.5, 0.5, 0.5, 0.5, 0.5, 0.5, 0.5, 0.5, 0.5, 0.5]",0.25,True,4.7671e-05,stop
completion:P311165b56986:qwen:withheld,completion,qwen,P311165b56986,,withheld,,H,fair,completed,True,ok,True,False,"[0.5, 0.5, 0.5, 0.5, 0.5, 0.5, 0.5, 0.5, 0.5, 0.5]",0.25,True,4.7437e-05,stop
completion:P422f555d345f:astra:withheld,completion,astra,P422f555d345f,,withheld,,H,plain,completed,True,ok,True,False,"[0.9, 0.12, 0.87, 0.15, 0.85, 0.17, 0.83, 0.19, 0.81, 0.2]",0.025630000000000003,True,0.01083,stop
completion:Pa10056f1a764:qwen:withheld,completion,qwen,Pa10056f1a764,,withheld,,H,plain,completed,True,ok,True,False,"[0.5, 0.5, 0.5, 0.5, 0.5, 0.5, 0.5, 0.5, 0.5, 0.5]",0.25,True,4.7437e-05,stop
completion:Pf55cf6e8ccb0:fable:withheld,completion,fable,Pf55cf6e8ccb0,,withheld,,H,plain,completed,True,ok,True,False,"[0.55, 0.5, 0.5, 0.55, 0.5, 0.5, 0.55, 0.5, 0.5, 0.5]",0.24575,True,0.00571,stop
completion:Pc6de4564221f:qwen:known,completion,qwen,Pc6de4564221f,,known,,H,plain,completed,True,ok,True,False,"[0.5, 0.5, 0.5, 0.5, 0.5, 0.5, 0.5, 0.5, 0.5, 0.5]",0.25,True,4.7671e-05,stop
completion:P9623d498f378:fable:known,completion,fable,P9623d498f378,,known,,H,plain,completed,True,ok,True,False,"[0.5, 0.5, 0.5, 0.5, 0.5, 0.5, 0.5, 0.5, 0.5, 0.5]",0.25,True,0.00573,stop
completion:P483ac6ab3bf0:qwen:withheld,completion,qwen,P483ac6ab3bf0,,withheld,,H,fair,completed,True,ok,True,False,"[0.5, 0.5, 0.5, 0.5, 0.5, 0.5, 0.5, 0.5, 0.5, 0.5]",0.25,True,4.7554e-05,stop
completion:Pd1d27b041b66:astra:known,completion,astra,Pd1d27b041b66,,known,,H,plain,completed,True,ok,True,False,"[0.5, 0.5, 0.5, 0.5, 0.5, 0.5, 0.5, 0.5, 0.5, 0.5]",0.25,True,0.00559,stop
completion:P085b274e4e18:astra:known,completion,astra,P085b274e4e18,,known,,H,plain,completed,True,ok,True,False,"[0.5, 0.5, 0.5, 0.5, 0.5, 0.5, 0.5, 0.5, 0.5, 0.5]",0.25,True,0.00567,stop
completion:P9f41bf196202:fable:known,completion,fable,P9f41bf196202,,known,,H,plain,completed,True,ok,True,False,"[0.5, 0.5, 0.5, 0.5, 0.5, 0.5, 0.5, 0.5, 0.5, 0.5]",0.25,True,0.00527,stop
completion:Pf6a25a3d68ec:qwen:withheld,completion,qwen,Pf6a25a3d68ec,,withheld,,H,plain,completed,True,ok,True,False,"[0.45, 0.45, 0.45, 0.45, 0.45, 0.45, 0.45, 0.45, 0.45, 0.45]",0.25250000000000006,True,5.1987e-05,stop
completion:Pfefe7f7bbcc9:qwen:withheld,completion,qwen,Pfefe7f7bbcc9,,withheld,,H,plain,completed,True,ok,True,False,"[0.45, 0.45, 0.45, 0.45, 0.45, 0.45, 0.45, 0.45, 0.45, 0.45]",0.26250000000000007,True,5.187e-05,stop
completion:P4355c1f030d6:astra:withheld,completion,astra,P4355c1f030d6,,withheld,,H,fair,completed,True,ok,True,False,"[0.5, 0.5, 0.5, 0.5, 0.5, 0.5, 0.5, 0.5, 0.5, 0.5]",0.25,True,0.00464,stop
completion:P087b9bc9c757:astra:known,completion,astra,P087b9bc9c757,,known,,H,fair,completed,True,ok,True,False,"[0.5, 0.5, 0.5, 0.5, 0.5, 0.5, 0.5, 0.5, 0.5, 0.5]",0.25,True,0.00467,stop
completion:P31c371139df3:fable:known,completion,fable,P31c371139df3,,known,,H,plain,completed,True,ok,True,False,"[0.5, 0.5, 0.5, 0.5, 0.5, 0.5, 0.5, 0.5, 0.5, 0.5]",0.25,True,0.00572,stop
completion:P9333131fafea:astra:known,completion,astra,P9333131fafea,,known,,H,fair,completed,True,ok,True,False,"[0.5, 0.5, 0.5, 0.5, 0.5, 0.5, 0.5, 0.5, 0.5, 0.5]",0.25,True,0.00525,stop
completion:Pca6d538aa286:qwen:withheld,completion,qwen,Pca6d538aa286,,withheld,,H,fair,completed,True,ok,True,False,"[0.5, 0.5, 0.5, 0.5, 0.5, 0.5, 0.5, 0.5, 0.5, 0.5]",0.25,True,4.7554e-05,stop
completion:P71e3bed10720:qwen:known,completion,qwen,P71e3bed10720,,known,,H,plain,completed,True,ok,True,False,"[0.5, 0.5, 0.5, 0.5, 0.5, 0.5, 0.5, 0.5, 0.5, 0.5]",0.25,True,4.7554e-05,stop
completion:Pe8e0638e8b6a:fable:known,completion,fable,Pe8e0638e8b6a,,known,,H,plain,completed,True,ok,True,False,"[0.5, 0.52, 0.5, 0.48, 0.52, 0.5, 0.5, 0.52, 0.48, 0.5]",0.26020000000000004,True,0.00573,stop
completion:P987914eb2fe5:astra:withheld,completion,astra,P987914eb2fe5,,withheld,,H,plain,completed,True,ok,True,False,"[0.5, 0.5, 0.5, 0.5, 0.5, 0.5, 0.5, 0.5, 0.5, 0.5]",0.25,True,0.00648,stop
completion:P9de0b17502c0:qwen:withheld,completion,qwen,P9de0b17502c0,,withheld,,H,plain,completed,True,ok,True,False,"[0.5, 0.5, 0.5, 0.5, 0.5, 0.5, 0.5, 0.5, 0.5, 0.5]",0.25,True,4.7437e-05,stop
completion:Pbd9a30ecefb0:astra:withheld,completion,astra,Pbd9a30ecefb0,,withheld,,H,fair,completed,True,ok,True,False,"[0.5, 0.5, 0.5, 0.5, 0.5, 0.5, 0.5, 0.5, 0.5, 0.5]",0.25,True,0.00419,stop
completion:P677417766022:astra:withheld,completion,astra,P677417766022,,withheld,,H,plain,completed,True,ok,True,False,"[0.5, 0.5, 0.5, 0.5, 0.5, 0.5, 0.5, 0.5, 0.5, 0.5]",0.25,True,0.00553,stop
completion:P2bc62689bf73:fable:withheld,completion,fable,P2bc62689bf73,,withheld,,H,fair,completed,True,ok,True,False,"[0.5, 0.5, 0.5, 0.5, 0.5, 0.5, 0.5, 0.5, 0.5, 0.5]",0.25,True,0.00573,stop
completion:Pc9cd24ab55f4:astra:withheld,completion,astra,Pc9cd24ab55f4,,withheld,,H,plain,completed,True,ok,True,False,"[0.9, 0.1, 0.88, 0.12, 0.86, 0.14, 0.84, 0.16, 0.82, 0.18]",0.020400000000000005,True,0.00888,stop
completion:P339318dfb86f:astra:withheld,completion,astra,P339318dfb86f,,withheld,,H,plain,completed,True,ok,True,False,"[0.5, 0.5, 0.5, 0.5, 0.5, 0.5, 0.5, 0.5, 0.5, 0.5]",0.25,True,0.00463,stop
completion:P38d4da757e9b:astra:known,completion,astra,P38d4da757e9b,,known,,H,fair,completed,True,ok,True,False,"[0.5, 0.5, 0.5, 0.5, 0.5, 0.5, 0.5, 0.5, 0.5, 0.5]",0.25,True,0.00597,stop
completion:Pefa8f3467812:astra:withheld,completion,astra,Pefa8f3467812,,withheld,,H,fair,completed,True,ok,True,False,"[0.5, 0.5, 0.5, 0.5, 0.5, 0.5, 0.5, 0.5, 0.5, 0.5]",0.25,True,0.00564,stop
completion:P422f555d345f:qwen:withheld,completion,qwen,P422f555d345f,,withheld,,H,plain,completed,True,ok,True,False,"[0.5, 0.5, 0.5, 0.5, 0.5, 0.5, 0.5, 0.5, 0.5, 0.5]",0.25,True,4.732e-05,stop
completion:Pd1d27b041b66:qwen:known,completion,qwen,Pd1d27b041b66,,known,,H,plain,completed,True,ok,True,False,"[0.5, 0.5, 0.5, 0.5, 0.5, 0.5, 0.5, 0.5, 0.5, 0.5]",0.25,True,4.7671e-05,stop
completion:Pb52dde02fcd2:qwen:known,completion,qwen,Pb52dde02fcd2,,known,,H,plain,completed,True,ok,True,False,"[0.5, 0.5, 0.5, 0.5, 0.5, 0.5, 0.5, 0.5, 0.5, 0.5]",0.25,True,4.7671e-05,stop
completion:Pae70030805e7:fable:known,completion,fable,Pae70030805e7,,known,,H,plain,completed,True,ok,True,False,"[0.52, 0.5, 0.5, 0.5, 0.48, 0.5, 0.5, 0.5, 0.5, 0.5]",0.24608,True,0.00571,stop
completion:P08efdd7d726e:astra:known,completion,astra,P08efdd7d726e,,known,,H,fair,completed,True,ok,True,False,"[0.5, 0.5, 0.5, 0.5, 0.5, 0.5, 0.5, 0.5, 0.5, 0.5]",0.25,True,0.00465,stop
completion:Pc434b1c8d803:astra:withheld,completion,astra,Pc434b1c8d803,,withheld,,H,fair,completed,True,ok,True,False,"[0.5, 0.5, 0.5, 0.5, 0.5, 0.5, 0.5, 0.5, 0.5, 0.5]",0.25,True,0.00464,stop
completion:P158904262452:fable:known,completion,fable,P158904262452,,known,,H,fair,completed,True,ok,True,False,"[0.5, 0.5, 0.5, 0.5, 0.5, 0.5, 0.5, 0.5, 0.5, 0.5]",0.25,True,0.00575,stop
completion:P5adfe8899512:fable:known,completion,fable,P5adfe8899512,,known,,H,fair,completed,True,ok,True,False,"[0.5, 0.5, 0.5, 0.5, 0.5, 0.5, 0.5, 0.5, 0.5, 0.5]",0.25,True,0.00575,stop
completion:Pde0906d9007c:fable:known,completion,fable,Pde0906d9007c,,known,,H,plain,completed,True,ok,True,False,"[0.5, 0.52, 0.5, 0.5, 0.52, 0.5, 0.5, 0.52, 0.5, 0.5]",0.24811999999999998,True,0.00572,stop
completion:P5979a50c624a:qwen:known,completion,qwen,P5979a50c624a,,known,,H,plain,completed,True,ok,True,False,"[0.5, 0.5, 0.5, 0.5, 0.5, 0.5, 0.5, 0.5, 0.5, 0.5]",0.25,True,4.7671e-05,stop
completion:Pac1e59009057:fable:withheld,completion,fable,Pac1e59009057,,withheld,,H,plain,completed,True,ok,True,False,"[0.52, 0.5, 0.51, 0.53, 0.49, 0.52, 0.5, 0.52, 0.5, 0.49]",0.24424,True,0.00571,stop
completion:Pe3e5a00b8559:fable:known,completion,fable,Pe3e5a00b8559,,known,,H,plain,completed,True,ok,False,True,"[0.8, 0.22, 0.78, 0.24, 0.76, 0.26, 0.74, 0.28, 0.72, 0.3]",0.0634,True,0.01021,stop
completion:Pb30f63c422d5:astra:known,completion,astra,Pb30f63c422d5,,known,,H,plain,completed,True,ok,True,False,"[0.5, 0.5, 0.5, 0.5, 0.5, 0.5, 0.5, 0.5, 0.5, 0.5]",0.25,True,0.00602,stop
completion:Pc206c573b70f:fable:withheld,completion,fable,Pc206c573b70f,,withheld,,H,plain,completed,True,ok,True,False,"[0.52, 0.5, 0.5, 0.52, 0.5, 0.5, 0.52, 0.5, 0.5, 0.52]",0.24616,True,0.00571,stop
completion:Pea0d3f32f903:qwen:withheld,completion,qwen,Pea0d3f32f903,,withheld,,H,plain,completed,True,ok,True,False,"[0.5, 0.5, 0.5, 0.5, 0.5, 0.5, 0.5, 0.5, 0.5, 0.5]",0.25,True,4.7437e-05,stop
completion:P912e764d7a17:astra:known,completion,astra,P912e764d7a17,,known,,H,plain,completed,True,ok,True,False,"[0.5, 0.5, 0.5, 0.5, 0.5, 0.5, 0.5, 0.5, 0.5, 0.5]",0.25,True,0.00561,stop
completion:P1461349dd16d:fable:withheld,completion,fable,P1461349dd16d,,withheld,,H,fair,completed,True,ok,True,False,"[0.5, 0.5, 0.5, 0.5, 0.5, 0.5, 0.5, 0.5, 0.5, 0.5]",0.25,True,0.00573,stop
completion:P717e9da1021c:fable:withheld,completion,fable,P717e9da1021c,,withheld,,H,plain,completed,True,ok,False,True,"[0.82, 0.18, 0.8, 0.2, 0.78, 0.22, 0.77, 0.23, 0.76, 0.24]",0.04626,True,0.01131,stop
completion:Pac1e59009057:qwen:withheld,completion,qwen,Pac1e59009057,,withheld,,H,plain,completed,True,ok,True,False,"[0.45, 0.45, 0.45, 0.45, 0.45, 0.45, 0.45, 0.45, 0.45, 0.45]",0.26250000000000007,True,5.1987e-05,stop
completion:P9623d498f378:astra:known,completion,astra,P9623d498f378,,known,,H,plain,completed,True,ok,True,False,"[0.5, 0.5, 0.5, 0.5, 0.5, 0.5, 0.5, 0.5, 0.5, 0.5]",0.25,True,0.00602,stop
completion:Pf340370ed9c4:fable:withheld,completion,fable,Pf340370ed9c4,,withheld,,H,plain,completed,True,ok,True,False,"[0.5, 0.52, 0.5, 0.5, 0.52, 0.5, 0.5, 0.52, 0.5, 0.5]",0.25212,True,0.00571,stop
completion:P82c20dad2b44:fable:withheld,completion,fable,P82c20dad2b44,,withheld,,H,plain,completed,True,ok,True,False,"[0.5, 0.52, 0.5, 0.52, 0.5, 0.5, 0.52, 0.5, 0.5, 0.5]",0.24411999999999998,True,0.00571,stop
completion:P3535c47405fa:qwen:withheld,completion,qwen,P3535c47405fa,,withheld,,H,plain,completed,True,ok,True,False,"[0.5, 0.5, 0.5, 0.5, 0.5, 0.5, 0.5, 0.5, 0.5, 0.5]",0.25,True,4.7437e-05,stop
completion:Pbeed48b9831a:qwen:known,completion,qwen,Pbeed48b9831a,,known,,H,fair,completed,True,ok,True,False,"[0.5, 0.5, 0.5, 0.5, 0.5, 0.5, 0.5, 0.5, 0.5, 0.5]",0.25,True,4.7671e-05,stop
completion:Pfb1fbd01a972:fable:withheld,completion,fable,Pfb1fbd01a972,,withheld,,H,plain,completed,True,ok,True,False,"[0.52, 0.5, 0.53, 0.5, 0.52, 0.5, 0.51, 0.52, 0.5, 0.49]",0.25123,True,0.00571,stop
completion:P6fff31dd7949:astra:known,completion,astra,P6fff31dd7949,,known,,H,fair,completed,True,ok,True,False,"[0.5, 0.5, 0.5, 0.5, 0.5, 0.5, 0.5, 0.5, 0.5, 0.5]",0.25,True,0.00464,stop
completion:P80afc9796590:astra:known,completion,astra,P80afc9796590,,known,,H,fair,completed,True,ok,True,False,"[0.5, 0.5, 0.5, 0.5, 0.5, 0.5, 0.5, 0.5, 0.5, 0.5]",0.25,True,0.00552,stop
completion:P9333131fafea:fable:known,completion,fable,P9333131fafea,,known,,H,fair,completed,True,ok,True,False,"[0.5, 0.5, 0.5, 0.5, 0.5, 0.5, 0.5, 0.5, 0.5, 0.5]",0.25,True,0.00574,stop
completion:Pdf2b3d9b2d24:fable:withheld,completion,fable,Pdf2b3d9b2d24,,withheld,,H,fair,completed,True,ok,True,False,"[0.52, 0.5, 0.5, 0.52, 0.5, 0.5, 0.5, 0.52, 0.5, 0.5]",0.25212,True,0.00573,stop
completion:P6e7386996121:astra:known,completion,astra,P6e7386996121,,known,,H,fair,completed,True,ok,True,False,"[0.5, 0.5, 0.5, 0.5, 0.5, 0.5, 0.5, 0.5, 0.5, 0.5]",0.25,True,0.00465,stop
completion:Pd1003400bc2f:fable:known,completion,fable,Pd1003400bc2f,,known,,H,plain,completed,True,ok,True,False,"[0.5, 0.5, 0.5, 0.5, 0.5, 0.5, 0.5, 0.5, 0.5, 0.5]",0.25,True,0.00573,stop
completion:Pde0906d9007c:qwen:known,completion,qwen,Pde0906d9007c,,known,,H,plain,completed,True,ok,True,False,"[0.5, 0.5, 0.5, 0.5, 0.5, 0.5, 0.5, 0.5, 0.5, 0.5]",0.25,True,4.7554e-05,stop
completion:Pba7ed2d6d916:qwen:withheld,completion,qwen,Pba7ed2d6d916,,withheld,,H,fair,completed,True,ok,True,False,"[0.5, 0.5, 0.5, 0.5, 0.5, 0.5, 0.5, 0.5, 0.5, 0.5]",0.25,True,4.7437e-05,stop
completion:P9799ccdd11c6:astra:withheld,completion,astra,P9799ccdd11c6,,withheld,,H,fair,completed,True,ok,True,False,"[0.5, 0.5, 0.5, 0.5, 0.5, 0.5, 0.5, 0.5, 0.5, 0.5]",0.25,True,0.00464,stop
completion:Pe19f1b60ae5e:qwen:withheld,completion,qwen,Pe19f1b60ae5e,,withheld,,H,plain,completed,True,ok,True,False,"[0.5, 0.5, 0.5, 0.5, 0.5, 0.5, 0.5, 0.5, 0.5, 0.5]",0.25,True,4.732e-05,stop
completion:P39595f3e98ab:fable:known,completion,fable,P39595f3e98ab,,known,,H,fair,completed,True,ok,True,False,"[0.5, 0.5, 0.5, 0.5, 0.5, 0.5, 0.5, 0.5, 0.5, 0.5]",0.25,True,0.00575,stop
completion:P932a30f0b2af:astra:withheld,completion,astra,P932a30f0b2af,,withheld,,H,plain,completed,True,ok,True,False,"[0.5, 0.5, 0.5, 0.5, 0.5, 0.5, 0.5, 0.5, 0.5, 0.5]",0.25,True,0.00569,stop
completion:P80afc9796590:qwen:known,completion,qwen,P80afc9796590,,known,,H,fair,completed,True,ok,True,False,"[0.5, 0.5, 0.5, 0.5, 0.5, 0.5, 0.5, 0.5, 0.5, 0.5]",0.25,True,4.7788e-05,stop
completion:Pbe2c91a32679:qwen:known,completion,qwen,Pbe2c91a32679,,known,,H,plain,completed,True,ok,True,False,"[0.45, 0.45, 0.45, 0.45, 0.45, 0.45, 0.45, 0.45, 0.45, 0.45]",0.26250000000000007,True,5.2104e-05,stop
completion:P9bb52487a24b:astra:withheld,completion,astra,P9bb52487a24b,,withheld,,H,fair,completed,True,ok,True,False,"[0.5, 0.5, 0.5, 0.5, 0.5, 0.5, 0.5, 0.5, 0.5, 0.5]",0.25,True,0.00564,stop
completion:P8b6829cb915c:astra:known,completion,astra,P8b6829cb915c,,known,,H,plain,completed,True,ok,True,False,"[0.97, 0.03, 0.96, 0.04, 0.95, 0.05, 0.94, 0.06, 0.93, 0.07]",0.002700000000000001,True,0.0092,stop
completion:P6091b7693004:fable:known,completion,fable,P6091b7693004,,known,,H,plain,completed,True,ok,True,False,"[0.5, 0.55, 0.5, 0.55, 0.5, 0.5, 0.55, 0.5, 0.55, 0.5]",0.251,True,0.00571,stop
completion:P82c20dad2b44:qwen:withheld,completion,qwen,P82c20dad2b44,,withheld,,H,plain,completed,True,ok,True,False,"[0.5, 0.5, 0.5, 0.5, 0.5, 0.5, 0.5, 0.5, 0.5, 0.5]",0.25,True,4.732e-05,stop
completion:P67960b7e759d:astra:known,completion,astra,P67960b7e759d,,known,,H,plain,completed,True,ok,True,False,"[0.5, 0.5, 0.5, 0.5, 0.5, 0.5, 0.5, 0.5, 0.5, 0.5]",0.25,True,0.00636,stop
completion:P9085e4933441:fable:withheld,completion,fable,P9085e4933441,,withheld,,H,plain,completed,True,ok,True,False,"[0.5, 0.5, 0.5, 0.5, 0.5, 0.5, 0.5, 0.5, 0.5, 0.5]",0.25,True,0.00571,stop
completion:P9bcd6a4ebe2e:astra:known,completion,astra,P9bcd6a4ebe2e,,known,,H,fair,completed,True,ok,True,False,"[0.5, 0.5, 0.5, 0.5, 0.5, 0.5, 0.5, 0.5, 0.5, 0.5]",0.25,True,0.00467,stop
completion:P482e641d1ec6:fable:known,completion,fable,P482e641d1ec6,,known,,H,plain,completed,True,ok,True,False,"[0.5, 0.5, 0.5, 0.5, 0.5, 0.5, 0.5, 0.5, 0.5, 0.5]",0.25,True,0.00572,stop
completion:P087b9bc9c757:qwen:known,completion,qwen,P087b9bc9c757,,known,,H,fair,completed,True,ok,True,False,"[0.5, 0.5, 0.5, 0.5, 0.5, 0.5, 0.5, 0.5, 0.5, 0.5]",0.25,True,4.7788e-05,stop
completion:Pee79f212bea4:astra:known,completion,astra,Pee79f212bea4,,known,,H,fair,completed,True,ok,True,False,"[0.5, 0.5, 0.5, 0.5, 0.5, 0.5, 0.5, 0.5, 0.5, 0.5]",0.25,True,0.00467,stop
completion:P35fe2e518f05:fable:known,completion,fable,P35fe2e518f05,,known,,H,fair,completed,True,ok,True,False,"[0.5, 0.5, 0.5, 0.5, 0.5, 0.5, 0.5, 0.5, 0.5, 0.5]",0.25,True,0.00574,stop
completion:P114313b6e44d:fable:withheld,completion,fable,P114313b6e44d,,withheld,,H,fair,completed,True,ok,True,False,"[0.5, 0.5, 0.5, 0.5, 0.5, 0.5, 0.5, 0.5, 0.5, 0.5]",0.25,True,0.00573,stop
completion:P6fff31dd7949:fable:known,completion,fable,P6fff31dd7949,,known,,H,fair,completed,True,ok,True,False,"[0.5, 0.5, 0.5, 0.5, 0.5, 0.5, 0.5, 0.5, 0.5, 0.5]",0.25,True,0.00574,stop
completion:P5f191a10c135:qwen:known,completion,qwen,P5f191a10c135,,known,,H,plain,completed,True,ok,True,False,"[0.5, 0.5, 0.5, 0.5, 0.5, 0.5, 0.5, 0.5, 0.5, 0.5]",0.25,True,4.7671e-05,stop
completion:P339318dfb86f:qwen:withheld,completion,qwen,P339318dfb86f,,withheld,,H,plain,completed,True,ok,True,False,"[0.5, 0.5, 0.5, 0.5, 0.5, 0.5, 0.5, 0.5, 0.5, 0.5]",0.25,True,4.732e-05,stop
completion:P80afc9796590:fable:known,completion,fable,P80afc9796590,,known,,H,fair,completed,True,ok,True,False,"[0.52, 0.5, 0.5, 0.48, 0.5, 0.5, 0.5, 0.48, 0.5, 0.5]",0.25212,True,0.00575,stop
completion:P114313b6e44d:qwen:withheld,completion,qwen,P114313b6e44d,,withheld,,H,fair,completed,True,ok,True,False,"[0.5, 0.5, 0.5, 0.5, 0.5, 0.5, 0.5, 0.5, 0.5, 0.5]",0.25,True,4.7554e-05,stop
completion:Pf91d12d82d7d:astra:known,completion,astra,Pf91d12d82d7d,,known,,H,fair,completed,True,ok,True,False,"[0.5, 0.5, 0.5, 0.5, 0.5, 0.5, 0.5, 0.5, 0.5, 0.5]",0.25,True,0.0058,stop
completion:Pf1ad18af4dc4:fable:known,completion,fable,Pf1ad18af4dc4,,known,,H,fair,completed,True,ok,True,False,"[0.52, 0.5, 0.5, 0.52, 0.5, 0.48, 0.5, 0.52, 0.5, 0.52]",0.24020000000000002,True,0.00574,stop
completion:P158904262452:qwen:known,completion,qwen,P158904262452,,known,,H,fair,completed,True,ok,True,False,"[0.5, 0.5, 0.5, 0.5, 0.5, 0.5, 0.5, 0.5, 0.5, 0.5]",0.25,True,4.7788e-05,stop
completion:P8a52e2dbb002:fable:withheld,completion,fable,P8a52e2dbb002,,withheld,,H,fair,completed,True,ok,True,False,"[0.52, 0.5, 0.5, 0.5, 0.5, 0.5, 0.5, 0.5, 0.5, 0.5]",0.24803999999999998,True,0.00573,stop
completion:Pd1d27b041b66:fable:known,completion,fable,Pd1d27b041b66,,known,,H,plain,completed,True,ok,True,False,"[0.5, 0.5, 0.5, 0.5, 0.5, 0.5, 0.5, 0.5, 0.5, 0.5]",0.25,True,0.00572,stop
completion:Pabd1e6d7f795:fable:withheld,completion,fable,Pabd1e6d7f795,,withheld,,H,fair,completed,True,ok,True,False,"[0.52, 0.5, 0.5, 0.52, 0.5, 0.5, 0.52, 0.5, 0.5, 0.5]",0.24811999999999998,True,0.00573,stop
completion:Pf91d12d82d7d:fable:known,completion,fable,Pf91d12d82d7d,,known,,H,fair,completed,True,ok,True,False,"[0.5, 0.5, 0.5, 0.5, 0.5, 0.5, 0.5, 0.5, 0.5, 0.5]",0.25,True,0.00574,stop
completion:P50b87a09560e:fable:withheld,completion,fable,P50b87a09560e,,withheld,,H,plain,completed,True,ok,True,False,"[0.52, 0.5, 0.5, 0.52, 0.5, 0.5, 0.52, 0.5, 0.5, 0.52]",0.24616,True,0.00571,stop
completion:Pfb1fbd01a972:qwen:withheld,completion,qwen,Pfb1fbd01a972,,withheld,,H,plain,completed,True,ok,True,False,"[0.5, 0.5, 0.5, 0.5, 0.5, 0.5, 0.5, 0.5, 0.5, 0.5]",0.25,True,4.7437e-05,stop
completion:Pf414edc880f7:fable:known,completion,fable,Pf414edc880f7,,known,,H,plain,completed,True,ok,True,False,"[0.5, 0.5, 0.5, 0.5, 0.5, 0.5, 0.5, 0.5, 0.5, 0.5]",0.25,True,0.00572,stop
completion:P3e33e4b69101:fable:withheld,completion,fable,P3e33e4b69101,,withheld,,H,plain,completed,True,ok,False,True,"[0.8, 0.2, 0.78, 0.22, 0.76, 0.24, 0.74, 0.26, 0.72, 0.28]",0.058399999999999994,True,0.01136,stop
completion:P9a81728eb902:astra:withheld,completion,astra,P9a81728eb902,,withheld,,H,plain,completed,True,ok,True,False,"[0.5, 0.5, 0.5, 0.5, 0.5, 0.5, 0.5, 0.5, 0.5, 0.5]",0.25,True,0.00544,stop
completion:P39595f3e98ab:astra:known,completion,astra,P39595f3e98ab,,known,,H,fair,completed,True,ok,True,False,"[0.5, 0.5, 0.5, 0.5, 0.5, 0.5, 0.5, 0.5, 0.5, 0.5]",0.25,True,0.00467,stop
completion:P114313b6e44d:astra:withheld,completion,astra,P114313b6e44d,,withheld,,H,fair,completed,True,ok,True,False,"[0.5, 0.5, 0.5, 0.5, 0.5, 0.5, 0.5, 0.5, 0.5, 0.5]",0.25,True,0.00465,stop
completion:Pc6de4564221f:fable:known,completion,fable,Pc6de4564221f,,known,,H,plain,completed,True,ok,True,False,"[0.52, 0.5, 0.52, 0.48, 0.5, 0.52, 0.48, 0.5, 0.52, 0.5]",0.24624000000000001,True,0.00571,stop
completion:P339318dfb86f:fable:withheld,completion,fable,P339318dfb86f,,withheld,,H,plain,completed,True,ok,True,False,"[0.5, 0.5, 0.5, 0.5, 0.5, 0.5, 0.5, 0.5, 0.5, 0.5]",0.25,True,0.00571,stop
completion:P4311dc4c44fc:astra:known,completion,astra,P4311dc4c44fc,,known,,H,plain,completed,True,ok,True,False,"[0.95, 0.05, 0.94, 0.06, 0.93, 0.07, 0.92, 0.08, 0.91, 0.09]",0.005099999999999999,True,0.00915,stop
completion:Pbe2c91a32679:fable:known,completion,fable,Pbe2c91a32679,,known,,H,plain,completed,True,ok,True,False,"[0.52, 0.5, 0.52, 0.5, 0.5, 0.52, 0.5, 0.5, 0.52, 0.5]",0.25416,True,0.00572,stop
completion:Pbd9a30ecefb0:qwen:withheld,completion,qwen,Pbd9a30ecefb0,,withheld,,H,fair,completed,True,ok,True,False,"[0.5, 0.5, 0.5, 0.5, 0.5, 0.5, 0.5, 0.5, 0.5, 0.5]",0.25,True,4.7437e-05,stop
completion:P1461349dd16d:qwen:withheld,completion,qwen,P1461349dd16d,,withheld,,H,fair,completed,True,ok,True,False,"[0.5, 0.5, 0.5, 0.5, 0.5, 0.5, 0.5, 0.5, 0.5, 0.5]",0.25,True,4.7437e-05,stop
completion:P8b6829cb915c:fable:known,completion,fable,P8b6829cb915c,,known,,H,plain,completed,True,ok,False,True,"[0.85, 0.15, 0.85, 0.15, 0.85, 0.15, 0.85, 0.15, 0.85, 0.15]",0.022500000000000003,True,0.01096,stop
completion:P482e641d1ec6:astra:known,completion,astra,P482e641d1ec6,,known,,H,plain,completed,True,ok,True,False,"[0.5, 0.5, 0.5, 0.5, 0.5, 0.5, 0.5, 0.5, 0.5, 0.5]",0.25,True,0.00574,stop
completion:P44c3132dd9c8:qwen:known,completion,qwen,P44c3132dd9c8,,known,,H,fair,completed,True,ok,True,False,"[0.5, 0.5, 0.5, 0.5, 0.5, 0.5, 0.5, 0.5, 0.5, 0.5]",0.25,True,4.7788e-05,stop
completion:Pf912b277130e:astra:withheld,completion,astra,Pf912b277130e,,withheld,,H,plain,completed,True,ok,True,False,"[0.5, 0.5, 0.5, 0.5, 0.5, 0.5, 0.5, 0.5, 0.5, 0.5]",0.25,True,0.00463,stop
completion:P5ca0318e86f9:qwen:withheld,completion,qwen,P5ca0318e86f9,,withheld,,H,fair,completed,True,ok,True,False,"[0.5, 0.5, 0.5, 0.5, 0.5, 0.5, 0.5, 0.5, 0.5, 0.5]",0.25,True,4.7437e-05,stop
completion:P3e33e4b69101:astra:withheld,completion,astra,P3e33e4b69101,,withheld,,H,plain,completed,True,ok,True,False,"[0.9, 0.11, 0.87, 0.14, 0.84, 0.17, 0.81, 0.2, 0.78, 0.23]",0.02905,True,0.01218,stop
completion:P3e33e4b69101:qwen:withheld,completion,qwen,P3e33e4b69101,,withheld,,H,plain,completed,True,ok,True,False,"[0.5, 0.5, 0.5, 0.5, 0.5, 0.5, 0.5, 0.5, 0.5, 0.5]",0.25,True,4.732e-05,stop
completion:P8ca0d4cc96b1:qwen:withheld,completion,qwen,P8ca0d4cc96b1,,withheld,,H,plain,completed,True,ok,True,False,"[0.45, 0.45, 0.45, 0.45, 0.45, 0.45, 0.45, 0.45, 0.45, 0.45]",0.26250000000000007,True,5.1987e-05,stop
completion:P1fbe776671a1:fable:known,completion,fable,P1fbe776671a1,,known,,H,plain,completed,True,ok,True,False,"[0.5, 0.5, 0.5, 0.5, 0.5, 0.5, 0.5, 0.5, 0.5, 0.5]",0.25,True,0.00572,stop
completion:Pf2e94fd041d7:fable:withheld,completion,fable,Pf2e94fd041d7,,withheld,,H,fair,completed,True,ok,True,False,"[0.5, 0.5, 0.5, 0.5, 0.5, 0.5, 0.5, 0.5, 0.5, 0.5]",0.25,True,0.00573,stop
completion:P932a30f0b2af:qwen:withheld,completion,qwen,P932a30f0b2af,,withheld,,H,plain,completed,True,ok,True,False,"[0.5, 0.5, 0.5, 0.5, 0.5, 0.5, 0.5, 0.5, 0.5, 0.5]",0.25,True,4.7437e-05,stop
completion:P987914eb2fe5:qwen:withheld,completion,qwen,P987914eb2fe5,,withheld,,H,plain,completed,True,ok,True,False,"[0.5, 0.5, 0.5, 0.5, 0.5, 0.5, 0.5, 0.5, 0.5, 0.5]",0.25,True,4.732e-05,stop
completion:P1461349dd16d:astra:withheld,completion,astra,P1461349dd16d,,withheld,,H,fair,completed,True,ok,True,False,"[0.5, 0.5, 0.5, 0.5, 0.5, 0.5, 0.5, 0.5, 0.5, 0.5]",0.25,True,0.00564,stop
completion:Pfefe7f7bbcc9:astra:withheld,completion,astra,Pfefe7f7bbcc9,,withheld,,H,plain,completed,True,ok,True,False,"[0.5, 0.5, 0.5, 0.5, 0.5, 0.5, 0.5, 0.5, 0.5, 0.5]",0.25,True,0.00543,stop
completion:Pd1003400bc2f:qwen:known,completion,qwen,Pd1003400bc2f,,known,,H,plain,completed,True,ok,True,False,"[0.45, 0.45, 0.45, 0.45, 0.45, 0.45, 0.45, 0.45, 0.45, 0.45]",0.25250000000000006,True,5.2338e-05,stop
completion:P6fff31dd7949:qwen:known,completion,qwen,P6fff31dd7949,,known,,H,fair,completed,True,ok,True,False,"[0.5, 0.5, 0.5, 0.5, 0.5, 0.5, 0.5, 0.5, 0.5, 0.5]",0.25,True,4.7671e-05,stop
completion:Pb81766b1c156:fable:known,completion,fable,Pb81766b1c156,,known,,H,plain,completed,True,ok,True,False,"[0.55, 0.5, 0.5, 0.5, 0.5, 0.5, 0.5, 0.5, 0.5, 0.5]",0.24525000000000002,True,0.00573,stop
completion:P6e7386996121:fable:known,completion,fable,P6e7386996121,,known,,H,fair,completed,True,ok,True,False,"[0.5, 0.5, 0.5, 0.5, 0.5, 0.5, 0.5, 0.5, 0.5, 0.5]",0.25,True,0.00529,stop
completion:Pfefe7f7bbcc9:fable:withheld,completion,fable,Pfefe7f7bbcc9,,withheld,,H,plain,completed,True,ok,True,False,"[0.52, 0.5, 0.52, 0.5, 0.52, 0.5, 0.52, 0.5, 0.52, 0.5]",0.24820000000000003,True,0.00571,stop
completion:Pf414edc880f7:astra:known,completion,astra,Pf414edc880f7,,known,,H,plain,completed,True,ok,True,False,"[0.5, 0.5, 0.5, 0.5, 0.5, 0.5, 0.5, 0.5, 0.5, 0.5]",0.25,True,0.00564,stop
completion:Pc0fd2996d5e3:fable:withheld,completion,fable,Pc0fd2996d5e3,,withheld,,H,fair,completed,True,ok,True,False,"[0.5, 0.5, 0.5, 0.5, 0.5, 0.5, 0.5, 0.5, 0.5, 0.5]",0.25,True,0.00573,stop
completion:P80b013660f29:astra:known,completion,astra,P80b013660f29,,known,,H,plain,completed,True,ok,True,False,"[0.5, 0.5, 0.5, 0.5, 0.5, 0.5, 0.5, 0.5, 0.5, 0.5]",0.25,True,0.00562,stop
completion:Pcf8e49786697:fable:known,completion,fable,Pcf8e49786697,,known,,H,plain,completed,True,ok,True,False,"[0.5, 0.52, 0.5, 0.5, 0.52, 0.5, 0.52, 0.5, 0.5, 0.5]",0.25612,True,0.00573,stop
completion:P5f191a10c135:astra:known,completion,astra,P5f191a10c135,,known,,H,plain,completed,True,ok,True,False,"[0.5, 0.5, 0.5, 0.5, 0.5, 0.5, 0.5, 0.5, 0.5, 0.5]",0.25,True,0.00606,stop
completion:P987914eb2fe5:fable:withheld,completion,fable,P987914eb2fe5,,withheld,,H,plain,completed,True,ok,True,False,"[0.5, 0.52, 0.5, 0.48, 0.5, 0.52, 0.48, 0.5, 0.5, 0.48]",0.25620000000000004,True,0.00571,stop
completion:P48b6ce201a09:qwen:withheld,completion,qwen,P48b6ce201a09,,withheld,,H,plain,completed,True,ok,True,False,"[0.5, 0.5, 0.5, 0.5, 0.5, 0.5, 0.5, 0.5, 0.5, 0.5]",0.25,True,4.732e-05,stop
completion:Pce14028dab81:fable:known,completion,fable,Pce14028dab81,,known,,H,fair,completed,True,ok,True,False,"[0.5, 0.5, 0.5, 0.5, 0.5, 0.5, 0.5, 0.5, 0.5, 0.5]",0.25,True,0.0053,stop
completion:P4355c1f030d6:fable:withheld,completion,fable,P4355c1f030d6,,withheld,,H,fair,completed,True,ok,True,False,"[0.5, 0.5, 0.5, 0.5, 0.5, 0.5, 0.5, 0.5, 0.5, 0.5]",0.25,True,0.00527,stop
completion:Pa10056f1a764:fable:withheld,completion,fable,Pa10056f1a764,,withheld,,H,plain,completed,True,ok,True,False,"[0.52, 0.5, 0.5, 0.5, 0.5, 0.5, 0.5, 0.5, 0.5, 0.5]",0.24803999999999998,True,0.00571,stop
completion:P252befd2665e:astra:known,completion,astra,P252befd2665e,,known,,H,plain,completed,True,ok,True,False,"[0.5, 0.5, 0.5, 0.5, 0.5, 0.5, 0.5, 0.5, 0.5, 0.5]",0.25,True,0.00558,stop
completion:Pdf2b3d9b2d24:astra:withheld,completion,astra,Pdf2b3d9b2d24,,withheld,,H,fair,completed,True,ok,True,False,"[0.5, 0.5, 0.5, 0.5, 0.5, 0.5, 0.5, 0.5, 0.5, 0.5]",0.25,True,0.00464,stop
completion:P44c3132dd9c8:fable:known,completion,fable,P44c3132dd9c8,,known,,H,fair,completed,True,ok,True,False,"[0.5, 0.5, 0.5, 0.5, 0.5, 0.5, 0.5, 0.5, 0.5, 0.5]",0.25,True,0.0053,stop
completion:Pbd9a30ecefb0:fable:withheld,completion,fable,Pbd9a30ecefb0,,withheld,,H,fair,completed,True,ok,False,True,"[0.52, 0.52, 0.52, 0.52, 0.52, 0.52, 0.52, 0.52, 0.52, 0.52]",0.2464,True,0.00988,stop
completion:P08efdd7d726e:qwen:known,completion,qwen,P08efdd7d726e,,known,,H,fair,completed,True,ok,True,False,"[0.5, 0.5, 0.5, 0.5, 0.5, 0.5, 0.5, 0.5, 0.5, 0.5]",0.25,True,4.7788e-05,stop
completion:Pba7ed2d6d916:astra:withheld,completion,astra,Pba7ed2d6d916,,withheld,,H,fair,completed,True,ok,True,False,"[0.5, 0.5, 0.5, 0.5, 0.5, 0.5, 0.5, 0.5, 0.5, 0.5]",0.25,True,0.00464,stop
completion:Pe165b33556bf:qwen:withheld,completion,qwen,Pe165b33556bf,,withheld,,H,fair,completed,True,ok,True,False,"[0.5, 0.5, 0.5, 0.5, 0.5, 0.5, 0.5, 0.5, 0.5, 0.5]",0.25,True,4.7437e-05,stop
completion:Pd25809680f86:fable:withheld,completion,fable,Pd25809680f86,,withheld,,H,fair,completed,True,ok,True,False,"[0.5, 0.5, 0.5, 0.5, 0.5, 0.5, 0.5, 0.5, 0.5, 0.5]",0.25,True,0.00572,stop
completion:P252befd2665e:fable:known,completion,fable,P252befd2665e,,known,,H,plain,completed,True,ok,True,False,"[0.5, 0.5, 0.5, 0.5, 0.5, 0.5, 0.5, 0.5, 0.5, 0.5]",0.25,True,0.00572,stop
completion:P9085e4933441:astra:withheld,completion,astra,P9085e4933441,,withheld,,H,plain,completed,True,ok,True,False,"[0.5, 0.5, 0.5, 0.5, 0.5, 0.5, 0.5, 0.5, 0.5, 0.5]",0.25,True,0.00549,stop
completion:Pb52dde02fcd2:astra:known,completion,astra,Pb52dde02fcd2,,known,,H,plain,completed,True,ok,True,False,"[0.5, 0.5, 0.5, 0.5, 0.5, 0.5, 0.5, 0.5, 0.5, 0.5]",0.25,True,0.00571,stop
completion:P9a81728eb902:qwen:withheld,completion,qwen,P9a81728eb902,,withheld,,H,plain,completed,True,ok,True,False,"[0.5, 0.5, 0.5, 0.5, 0.5, 0.5, 0.5, 0.5, 0.5, 0.5]",0.25,True,4.7437e-05,stop
completion:Pc3e2c454d97b:astra:withheld,completion,astra,Pc3e2c454d97b,,withheld,,H,plain,completed,True,ok,True,False,"[0.5, 0.5, 0.5, 0.5, 0.5, 0.5, 0.5, 0.5, 0.5, 0.5]",0.25,True,0.00674,stop
completion:Pd776de804751:fable:known,completion,fable,Pd776de804751,,known,,H,plain,completed,True,ok,True,False,"[0.52, 0.5, 0.52, 0.5, 0.52, 0.5, 0.5, 0.52, 0.5, 0.5]",0.25416,True,0.00571,stop
completion:P932a30f0b2af:fable:withheld,completion,fable,P932a30f0b2af,,withheld,,H,plain,completed,True,ok,True,False,"[0.5, 0.5, 0.5, 0.5, 0.5, 0.5, 0.5, 0.5, 0.5, 0.5]",0.25,True,0.00571,stop
completion:Pc59a35412461:qwen:withheld,completion,qwen,Pc59a35412461,,withheld,,H,plain,completed,True,ok,True,False,"[0.5, 0.5, 0.5, 0.5, 0.5, 0.5, 0.5, 0.5, 0.5, 0.5]",0.25,True,4.732e-05,stop
completion:Pc8c003cfff1f:astra:known,completion,astra,Pc8c003cfff1f,,known,,H,plain,completed,True,ok,True,False,"[0.5, 0.5, 0.5, 0.5, 0.5, 0.5, 0.5, 0.5, 0.5, 0.5]",0.25,True,0.00464,stop
completion:P8ca0d4cc96b1:fable:withheld,completion,fable,P8ca0d4cc96b1,,withheld,,H,plain,completed,True,ok,True,False,"[0.5, 0.5, 0.5, 0.5, 0.5, 0.5, 0.5, 0.5, 0.5, 0.5]",0.25,True,0.00571,stop
completion:P8d5c033a6c9d:qwen:withheld,completion,qwen,P8d5c033a6c9d,,withheld,,H,plain,completed,True,ok,True,False,"[0.5, 0.5, 0.5, 0.5, 0.5, 0.5, 0.5, 0.5, 0.5, 0.5]",0.25,True,4.7437e-05,stop
completion:P8a52e2dbb002:qwen:withheld,completion,qwen,P8a52e2dbb002,,withheld,,H,fair,completed,True,ok,True,False,"[0.5, 0.5, 0.5, 0.5, 0.5, 0.5, 0.5, 0.5, 0.5, 0.5]",0.25,True,4.7437e-05,stop
completion:Pe19f1b60ae5e:fable:withheld,completion,fable,Pe19f1b60ae5e,,withheld,,H,plain,completed,True,ok,True,False,"[0.52, 0.5, 0.49, 0.51, 0.5, 0.5, 0.48, 0.52, 0.5, 0.49]",0.24914999999999998,True,0.00571,stop
completion:P34df0d0e02ef:astra:withheld,completion,astra,P34df0d0e02ef,,withheld,,H,fair,completed,True,ok,True,False,"[0.5, 0.5, 0.5, 0.5, 0.5, 0.5, 0.5, 0.5, 0.5, 0.5]",0.25,True,0.00464,stop
completion:P31c371139df3:astra:known,completion,astra,P31c371139df3,,known,,H,plain,completed,True,ok,True,False,"[0.5, 0.5, 0.5, 0.5, 0.5, 0.5, 0.5, 0.5, 0.5, 0.5]",0.25,True,0.00549,stop
completion:P633cce82bfa2:qwen:known,completion,qwen,P633cce82bfa2,,known,,H,fair,completed,True,ok,True,False,"[0.5, 0.5, 0.5, 0.5, 0.5, 0.5, 0.5, 0.5, 0.5, 0.5]",0.25,True,4.7788e-05,stop
completion:Pc8c003cfff1f:fable:known,completion,fable,Pc8c003cfff1f,,known,,H,plain,completed,True,ok,True,False,"[0.5, 0.52, 0.5, 0.48, 0.52, 0.5, 0.5, 0.52, 0.48, 0.5]",0.25220000000000004,True,0.00572,stop
completion:Pf91d12d82d7d:qwen:known,completion,qwen,Pf91d12d82d7d,,known,,H,fair,completed,True,ok,True,False,"[0.5, 0.5, 0.5, 0.5, 0.5, 0.5, 0.5, 0.5, 0.5, 0.5]",0.25,True,4.7788e-05,stop
completion:P8b6829cb915c:qwen:known,completion,qwen,P8b6829cb915c,,known,,H,plain,completed,True,ok,True,False,"[0.5, 0.5, 0.5, 0.5, 0.5, 0.5, 0.5, 0.5, 0.5, 0.5]",0.25,True,4.7554e-05,stop
completion:P9bcd6a4ebe2e:fable:known,completion,fable,P9bcd6a4ebe2e,,known,,H,fair,completed,True,ok,True,False,"[0.5, 0.5, 0.5, 0.5, 0.5, 0.5, 0.5, 0.5, 0.5, 0.5]",0.25,True,0.00575,stop
completion:Pee79f212bea4:fable:known,completion,fable,Pee79f212bea4,,known,,H,fair,completed,True,ok,True,False,"[0.5, 0.5, 0.5, 0.5, 0.5, 0.5, 0.5, 0.5, 0.5, 0.5]",0.25,True,0.00575,stop
completion:Pbeed48b9831a:astra:known,completion,astra,Pbeed48b9831a,,known,,H,fair,completed,True,ok,True,False,"[0.5, 0.5, 0.5, 0.5, 0.5, 0.5, 0.5, 0.5, 0.5, 0.5]",0.25,True,0.00464,stop
completion:P200d4085da52:qwen:withheld,completion,qwen,P200d4085da52,,withheld,,H,plain,completed,True,ok,True,False,"[0.5, 0.5, 0.5, 0.5, 0.5, 0.5, 0.5, 0.5, 0.5, 0.5]",0.25,True,4.7437e-05,stop
completion:P3535c47405fa:fable:withheld,completion,fable,P3535c47405fa,,withheld,,H,plain,completed,True,ok,True,False,"[0.5, 0.52, 0.5, 0.48, 0.52, 0.5, 0.5, 0.52, 0.48, 0.5]",0.26020000000000004,True,0.00571,stop
completion:Pd25809680f86:qwen:withheld,completion,qwen,Pd25809680f86,,withheld,,H,fair,completed,True,ok,True,False,"[0.5, 0.5, 0.5, 0.5, 0.5, 0.5, 0.5, 0.5, 0.5, 0.5]",0.25,True,4.7437e-05,stop
completion:Pce14028dab81:qwen:known,completion,qwen,Pce14028dab81,,known,,H,fair,completed,True,ok,True,False,"[0.5, 0.5, 0.5, 0.5, 0.5, 0.5, 0.5, 0.5, 0.5, 0.5]",0.25,True,4.7788e-05,stop
completion:Pb52dde02fcd2:fable:known,completion,fable,Pb52dde02fcd2,,known,,H,plain,completed,True,ok,True,False,"[0.5, 0.5, 0.5, 0.5, 0.5, 0.5, 0.5, 0.5, 0.5, 0.5]",0.25,True,0.00571,stop
completion:P6e7386996121:qwen:known,completion,qwen,P6e7386996121,,known,,H,fair,completed,True,ok,True,False,"[0.5, 0.5, 0.5, 0.5, 0.5, 0.5, 0.5, 0.5, 0.5, 0.5]",0.25,True,4.7788e-05,stop
completion:Pae70030805e7:qwen:known,completion,qwen,Pae70030805e7,,known,,H,plain,completed,True,ok,True,False,"[0.5, 0.5, 0.5, 0.5, 0.5, 0.5, 0.5, 0.5, 0.5, 0.5]",0.25,True,4.7671e-05,stop
completion:P35fe2e518f05:qwen:known,completion,qwen,P35fe2e518f05,,known,,H,fair,completed,True,ok,True,False,"[0.5, 0.5, 0.5, 0.5, 0.5, 0.5, 0.5, 0.5, 0.5, 0.5]",0.25,True,4.7671e-05,stop
completion:Pe3e5a00b8559:qwen:known,completion,qwen,Pe3e5a00b8559,,known,,H,plain,completed,True,ok,True,False,"[0.5, 0.5, 0.5, 0.5, 0.5, 0.5, 0.5, 0.5, 0.5, 0.5]",0.25,True,4.7554e-05,stop
completion:Pb728176c80b0:qwen:known,completion,qwen,Pb728176c80b0,,known,,H,plain,completed,True,ok,True,False,"[0.5, 0.5, 0.5, 0.5, 0.5, 0.5, 0.5, 0.5, 0.5, 0.5]",0.25,True,4.7671e-05,stop
completion:Pf6a25a3d68ec:fable:withheld,completion,fable,Pf6a25a3d68ec,,withheld,,H,plain,completed,True,ok,True,False,"[0.5, 0.5, 0.5, 0.5, 0.5, 0.5, 0.5, 0.5, 0.5, 0.5]",0.25,True,0.00571,stop
completion:P80b013660f29:fable:known,completion,fable,P80b013660f29,,known,,H,plain,completed,True,ok,True,False,"[0.5, 0.5, 0.5, 0.5, 0.5, 0.5, 0.5, 0.5, 0.5, 0.5]",0.25,True,0.00573,stop
completion:P6091b7693004:astra:known,completion,astra,P6091b7693004,,known,,H,plain,completed,True,ok,True,False,"[0.5, 0.5, 0.5, 0.5, 0.5, 0.5, 0.5, 0.5, 0.5, 0.5]",0.25,True,0.00631,stop
completion:P311165b56986:fable:withheld,completion,fable,P311165b56986,,withheld,,H,fair,completed,True,ok,True,False,"[0.52, 0.5, 0.5, 0.52, 0.5, 0.5, 0.5, 0.5, 0.5, 0.5]",0.24608,True,0.00573,stop
completion:P71e3bed10720:fable:known,completion,fable,P71e3bed10720,,known,,H,plain,completed,True,ok,False,True,"[0.82, 0.18, 0.8, 0.2, 0.78, 0.22, 0.77, 0.23, 0.76, 0.24]",0.04626,True,0.01101,stop
completion:Pf1091159de0d:astra:known,completion,astra,Pf1091159de0d,,known,,H,fair,completed,True,ok,True,False,"[0.5, 0.5, 0.5, 0.5, 0.5, 0.5, 0.5, 0.5, 0.5, 0.5]",0.25,True,0.00464,stop
completion:Pe165b33556bf:astra:withheld,completion,astra,Pe165b33556bf,,withheld,,H,fair,completed,True,ok,True,False,"[0.5, 0.5, 0.5, 0.5, 0.5, 0.5, 0.5, 0.5, 0.5, 0.5]",0.25,True,0.00564,stop
completion:Pf1091159de0d:qwen:known,completion,qwen,Pf1091159de0d,,known,,H,fair,completed,True,ok,True,False,"[0.5, 0.5, 0.5, 0.5, 0.5, 0.5, 0.5, 0.5, 0.5, 0.5]",0.25,True,4.7671e-05,stop
completion:P9799ccdd11c6:fable:withheld,completion,fable,P9799ccdd11c6,,withheld,,H,fair,completed,True,ok,True,False,"[0.52, 0.5, 0.5, 0.5, 0.52, 0.5, 0.5, 0.5, 0.5, 0.5]",0.25007999999999997,True,0.00573,stop
completion:Pb0afcbdaf9dc:astra:withheld,completion,astra,Pb0afcbdaf9dc,,withheld,,H,plain,completed,True,ok,True,False,"[0.92, 0.09, 0.89, 0.12, 0.86, 0.15, 0.83, 0.18, 0.8, 0.2]",0.022439999999999998,True,0.01143,stop
completion:P9bc7c6621612:qwen:known,completion,qwen,P9bc7c6621612,,known,,H,plain,completed,True,ok,True,False,"[0.5, 0.5, 0.5, 0.5, 0.5, 0.5, 0.5, 0.5, 0.5, 0.5]",0.25,True,4.7671e-05,stop
completion:P9bb52487a24b:qwen:withheld,completion,qwen,P9bb52487a24b,,withheld,,H,fair,completed,True,ok,True,False,"[0.5, 0.5, 0.5, 0.5, 0.5, 0.5, 0.5, 0.5, 0.5, 0.5]",0.25,True,4.7437e-05,stop
completion:Pefa8f3467812:fable:withheld,completion,fable,Pefa8f3467812,,withheld,,H,fair,completed,True,ok,True,False,"[0.5, 0.5, 0.5, 0.5, 0.5, 0.5, 0.5, 0.5, 0.5, 0.5]",0.25,True,0.00573,stop
completion:P6da7736ec049:fable:withheld,completion,fable,P6da7736ec049,,withheld,,H,fair,completed,True,ok,True,False,"[0.5, 0.5, 0.5, 0.5, 0.5, 0.5, 0.5, 0.5, 0.5, 0.5]",0.25,True,0.00573,stop
completion:P5979a50c624a:astra:known,completion,astra,P5979a50c624a,,known,,H,plain,completed,True,ok,True,False,"[0.5, 0.5, 0.5, 0.5, 0.5, 0.5, 0.5, 0.5, 0.5, 0.5]",0.25,True,0.00591,stop
completion:P5adfe8899512:astra:known,completion,astra,P5adfe8899512,,known,,H,fair,completed,True,ok,True,False,"[0.5, 0.5, 0.5, 0.5, 0.5, 0.5, 0.5, 0.5, 0.5, 0.5]",0.25,True,0.00467,stop
completion:P422f555d345f:fable:withheld,completion,fable,P422f555d345f,,withheld,,H,plain,completed,True,ok,False,True,"[0.72, 0.3, 0.68, 0.33, 0.65, 0.36, 0.63, 0.38, 0.6, 0.4]",0.12331,True,0.01031,stop
completion:P34df0d0e02ef:fable:withheld,completion,fable,P34df0d0e02ef,,withheld,,H,fair,completed,True,ok,True,False,"[0.52, 0.5, 0.5, 0.5, 0.5, 0.5, 0.5, 0.5, 0.5, 0.5]",0.24803999999999998,True,0.00573,stop
completion:Pf2e94fd041d7:qwen:withheld,completion,qwen,Pf2e94fd041d7,,withheld,,H,fair,completed,True,ok,True,False,"[0.5, 0.5, 0.5, 0.5, 0.5, 0.5, 0.5, 0.5, 0.5, 0.5]",0.25,True,4.7554e-05,stop
completion:P71e3bed10720:astra:known,completion,astra,P71e3bed10720,,known,,H,plain,completed,True,ok,True,False,"[0.97, 0.03, 0.96, 0.04, 0.95, 0.05, 0.94, 0.06, 0.93, 0.07]",0.002700000000000001,True,0.01055,stop
completion:Pc3e2c454d97b:qwen:withheld,completion,qwen,Pc3e2c454d97b,,withheld,,H,plain,completed,True,ok,True,False,"[0.5, 0.5, 0.5, 0.5, 0.5, 0.5, 0.5, 0.5, 0.5, 0.5]",0.25,True,4.7437e-05,stop
completion:Pf1ad18af4dc4:astra:known,completion,astra,Pf1ad18af4dc4,,known,,H,fair,completed,True,ok,True,False,"[0.5, 0.5, 0.5, 0.5, 0.5, 0.5, 0.5, 0.5, 0.5, 0.5]",0.25,True,0.00464,stop
completion:P8ca0d4cc96b1:astra:withheld,completion,astra,P8ca0d4cc96b1,,withheld,,H,plain,completed,True,ok,True,False,"[0.5, 0.5, 0.5, 0.5, 0.5, 0.5, 0.5, 0.5, 0.5, 0.5]",0.25,True,0.00579,stop
completion:P3535c47405fa:astra:withheld,completion,astra,P3535c47405fa,,withheld,,H,plain,completed,True,ok,True,False,"[0.5, 0.5, 0.5, 0.5, 0.5, 0.5, 0.5, 0.5, 0.5, 0.5]",0.25,True,0.00549,stop
completion:P1fbe776671a1:qwen:known,completion,qwen,P1fbe776671a1,,known,,H,plain,completed,True,ok,True,False,"[0.45, 0.45, 0.45, 0.45, 0.45, 0.45, 0.45, 0.45, 0.45, 0.45]",0.26250000000000007,True,5.2221e-05,stop
completion:Pea0d3f32f903:astra:withheld,completion,astra,Pea0d3f32f903,,withheld,,H,plain,completed,True,ok,True,False,"[0.5, 0.5, 0.5, 0.5, 0.5, 0.5, 0.5, 0.5, 0.5, 0.5]",0.25,True,0.00544,stop
completion:P0b6c85ef85e6:qwen:withheld,completion,qwen,P0b6c85ef85e6,,withheld,,H,plain,completed,True,ok,True,False,"[0.48, 0.48, 0.48, 0.48, 0.48, 0.48, 0.48, 0.48, 0.48, 0.48]",0.2504,True,5.1987e-05,stop
completion:Pc6de4564221f:astra:known,completion,astra,Pc6de4564221f,,known,,H,plain,completed,True,ok,True,False,"[0.5, 0.5, 0.5, 0.5, 0.5, 0.5, 0.5, 0.5, 0.5, 0.5]",0.25,True,0.00656,stop
completion:Pf912b277130e:qwen:withheld,completion,qwen,Pf912b277130e,,withheld,,H,plain,completed,True,ok,True,False,"[0.5, 0.5, 0.5, 0.5, 0.5, 0.5, 0.5, 0.5, 0.5, 0.5]",0.25,True,4.732e-05,stop
completion:Pba7ed2d6d916:fable:withheld,completion,fable,Pba7ed2d6d916,,withheld,,H,fair,completed,True,ok,True,False,"[0.5, 0.5, 0.5, 0.5, 0.5, 0.5, 0.5, 0.5, 0.5, 0.5]",0.25,True,0.00573,stop
completion:Pe8e0638e8b6a:qwen:known,completion,qwen,Pe8e0638e8b6a,,known,,H,plain,completed,True,ok,True,False,"[0.5, 0.5, 0.5, 0.5, 0.5, 0.5, 0.5, 0.5, 0.5, 0.5]",0.25,True,4.7788e-05,stop
completion:P311165b56986:astra:withheld,completion,astra,P311165b56986,,withheld,,H,fair,completed,True,ok,True,False,"[0.5, 0.5, 0.5, 0.5, 0.5, 0.5, 0.5, 0.5, 0.5, 0.5]",0.25,True,0.00464,stop
completion:Pf2e94fd041d7:astra:withheld,completion,astra,Pf2e94fd041d7,,withheld,,H,fair,completed,True,ok,True,False,"[0.5, 0.5, 0.5, 0.5, 0.5, 0.5, 0.5, 0.5, 0.5, 0.5]",0.25,True,0.00465,stop
completion:P482e641d1ec6:qwen:known,completion,qwen,P482e641d1ec6,,known,,H,plain,completed,True,ok,True,False,"[0.5, 0.5, 0.5, 0.5, 0.5, 0.5, 0.5, 0.5, 0.5, 0.5]",0.25,True,4.7671e-05,stop
completion:P35fe2e518f05:astra:known,completion,astra,P35fe2e518f05,,known,,H,fair,completed,True,ok,True,False,"[0.5, 0.5, 0.5, 0.5, 0.5, 0.5, 0.5, 0.5, 0.5, 0.5]",0.25,True,0.00464,stop
completion:Pe3e5a00b8559:astra:known,completion,astra,Pe3e5a00b8559,,known,,H,plain,completed,True,ok,True,False,"[0.95, 0.05, 0.93, 0.07, 0.91, 0.09, 0.89, 0.11, 0.87, 0.13]",0.0089,True,0.00795,stop
completion:P677417766022:qwen:withheld,completion,qwen,P677417766022,,withheld,,H,plain,completed,True,ok,True,False,"[0.5, 0.5, 0.5, 0.5, 0.5, 0.5, 0.5, 0.5, 0.5, 0.5]",0.25,True,4.732e-05,stop
completion:Pabd1e6d7f795:astra:withheld,completion,astra,Pabd1e6d7f795,,withheld,,H,fair,completed,True,ok,True,False,"[0.5, 0.5, 0.5, 0.5, 0.5, 0.5, 0.5, 0.5, 0.5, 0.5]",0.25,True,0.00464,stop
completion:P9f41bf196202:astra:known,completion,astra,P9f41bf196202,,known,,H,plain,completed,True,ok,True,False,"[0.5, 0.5, 0.5, 0.5, 0.5, 0.5, 0.5, 0.5, 0.5, 0.5]",0.25,True,0.00579,stop
completion:Pc59a35412461:fable:withheld,completion,fable,Pc59a35412461,,withheld,,H,plain,completed,True,ok,True,False,"[0.52, 0.5, 0.5, 0.5, 0.52, 0.48, 0.5, 0.5, 0.48, 0.5]",0.24216,True,0.00571,stop
completion:Pb0afcbdaf9dc:fable:withheld,completion,fable,Pb0afcbdaf9dc,,withheld,,H,plain,completed,True,ok,False,True,"[0.8, 0.25, 0.75, 0.3, 0.7, 0.32, 0.68, 0.35, 0.65, 0.37]",0.09317,True,0.01136,stop
completion:Pc59a35412461:astra:withheld,completion,astra,Pc59a35412461,,withheld,,H,plain,completed,True,ok,True,False,"[0.5, 0.5, 0.5, 0.5, 0.5, 0.5, 0.5, 0.5, 0.5, 0.5]",0.25,True,0.00558,stop
completion:Pc5a04d251fc6:astra:known,completion,astra,Pc5a04d251fc6,,known,,H,fair,completed,True,ok,True,False,"[0.5, 0.5, 0.5, 0.5, 0.5, 0.5, 0.5, 0.5, 0.5, 0.5]",0.25,True,0.00562,stop
completion:Pf70272b70c32:qwen:known,completion,qwen,Pf70272b70c32,,known,,H,fair,completed,True,ok,True,False,"[0.5, 0.5, 0.5, 0.5, 0.5, 0.5, 0.5, 0.5, 0.5, 0.5]",0.25,True,4.7671e-05,stop
completion:Pa10056f1a764:astra:withheld,completion,astra,Pa10056f1a764,,withheld,,H,plain,completed,True,ok,True,False,"[0.5, 0.5, 0.5, 0.5, 0.5, 0.5, 0.5, 0.5, 0.5, 0.5]",0.25,True,0.00634,stop
completion:P4c4008541209:qwen:withheld,completion,qwen,P4c4008541209,,withheld,,H,plain,completed,True,ok,True,False,"[0.5, 0.5, 0.5, 0.5, 0.5, 0.5, 0.5, 0.5, 0.5, 0.5]",0.25,True,4.732e-05,stop
completion:Pca6d538aa286:fable:withheld,completion,fable,Pca6d538aa286,,withheld,,H,fair,completed,True,ok,True,False,"[0.5, 0.5, 0.5, 0.5, 0.5, 0.5, 0.5, 0.5, 0.5, 0.5]",0.25,True,0.00573,stop
completion:P50b87a09560e:qwen:withheld,completion,qwen,P50b87a09560e,,withheld,,H,plain,completed,True,ok,True,False,"[0.5, 0.5, 0.5, 0.5, 0.5, 0.5, 0.5, 0.5, 0.5, 0.5]",0.25,True,4.7437e-05,stop
completion:Pf70272b70c32:astra:known,completion,astra,Pf70272b70c32,,known,,H,fair,completed,True,ok,True,False,"[0.5, 0.5, 0.5, 0.5, 0.5, 0.5, 0.5, 0.5, 0.5, 0.5]",0.25,True,0.00464,stop
completion:Pe19f1b60ae5e:astra:withheld,completion,astra,Pe19f1b60ae5e,,withheld,,H,plain,completed,True,ok,True,False,"[0.5, 0.5, 0.5, 0.5, 0.5, 0.5, 0.5, 0.5, 0.5, 0.5]",0.25,True,0.00563,stop
completion:P31c371139df3:qwen:known,completion,qwen,P31c371139df3,,known,,H,plain,completed,True,ok,True,False,"[0.5, 0.5, 0.5, 0.5, 0.5, 0.5, 0.5, 0.5, 0.5, 0.5]",0.25,True,4.7671e-05,stop
completion:Pbe2c91a32679:astra:known,completion,astra,Pbe2c91a32679,,known,,H,plain,completed,True,ok,True,False,"[0.5, 0.5, 0.5, 0.5, 0.5, 0.5, 0.5, 0.5, 0.5, 0.5]",0.25,True,0.00463,stop
completion:Pf340370ed9c4:astra:withheld,completion,astra,Pf340370ed9c4,,withheld,,H,plain,completed,True,ok,True,False,"[0.5, 0.5, 0.5, 0.5, 0.5, 0.5, 0.5, 0.5, 0.5, 0.5]",0.25,True,0.00464,stop
completion:P8a52e2dbb002:astra:withheld,completion,astra,P8a52e2dbb002,,withheld,,H,fair,completed,True,ok,True,False,"[0.5, 0.5, 0.5, 0.5, 0.5, 0.5, 0.5, 0.5, 0.5, 0.5]",0.25,True,0.00464,stop
completion:P200d4085da52:fable:withheld,completion,fable,P200d4085da52,,withheld,,H,plain,completed,True,ok,True,False,"[0.52, 0.5, 0.51, 0.5, 0.52, 0.5, 0.51, 0.5, 0.51, 0.5]",0.25111,True,0.00571,stop
completion:P7e2d234eb35f:astra:known,completion,astra,P7e2d234eb35f,,known,,H,fair,completed,True,ok,True,False,"[0.5, 0.5, 0.5, 0.5, 0.5, 0.5, 0.5, 0.5, 0.5, 0.5]",0.25,True,0.00465,stop
completion:P4311dc4c44fc:qwen:known,completion,qwen,P4311dc4c44fc,,known,,H,plain,completed,True,ok,True,False,"[0.5, 0.5, 0.5, 0.5, 0.5, 0.5, 0.5, 0.5, 0.5, 0.5]",0.25,True,4.7554e-05,stop
completion:P1fbe776671a1:astra:known,completion,astra,P1fbe776671a1,,known,,H,plain,completed,True,ok,True,False,"[0.5, 0.5, 0.5, 0.5, 0.5, 0.5, 0.5, 0.5, 0.5, 0.5]",0.25,True,0.00464,stop
completion:Pf6a25a3d68ec:astra:withheld,completion,astra,Pf6a25a3d68ec,,withheld,,H,plain,completed,True,ok,True,False,"[0.5, 0.5, 0.5, 0.5, 0.5, 0.5, 0.5, 0.5, 0.5, 0.5]",0.25,True,0.00534,stop
completion:P5ca0318e86f9:fable:withheld,completion,fable,P5ca0318e86f9,,withheld,,H,fair,completed,True,ok,True,False,"[0.5, 0.5, 0.5, 0.5, 0.5, 0.5, 0.5, 0.5, 0.5, 0.5]",0.25,True,0.00573,stop
completion:P2bc62689bf73:qwen:withheld,completion,qwen,P2bc62689bf73,,withheld,,H,fair,completed,True,ok,True,False,"[0.5, 0.5, 0.5, 0.5, 0.5, 0.5, 0.5, 0.5, 0.5, 0.5]",0.25,True,4.7437e-05,stop
completion:P483ac6ab3bf0:fable:withheld,completion,fable,P483ac6ab3bf0,,withheld,,H,fair,completed,True,ok,True,False,"[0.5, 0.5, 0.5, 0.5, 0.5, 0.5, 0.5, 0.5, 0.5, 0.5]",0.25,True,0.00573,stop
completion:P34c52e49399b:astra:withheld,completion,astra,P34c52e49399b,,withheld,,H,fair,completed,True,ok,True,False,"[0.5, 0.5, 0.5, 0.5, 0.5, 0.5, 0.5, 0.5, 0.5, 0.5]",0.25,True,0.00464,stop
completion:Pf4b50baaac55:astra:withheld,completion,astra,Pf4b50baaac55,,withheld,,H,plain,completed,True,ok,True,False,"[0.5, 0.5, 0.5, 0.5, 0.5, 0.5, 0.5, 0.5, 0.5, 0.5]",0.25,True,0.00594,stop
completion:Pd1003400bc2f:astra:known,completion,astra,Pd1003400bc2f,,known,,H,plain,completed,True,ok,True,False,"[0.5, 0.5, 0.5, 0.5, 0.5, 0.5, 0.5, 0.5, 0.5, 0.5]",0.25,True,0.00552,stop
completion:P4c4008541209:astra:withheld,completion,astra,P4c4008541209,,withheld,,H,plain,completed,True,ok,True,False,"[0.5, 0.5, 0.5, 0.5, 0.5, 0.5, 0.5, 0.5, 0.5, 0.5]",0.25,True,0.00463,stop
completion:Pf414edc880f7:qwen:known,completion,qwen,Pf414edc880f7,,known,,H,plain,completed,True,ok,True,False,"[0.5, 0.5, 0.5, 0.5, 0.5, 0.5, 0.5, 0.5, 0.5, 0.5]",0.25,True,4.7671e-05,stop
completion:P6508b3b0ad8d:qwen:withheld,completion,qwen,P6508b3b0ad8d,,withheld,,H,fair,completed,True,ok,True,False,"[0.5, 0.5, 0.5, 0.5, 0.5, 0.5, 0.5, 0.5, 0.5, 0.5]",0.25,True,4.7437e-05,stop
completion:Pd776de804751:astra:known,completion,astra,Pd776de804751,,known,,H,plain,completed,True,ok,True,False,"[0.5, 0.5, 0.5, 0.5, 0.5, 0.5, 0.5, 0.5, 0.5, 0.5]",0.25,True,0.00616,stop
completion:Pf912b277130e:fable:withheld,completion,fable,Pf912b277130e,,withheld,,H,plain,completed,True,ok,True,False,"[0.5, 0.55, 0.5, 0.5, 0.55, 0.5, 0.5, 0.55, 0.5, 0.5]",0.25575000000000003,True,0.00526,stop
completion:P717e9da1021c:astra:withheld,completion,astra,P717e9da1021c,,withheld,,H,plain,completed,True,ok,True,False,"[0.9, 0.1, 0.88, 0.12, 0.86, 0.14, 0.84, 0.16, 0.82, 0.18]",0.020400000000000005,True,0.01228,stop
completion:P154ffb63867c:qwen:known,completion,qwen,P154ffb63867c,,known,,H,plain,completed,True,ok,True,False,"[0.45, 0.45, 0.45, 0.45, 0.45, 0.45, 0.45, 0.45, 0.45, 0.45]",0.26250000000000007,True,5.2221e-05,stop
completion:Pc5a04d251fc6:fable:known,completion,fable,Pc5a04d251fc6,,known,,H,fair,completed,True,ok,True,False,"[0.5, 0.5, 0.5, 0.5, 0.5, 0.5, 0.5, 0.5, 0.5, 0.5]",0.25,True,0.00575,stop
completion:Pae70030805e7:astra:known,completion,astra,Pae70030805e7,,known,,H,plain,completed,True,ok,True,False,"[0.5, 0.5, 0.5, 0.5, 0.5, 0.5, 0.5, 0.5, 0.5, 0.5]",0.25,True,0.00636,stop
completion:Pc434b1c8d803:qwen:withheld,completion,qwen,Pc434b1c8d803,,withheld,,H,fair,completed,True,ok,True,False,"[0.5, 0.5, 0.5, 0.5, 0.5, 0.5, 0.5, 0.5, 0.5, 0.5]",0.25,True,4.7437e-05,stop
completion:P252befd2665e:qwen:known,completion,qwen,P252befd2665e,,known,,H,plain,completed,True,ok,True,False,"[0.45, 0.45, 0.45, 0.45, 0.45, 0.45, 0.45, 0.45, 0.45, 0.45]",0.26250000000000007,True,5.2104e-05,stop
completion:Pd25809680f86:astra:withheld,completion,astra,Pd25809680f86,,withheld,,H,fair,completed,True,ok,True,False,"[0.5, 0.5, 0.5, 0.5, 0.5, 0.5, 0.5, 0.5, 0.5, 0.5]",0.25,True,0.00559,stop
completion:P8a4a199d7c0d:astra:known,completion,astra,P8a4a199d7c0d,,known,,H,plain,completed,True,ok,True,False,"[0.5, 0.5, 0.5, 0.5, 0.5, 0.5, 0.5, 0.5, 0.5, 0.5]",0.25,True,0.00553,stop
completion:P9f41bf196202:qwen:known,completion,qwen,P9f41bf196202,,known,,H,plain,completed,True,ok,True,False,"[0.5, 0.5, 0.5, 0.5, 0.5, 0.5, 0.5, 0.5, 0.5, 0.5]",0.25,True,4.7671e-05,stop
completion:P50b87a09560e:astra:withheld,completion,astra,P50b87a09560e,,withheld,,H,plain,completed,True,ok,True,False,"[0.5, 0.5, 0.5, 0.5, 0.5, 0.5, 0.5, 0.5, 0.5, 0.5]",0.25,True,0.00464,stop
completion:P6091b7693004:qwen:known,completion,qwen,P6091b7693004,,known,,H,plain,completed,True,ok,True,False,"[0.5, 0.5, 0.5, 0.5, 0.5, 0.5, 0.5, 0.5, 0.5, 0.5]",0.25,True,4.7671e-05,stop
completion:P5adfe8899512:qwen:known,completion,qwen,P5adfe8899512,,known,,H,fair,completed,True,ok,True,False,"[0.5, 0.5, 0.5, 0.5, 0.5, 0.5, 0.5, 0.5, 0.5, 0.5]",0.25,True,4.7788e-05,stop
completion:P9085e4933441:qwen:withheld,completion,qwen,P9085e4933441,,withheld,,H,plain,completed,True,ok,True,False,"[0.5, 0.5, 0.5, 0.5, 0.5, 0.5, 0.5, 0.5, 0.5, 0.5]",0.25,True,4.7437e-05,stop
completion:P717e9da1021c:qwen:withheld,completion,qwen,P717e9da1021c,,withheld,,H,plain,completed,True,ok,True,False,"[0.5, 0.5, 0.5, 0.5, 0.5, 0.5, 0.5, 0.5, 0.5, 0.5]",0.25,True,4.732e-05,stop
completion:Pc3e2c454d97b:fable:withheld,completion,fable,Pc3e2c454d97b,,withheld,,H,plain,completed,True,ok,True,False,"[0.52, 0.5, 0.49, 0.52, 0.5, 0.49, 0.51, 0.5, 0.48, 0.51]",0.24816,True,0.00571,stop
completion:P9de0b17502c0:astra:withheld,completion,astra,P9de0b17502c0,,withheld,,H,plain,completed,True,ok,True,False,"[0.5, 0.5, 0.5, 0.5, 0.5, 0.5, 0.5, 0.5, 0.5, 0.5]",0.25,True,0.00584,stop
completion:Pea0d3f32f903:fable:withheld,completion,fable,Pea0d3f32f903,,withheld,,H,plain,completed,True,ok,True,False,"[0.5, 0.5, 0.5, 0.5, 0.5, 0.5, 0.5, 0.5, 0.5, 0.5]",0.25,True,0.00571,stop
completion:Pc206c573b70f:astra:withheld,completion,astra,Pc206c573b70f,,withheld,,H,plain,completed,True,ok,True,False,"[0.5, 0.5, 0.5, 0.5, 0.5, 0.5, 0.5, 0.5, 0.5, 0.5]",0.25,True,0.00589,stop
completion:P38d4da757e9b:fable:known,completion,fable,P38d4da757e9b,,known,,H,fair,completed,True,ok,True,False,"[0.5, 0.5, 0.5, 0.5, 0.5, 0.5, 0.5, 0.5, 0.5, 0.5]",0.25,True,0.00575,stop
completion:P537c6c1f7b6a:astra:known,completion,astra,P537c6c1f7b6a,,known,,H,plain,completed,True,ok,True,False,"[0.5, 0.5, 0.5, 0.5, 0.5, 0.5, 0.5, 0.5, 0.5, 0.5]",0.25,True,0.00641,stop
completion:P0b6c85ef85e6:fable:withheld,completion,fable,P0b6c85ef85e6,,withheld,,H,plain,completed,True,ok,True,False,"[0.5, 0.5, 0.5, 0.5, 0.5, 0.5, 0.5, 0.5, 0.5, 0.5]",0.25,True,0.00571,stop
completion:Pb30f63c422d5:qwen:known,completion,qwen,Pb30f63c422d5,,known,,H,plain,completed,True,ok,True,False,"[0.5, 0.5, 0.5, 0.5, 0.5, 0.5, 0.5, 0.5, 0.5, 0.5]",0.25,True,4.7788e-05,stop
completion:Pefa8f3467812:qwen:withheld,completion,qwen,Pefa8f3467812,,withheld,,H,fair,completed,True,ok,True,False,"[0.5, 0.5, 0.5, 0.5, 0.5, 0.5, 0.5, 0.5, 0.5, 0.5]",0.25,True,4.7437e-05,stop
completion:P38d4da757e9b:qwen:known,completion,qwen,P38d4da757e9b,,known,,H,fair,completed,True,ok,True,False,"[0.5, 0.5, 0.5, 0.5, 0.5, 0.5, 0.5, 0.5, 0.5, 0.5]",0.25,True,4.7788e-05,stop
completion:P5ca0318e86f9:astra:withheld,completion,astra,P5ca0318e86f9,,withheld,,H,fair,completed,True,ok,True,False,"[0.5, 0.5, 0.5, 0.5, 0.5, 0.5, 0.5, 0.5, 0.5, 0.5]",0.25,True,0.00464,stop
completion:P085b274e4e18:qwen:known,completion,qwen,P085b274e4e18,,known,,H,plain,completed,True,ok,True,False,"[0.5, 0.5, 0.5, 0.5, 0.5, 0.5, 0.5, 0.5, 0.5, 0.5]",0.25,True,4.7788e-05,stop
completion:Pb728176c80b0:fable:known,completion,fable,Pb728176c80b0,,known,,H,plain,completed,True,ok,True,False,"[0.5, 0.5, 0.5, 0.5, 0.5, 0.5, 0.5, 0.5, 0.5, 0.5]",0.25,True,0.00572,stop
completion:Pf340370ed9c4:qwen:withheld,completion,qwen,Pf340370ed9c4,,withheld,,H,plain,completed,True,ok,True,False,"[0.5, 0.5, 0.5, 0.5, 0.5, 0.5, 0.5, 0.5, 0.5, 0.5]",0.25,True,4.7437e-05,stop
completion:P34c52e49399b:fable:withheld,completion,fable,P34c52e49399b,,withheld,,H,fair,completed,True,ok,True,False,"[0.5, 0.5, 0.5, 0.5, 0.5, 0.5, 0.5, 0.5, 0.5, 0.5]",0.25,True,0.00573,stop
completion:P9bc7c6621612:astra:known,completion,astra,P9bc7c6621612,,known,,H,plain,completed,True,ok,True,False,"[0.5, 0.5, 0.5, 0.5, 0.5, 0.5, 0.5, 0.5, 0.5, 0.5]",0.25,True,0.00581,stop
completion:Pcf8e49786697:astra:known,completion,astra,Pcf8e49786697,,known,,H,plain,completed,True,ok,True,False,"[0.5, 0.5, 0.5, 0.5, 0.5, 0.5, 0.5, 0.5, 0.5, 0.5]",0.25,True,0.00552,stop
completion:Pc206c573b70f:qwen:withheld,completion,qwen,Pc206c573b70f,,withheld,,H,plain,completed,True,ok,True,False,"[0.45, 0.45, 0.45, 0.45, 0.45, 0.45, 0.45, 0.45, 0.45, 0.45]",0.26250000000000007,True,5.1987e-05,stop
completion:P82c20dad2b44:astra:withheld,completion,astra,P82c20dad2b44,,withheld,,H,plain,completed,True,ok,True,False,"[0.5, 0.5, 0.5, 0.5, 0.5, 0.5, 0.5, 0.5, 0.5, 0.5]",0.25,True,0.00583,stop
completion:P087b9bc9c757:fable:known,completion,fable,P087b9bc9c757,,known,,H,fair,completed,True,ok,True,False,"[0.5, 0.5, 0.5, 0.5, 0.5, 0.5, 0.5, 0.5, 0.5, 0.5]",0.25,True,0.00575,stop
completion:Pf55cf6e8ccb0:qwen:withheld,completion,qwen,Pf55cf6e8ccb0,,withheld,,H,plain,completed,True,ok,True,False,"[0.5, 0.5, 0.5, 0.5, 0.5, 0.5, 0.5, 0.5, 0.5, 0.5]",0.25,True,4.7437e-05,stop
completion:Pc9cd24ab55f4:fable:withheld,completion,fable,Pc9cd24ab55f4,,withheld,,H,plain,completed,True,ok,False,True,"[0.82, 0.2, 0.78, 0.24, 0.75, 0.27, 0.73, 0.29, 0.71, 0.31]",0.0651,True,0.00976,stop
completion:Pc0fd2996d5e3:astra:withheld,completion,astra,Pc0fd2996d5e3,,withheld,,H,fair,completed,True,ok,True,False,"[0.5, 0.5, 0.5, 0.5, 0.5, 0.5, 0.5, 0.5, 0.5, 0.5]",0.25,True,0.00464,stop
completion:P08efdd7d726e:fable:known,completion,fable,P08efdd7d726e,,known,,H,fair,completed,True,ok,True,False,"[0.5, 0.5, 0.5, 0.5, 0.5, 0.5, 0.5, 0.5, 0.5, 0.5]",0.25,True,0.00574,stop
completion:P8d5c033a6c9d:fable:withheld,completion,fable,P8d5c033a6c9d,,withheld,,H,plain,completed,True,ok,True,False,"[0.5, 0.52, 0.5, 0.5, 0.52, 0.5, 0.52, 0.5, 0.5, 0.5]",0.25212,True,0.00571,stop
completion:Pdf2b3d9b2d24:qwen:withheld,completion,qwen,Pdf2b3d9b2d24,,withheld,,H,fair,completed,True,ok,True,False,"[0.5, 0.5, 0.5, 0.5, 0.5, 0.5, 0.5, 0.5, 0.5, 0.5]",0.25,True,4.7437e-05,stop
completion:P8a4a199d7c0d:fable:known,completion,fable,P8a4a199d7c0d,,known,,H,plain,completed,True,ok,True,False,"[0.5, 0.5, 0.5, 0.5, 0.5, 0.5, 0.5, 0.5, 0.5, 0.5]",0.25,True,0.00572,stop
completion:P9799ccdd11c6:qwen:withheld,completion,qwen,P9799ccdd11c6,,withheld,,H,fair,completed,True,ok,True,False,"[0.5, 0.5, 0.5, 0.5, 0.5, 0.5, 0.5, 0.5, 0.5, 0.5]",0.25,True,4.7437e-05,stop
completion:Pf1091159de0d:fable:known,completion,fable,Pf1091159de0d,,known,,H,fair,completed,True,ok,True,False,"[0.5, 0.5, 0.5, 0.5, 0.5, 0.5, 0.5, 0.5, 0.5, 0.5]",0.25,True,0.00574,stop
completion:P67960b7e759d:fable:known,completion,fable,P67960b7e759d,,known,,H,plain,completed,True,ok,True,False,"[0.5, 0.52, 0.5, 0.52, 0.5, 0.5, 0.52, 0.5, 0.52, 0.5]",0.25016,True,0.00571,stop
completion:Pca6d538aa286:astra:withheld,completion,astra,Pca6d538aa286,,withheld,,H,fair,completed,True,ok,True,False,"[0.5, 0.5, 0.5, 0.5, 0.5, 0.5, 0.5, 0.5, 0.5, 0.5]",0.25,True,0.00465,stop
completion:Pfb1fbd01a972:astra:withheld,completion,astra,Pfb1fbd01a972,,withheld,,H,plain,completed,True,ok,True,False,"[0.5, 0.5, 0.5, 0.5, 0.5, 0.5, 0.5, 0.5, 0.5, 0.5]",0.25,True,0.00579,stop
completion:P154ffb63867c:fable:known,completion,fable,P154ffb63867c,,known,,H,plain,completed,True,ok,True,False,"[0.52, 0.5, 0.5, 0.5, 0.5, 0.5, 0.5, 0.5, 0.5, 0.5]",0.24803999999999998,True,0.00573,stop
completion:Pe8e0638e8b6a:astra:known,completion,astra,Pe8e0638e8b6a,,known,,H,plain,completed,True,ok,True,False,"[0.5, 0.5, 0.5, 0.5, 0.5, 0.5, 0.5, 0.5, 0.5, 0.5]",0.25,True,0.00467,stop
completion:Pc5a04d251fc6:qwen:known,completion,qwen,Pc5a04d251fc6,,known,,H,fair,completed,True,ok,True,False,"[0.5, 0.5, 0.5, 0.5, 0.5, 0.5, 0.5, 0.5, 0.5, 0.5]",0.25,True,4.7788e-05,stop
completion:P537c6c1f7b6a:qwen:known,completion,qwen,P537c6c1f7b6a,,known,,H,plain,completed,True,ok,True,False,"[0.5, 0.5, 0.5, 0.5, 0.5, 0.5, 0.5, 0.5, 0.5, 0.5]",0.25,True,4.7671e-05,stop
completion:P5979a50c624a:fable:known,completion,fable,P5979a50c624a,,known,,H,plain,completed,True,ok,True,False,"[0.52, 0.5, 0.5, 0.52, 0.5, 0.5, 0.52, 0.5, 0.5, 0.5]",0.24411999999999998,True,0.00573,stop
completion:Pc9cd24ab55f4:qwen:withheld,completion,qwen,Pc9cd24ab55f4,,withheld,,H,plain,completed,True,ok,True,False,"[0.5, 0.5, 0.5, 0.5, 0.5, 0.5, 0.5, 0.5, 0.5, 0.5]",0.25,True,4.732e-05,stop
completion:Pde0906d9007c:astra:known,completion,astra,Pde0906d9007c,,known,,H,plain,completed,True,ok,True,False,"[0.5, 0.5, 0.5, 0.5, 0.5, 0.5, 0.5, 0.5, 0.5, 0.5]",0.25,True,0.00538,stop
completion:Pb0afcbdaf9dc:qwen:withheld,completion,qwen,Pb0afcbdaf9dc,,withheld,,H,plain,completed,True,ok,True,False,"[0.5, 0.5, 0.5, 0.5, 0.5, 0.5, 0.5, 0.5, 0.5, 0.5]",0.25,True,4.732e-05,stop
completion:Pee79f212bea4:qwen:known,completion,qwen,Pee79f212bea4,,known,,H,fair,completed,True,ok,True,False,"[0.5, 0.5, 0.5, 0.5, 0.5, 0.5, 0.5, 0.5, 0.5, 0.5]",0.25,True,4.7788e-05,stop
completion:P34c52e49399b:qwen:withheld,completion,qwen,P34c52e49399b,,withheld,,H,fair,completed,True,ok,True,False,"[0.5, 0.5, 0.5, 0.5, 0.5, 0.5, 0.5, 0.5, 0.5, 0.5]",0.25,True,4.7437e-05,stop
completion:P912e764d7a17:qwen:known,completion,qwen,P912e764d7a17,,known,,H,plain,completed,True,ok,True,False,"[0.5, 0.5, 0.5, 0.5, 0.5, 0.5, 0.5, 0.5, 0.5, 0.5]",0.25,True,4.7671e-05,stop
completion:Pf4b50baaac55:fable:withheld,completion,fable,Pf4b50baaac55,,withheld,,H,plain,completed,True,ok,True,False,"[0.5, 0.5, 0.52, 0.5, 0.48, 0.5, 0.5, 0.52, 0.5, 0.5]",0.24411999999999998,True,0.00571,stop
completion:P200d4085da52:astra:withheld,completion,astra,P200d4085da52,,withheld,,H,plain,completed,True,ok,True,False,"[0.5, 0.5, 0.5, 0.5, 0.5, 0.5, 0.5, 0.5, 0.5, 0.5]",0.25,True,0.00464,stop
completion:Pf81c72ae8aab:fable:withheld,completion,fable,Pf81c72ae8aab,,withheld,,H,plain,completed,True,ok,True,False,"[0.52, 0.5, 0.5, 0.52, 0.5, 0.5, 0.52, 0.5, 0.5, 0.5]",0.24411999999999998,True,0.00571,stop
completion:P9bc7c6621612:fable:known,completion,fable,P9bc7c6621612,,known,,H,plain,completed,True,ok,True,False,"[0.5, 0.52, 0.5, 0.5, 0.52, 0.5, 0.5, 0.52, 0.5, 0.5]",0.25212,True,0.00573,stop
completion:Pcf8e49786697:qwen:known,completion,qwen,Pcf8e49786697,,known,,H,plain,completed,True,ok,True,False,"[0.5, 0.5, 0.5, 0.5, 0.5, 0.5, 0.5, 0.5, 0.5, 0.5]",0.25,True,4.7788e-05,stop
completion:P7e2d234eb35f:qwen:known,completion,qwen,P7e2d234eb35f,,known,,H,fair,completed,True,ok,True,False,"[0.5, 0.5, 0.5, 0.5, 0.5, 0.5, 0.5, 0.5, 0.5, 0.5]",0.25,True,4.7788e-05,stop
completion:P8a4a199d7c0d:qwen:known,completion,qwen,P8a4a199d7c0d,,known,,H,plain,completed,True,ok,True,False,"[0.5, 0.5, 0.5, 0.5, 0.5, 0.5, 0.5, 0.5, 0.5, 0.5]",0.25,True,4.7554e-05,stop
completion_repeat:Pf91d12d82d7d:qwen:withheld,completion_repeat,qwen,Pf91d12d82d7d,,withheld,,H,fair,completed,True,ok,True,False,"[0.5, 0.5, 0.5, 0.5, 0.5, 0.5, 0.5, 0.5, 0.5, 0.5]",0.25,False,4.7554e-05,stop
completion_repeat:Pca6d538aa286:qwen:known,completion_repeat,qwen,Pca6d538aa286,,known,,H,fair,completed,True,ok,True,False,"[0.5, 0.5, 0.5, 0.5, 0.5, 0.5, 0.5, 0.5, 0.5, 0.5]",0.25,False,4.7788e-05,stop
completion_repeat:Pf91d12d82d7d:astra:withheld,completion_repeat,astra,Pf91d12d82d7d,,withheld,,H,fair,completed,True,ok,True,False,"[0.5, 0.5, 0.5, 0.5, 0.5, 0.5, 0.5, 0.5, 0.5, 0.5]",0.25,False,0.00465,stop
completion_repeat:P252befd2665e:astra:withheld,completion_repeat,astra,P252befd2665e,,withheld,,H,plain,completed,True,ok,True,False,"[0.5, 0.5, 0.5, 0.5, 0.5, 0.5, 0.5, 0.5, 0.5, 0.5]",0.25,False,0.00533,stop
completion_repeat:P158904262452:fable:withheld,completion_repeat,fable,P158904262452,,withheld,,H,fair,completed,True,ok,True,False,"[0.5, 0.5, 0.5, 0.5, 0.5, 0.5, 0.5, 0.5, 0.5, 0.5]",0.25,False,0.00573,stop
completion_repeat:P158904262452:astra:withheld,completion_repeat,astra,P158904262452,,withheld,,H,fair,completed,True,ok,True,False,"[0.5, 0.5, 0.5, 0.5, 0.5, 0.5, 0.5, 0.5, 0.5, 0.5]",0.25,False,0.00464,stop
completion_repeat:P537c6c1f7b6a:fable:withheld,completion_repeat,fable,P537c6c1f7b6a,,withheld,,H,plain,completed,True,ok,True,False,"[0.52, 0.49, 0.51, 0.5, 0.49, 0.52, 0.49, 0.51, 0.5, 0.49]",0.24213999999999997,False,0.00571,stop
completion_repeat:P537c6c1f7b6a:qwen:withheld,completion_repeat,qwen,P537c6c1f7b6a,,withheld,,H,plain,completed,True,ok,True,False,"[0.5, 0.5, 0.5, 0.5, 0.5, 0.5, 0.5, 0.5, 0.5, 0.5]",0.25,False,4.7437e-05,stop
completion_repeat:Pf91d12d82d7d:fable:withheld,completion_repeat,fable,Pf91d12d82d7d,,withheld,,H,fair,completed,True,ok,True,False,"[0.5, 0.52, 0.5, 0.52, 0.5, 0.48, 0.52, 0.5, 0.52, 0.48]",0.24624000000000001,False,0.00573,stop
completion_repeat:P252befd2665e:fable:withheld,completion_repeat,fable,P252befd2665e,,withheld,,H,plain,completed,True,ok,True,False,"[0.52, 0.5, 0.52, 0.5, 0.52, 0.5, 0.5, 0.52, 0.5, 0.5]",0.25016,False,0.00571,stop
completion_repeat:P339318dfb86f:qwen:known,completion_repeat,qwen,P339318dfb86f,,known,,H,plain,completed,True,ok,True,False,"[0.45, 0.45, 0.45, 0.45, 0.45, 0.45, 0.45, 0.45, 0.45, 0.45]",0.26250000000000007,False,5.2104e-05,stop
completion_repeat:P9bc7c6621612:qwen:withheld,completion_repeat,qwen,P9bc7c6621612,,withheld,,H,plain,completed,True,ok,True,False,"[0.45, 0.45, 0.45, 0.45, 0.45, 0.45, 0.45, 0.45, 0.45, 0.45]",0.26250000000000007,False,5.187e-05,stop
completion_repeat:P422f555d345f:fable:known,completion_repeat,fable,P422f555d345f,,known,,H,plain,completed,True,ok,False,True,"[0.88, 0.12, 0.87, 0.13, 0.86, 0.14, 0.85, 0.15, 0.84, 0.16]",0.019800000000000005,False,0.01366,stop
completion_repeat:Pabd1e6d7f795:fable:known,completion_repeat,fable,Pabd1e6d7f795,,known,,H,fair,completed,True,ok,True,False,"[0.5, 0.5, 0.5, 0.5, 0.5, 0.5, 0.5, 0.5, 0.5, 0.5]",0.25,False,0.00575,stop
completion_repeat:P633cce82bfa2:fable:withheld,completion_repeat,fable,P633cce82bfa2,,withheld,,H,fair,completed,True,ok,True,False,"[0.5, 0.5, 0.5, 0.5, 0.5, 0.5, 0.5, 0.5, 0.5, 0.5]",0.25,False,0.00572,stop
completion_repeat:Pabd1e6d7f795:qwen:known,completion_repeat,qwen,Pabd1e6d7f795,,known,,H,fair,completed,True,ok,True,False,"[0.5, 0.5, 0.5, 0.5, 0.5, 0.5, 0.5, 0.5, 0.5, 0.5]",0.25,False,4.7788e-05,stop
completion_repeat:P633cce82bfa2:qwen:withheld,completion_repeat,qwen,P633cce82bfa2,,withheld,,H,fair,completed,True,ok,True,False,"[0.5, 0.5, 0.5, 0.5, 0.5, 0.5, 0.5, 0.5, 0.5, 0.5]",0.25,False,4.7554e-05,stop
completion_repeat:P537c6c1f7b6a:astra:withheld,completion_repeat,astra,P537c6c1f7b6a,,withheld,,H,plain,completed,True,ok,True,False,"[0.5, 0.5, 0.5, 0.5, 0.5, 0.5, 0.5, 0.5, 0.5, 0.5]",0.25,False,0.00594,stop
completion_repeat:P339318dfb86f:fable:known,completion_repeat,fable,P339318dfb86f,,known,,H,plain,completed,True,ok,True,False,"[0.5, 0.5, 0.5, 0.5, 0.5, 0.5, 0.5, 0.5, 0.5, 0.5]",0.25,False,0.00572,stop
completion_repeat:P252befd2665e:qwen:withheld,completion_repeat,qwen,P252befd2665e,,withheld,,H,plain,completed,True,ok,True,False,"[0.45, 0.45, 0.45, 0.45, 0.45, 0.45, 0.45, 0.45, 0.45, 0.45]",0.26250000000000007,False,5.187e-05,stop
completion_repeat:Pca6d538aa286:fable:known,completion_repeat,fable,Pca6d538aa286,,known,,H,fair,completed,True,ok,True,False,"[0.5, 0.5, 0.5, 0.5, 0.5, 0.5, 0.5, 0.5, 0.5, 0.5]",0.25,False,0.00573,stop
completion_repeat:P9bc7c6621612:astra:withheld,completion_repeat,astra,P9bc7c6621612,,withheld,,H,plain,completed,True,ok,True,False,"[0.5, 0.5, 0.5, 0.5, 0.5, 0.5, 0.5, 0.5, 0.5, 0.5]",0.25,False,0.00543,stop
completion_repeat:Pabd1e6d7f795:astra:known,completion_repeat,astra,Pabd1e6d7f795,,known,,H,fair,completed,True,ok,True,False,"[0.5, 0.5, 0.5, 0.5, 0.5, 0.5, 0.5, 0.5, 0.5, 0.5]",0.25,False,0.00467,stop
completion_repeat:Pca6d538aa286:astra:known,completion_repeat,astra,Pca6d538aa286,,known,,H,fair,completed,True,ok,True,False,"[0.5, 0.5, 0.5, 0.5, 0.5, 0.5, 0.5, 0.5, 0.5, 0.5]",0.25,False,0.00562,stop
completion_repeat:P339318dfb86f:astra:known,completion_repeat,astra,P339318dfb86f,,known,,H,plain,completed,True,ok,True,False,"[0.5, 0.5, 0.5, 0.5, 0.5, 0.5, 0.5, 0.5, 0.5, 0.5]",0.25,False,0.00548,stop
completion_repeat:P633cce82bfa2:astra:withheld,completion_repeat,astra,P633cce82bfa2,,withheld,,H,fair,completed,True,ok,True,False,"[0.5, 0.5, 0.5, 0.5, 0.5, 0.5, 0.5, 0.5, 0.5, 0.5]",0.25,False,0.0057,stop
completion_repeat:P200d4085da52:fable:known,completion_repeat,fable,P200d4085da52,,known,,H,plain,completed,True,ok,True,False,"[0.5, 0.52, 0.48, 0.5, 0.52, 0.48, 0.5, 0.5, 0.52, 0.48]",0.26224000000000003,False,0.00573,stop
completion_repeat:P200d4085da52:qwen:known,completion_repeat,qwen,P200d4085da52,,known,,H,plain,completed,True,ok,True,False,"[0.45, 0.45, 0.45, 0.45, 0.45, 0.45, 0.45, 0.45, 0.45, 0.45]",0.26250000000000007,False,5.2338e-05,stop
completion_repeat:P422f555d345f:astra:known,completion_repeat,astra,P422f555d345f,,known,,H,plain,completed,True,ok,True,False,"[0.95, 0.05, 0.94, 0.06, 0.93, 0.07, 0.92, 0.08, 0.91, 0.09]",0.005099999999999999,False,0.00925,stop
completion_repeat:P9bc7c6621612:fable:withheld,completion_repeat,fable,P9bc7c6621612,,withheld,,H,plain,completed,True,ok,True,False,"[0.55, 0.5, 0.5, 0.52, 0.5, 0.5, 0.52, 0.5, 0.5, 0.52]",0.24337,False,0.00571,stop
completion_repeat:P200d4085da52:astra:known,completion_repeat,astra,P200d4085da52,,known,,H,plain,completed,True,ok,True,False,"[0.5, 0.5, 0.5, 0.5, 0.5, 0.5, 0.5, 0.5, 0.5, 0.5]",0.25,False,0.00547,stop
completion_repeat:P422f555d345f:qwen:known,completion_repeat,qwen,P422f555d345f,,known,,H,plain,completed,True,ok,True,False,"[0.5, 0.5, 0.5, 0.5, 0.5, 0.5, 0.5, 0.5, 0.5, 0.5]",0.25,False,4.7554e-05,stop
completion_repeat:P158904262452:qwen:withheld,completion_repeat,qwen,P158904262452,,withheld,,H,fair,completed,True,ok,True,False,"[0.5, 0.5, 0.5, 0.5, 0.5, 0.5, 0.5, 0.5, 0.5, 0.5]",0.25,False,4.7437e-05,stop
completion_repeat:P422f555d345f:qwen:withheld,completion_repeat,qwen,P422f555d345f,,withheld,,H,plain,completed,True,ok,True,False,"[0.5, 0.5, 0.5, 0.5, 0.5, 0.5, 0.5, 0.5, 0.5, 0.5]",0.25,False,4.732e-05,stop
completion_repeat:Pca6d538aa286:qwen:withheld,completion_repeat,qwen,Pca6d538aa286,,withheld,,H,fair,completed,True,ok,True,False,"[0.5, 0.5, 0.5, 0.5, 0.5, 0.5, 0.5, 0.5, 0.5, 0.5]",0.25,False,4.7554e-05,stop
completion_repeat:Pf91d12d82d7d:astra:known,completion_repeat,astra,Pf91d12d82d7d,,known,,H,fair,completed,True,ok,True,False,"[0.5, 0.5, 0.5, 0.5, 0.5, 0.5, 0.5, 0.5, 0.5, 0.5]",0.25,False,0.00465,stop
completion_repeat:Pca6d538aa286:astra:withheld,completion_repeat,astra,Pca6d538aa286,,withheld,,H,fair,completed,True,ok,True,False,"[0.5, 0.5, 0.5, 0.5, 0.5, 0.5, 0.5, 0.5, 0.5, 0.5]",0.25,False,0.0057,stop
completion_repeat:P252befd2665e:astra:known,completion_repeat,astra,P252befd2665e,,known,,H,plain,completed,True,ok,True,False,"[0.5, 0.5, 0.5, 0.5, 0.5, 0.5, 0.5, 0.5, 0.5, 0.5]",0.25,False,0.00543,stop
completion_repeat:P252befd2665e:fable:known,completion_repeat,fable,P252befd2665e,,known,,H,plain,completed,True,ok,True,False,"[0.5, 0.5, 0.5, 0.5, 0.5, 0.5, 0.5, 0.5, 0.5, 0.5]",0.25,False,0.00572,stop
completion_repeat:P339318dfb86f:qwen:withheld,completion_repeat,qwen,P339318dfb86f,,withheld,,H,plain,completed,True,ok,True,False,"[0.5, 0.5, 0.5, 0.5, 0.5, 0.5, 0.5, 0.5, 0.5, 0.5]",0.25,False,4.732e-05,stop
completion_repeat:P537c6c1f7b6a:fable:known,completion_repeat,fable,P537c6c1f7b6a,,known,,H,plain,completed,True,ok,True,False,"[0.5, 0.5, 0.5, 0.5, 0.5, 0.5, 0.5, 0.5, 0.5, 0.5]",0.25,False,0.00571,stop
completion_repeat:P9bc7c6621612:astra:known,completion_repeat,astra,P9bc7c6621612,,known,,H,plain,completed,True,ok,True,False,"[0.5, 0.5, 0.5, 0.5, 0.5, 0.5, 0.5, 0.5, 0.5, 0.5]",0.25,False,0.00556,stop
completion_repeat:Pf91d12d82d7d:qwen:known,completion_repeat,qwen,Pf91d12d82d7d,,known,,H,fair,completed,True,ok,True,False,"[0.5, 0.5, 0.5, 0.5, 0.5, 0.5, 0.5, 0.5, 0.5, 0.5]",0.25,False,4.7788e-05,stop
completion_repeat:P200d4085da52:astra:withheld,completion_repeat,astra,P200d4085da52,,withheld,,H,plain,completed,True,ok,True,False,"[0.5, 0.5, 0.5, 0.5, 0.5, 0.5, 0.5, 0.5, 0.5, 0.5]",0.25,False,0.00564,stop
completion_repeat:P158904262452:fable:known,completion_repeat,fable,P158904262452,,known,,H,fair,completed,True,ok,True,False,"[0.5, 0.5, 0.5, 0.5, 0.5, 0.5, 0.5, 0.5, 0.5, 0.5]",0.25,False,0.00575,stop
completion_repeat:Pabd1e6d7f795:fable:withheld,completion_repeat,fable,Pabd1e6d7f795,,withheld,,H,fair,completed,True,ok,True,False,"[0.52, 0.5, 0.52, 0.5, 0.52, 0.5, 0.5, 0.52, 0.5, 0.5]",0.25016,False,0.00573,stop
completion_repeat:P339318dfb86f:astra:withheld,completion_repeat,astra,P339318dfb86f,,withheld,,H,plain,completed,True,ok,True,False,"[0.5, 0.5, 0.5, 0.5, 0.5, 0.5, 0.5, 0.5, 0.5, 0.5]",0.25,False,0.00463,stop
completion_repeat:Pabd1e6d7f795:astra:withheld,completion_repeat,astra,Pabd1e6d7f795,,withheld,,H,fair,completed,True,ok,True,False,"[0.5, 0.5, 0.5, 0.5, 0.5, 0.5, 0.5, 0.5, 0.5, 0.5]",0.25,False,0.00464,stop
completion_repeat:P422f555d345f:fable:withheld,completion_repeat,fable,P422f555d345f,,withheld,,H,plain,completed,True,ok,True,False,"[0.85, 0.17, 0.82, 0.2, 0.8, 0.22, 0.78, 0.24, 0.76, 0.26]",0.044340000000000004,False,0.01321,stop
completion_repeat:Pf91d12d82d7d:fable:known,completion_repeat,fable,Pf91d12d82d7d,,known,,H,fair,completed,True,ok,True,False,"[0.5, 0.5, 0.5, 0.5, 0.5, 0.5, 0.5, 0.5, 0.5, 0.5]",0.25,False,0.00574,stop
completion_repeat:P339318dfb86f:fable:withheld,completion_repeat,fable,P339318dfb86f,,withheld,,H,plain,completed,True,ok,True,False,"[0.5, 0.5, 0.5, 0.5, 0.5, 0.5, 0.5, 0.5, 0.5, 0.5]",0.25,False,0.00571,stop
completion_repeat:P158904262452:qwen:known,completion_repeat,qwen,P158904262452,,known,,H,fair,completed,True,ok,True,False,"[0.5, 0.5, 0.5, 0.5, 0.5, 0.5, 0.5, 0.5, 0.5, 0.5]",0.25,False,4.7788e-05,stop
completion_repeat:P9bc7c6621612:qwen:known,completion_repeat,qwen,P9bc7c6621612,,known,,H,plain,completed,True,ok,True,False,"[0.5, 0.5, 0.5, 0.5, 0.5, 0.5, 0.5, 0.5, 0.5, 0.5]",0.25,False,4.7671e-05,stop
completion_repeat:P158904262452:astra:known,completion_repeat,astra,P158904262452,,known,,H,fair,completed,True,ok,True,False,"[0.5, 0.5, 0.5, 0.5, 0.5, 0.5, 0.5, 0.5, 0.5, 0.5]",0.25,False,0.00467,stop
completion_repeat:P200d4085da52:fable:withheld,completion_repeat,fable,P200d4085da52,,withheld,,H,plain,completed,True,ok,True,False,"[0.5, 0.5, 0.5, 0.5, 0.5, 0.5, 0.5, 0.5, 0.5, 0.5]",0.25,False,0.00571,stop
completion_repeat:P200d4085da52:qwen:withheld,completion_repeat,qwen,P200d4085da52,,withheld,,H,plain,completed,True,ok,True,False,"[0.5, 0.5, 0.5, 0.5, 0.5, 0.5, 0.5, 0.5, 0.5, 0.5]",0.25,False,4.7437e-05,stop
completion_repeat:Pabd1e6d7f795:qwen:withheld,completion_repeat,qwen,Pabd1e6d7f795,,withheld,,H,fair,completed,True,ok,True,False,"[0.5, 0.5, 0.5, 0.5, 0.5, 0.5, 0.5, 0.5, 0.5, 0.5]",0.25,False,4.7437e-05,stop
completion_repeat:P9bc7c6621612:fable:known,completion_repeat,fable,P9bc7c6621612,,known,,H,plain,completed,True,ok,True,False,"[0.5, 0.5, 0.5, 0.5, 0.5, 0.5, 0.5, 0.5, 0.5, 0.5]",0.25,False,0.00573,stop
completion_repeat:Pca6d538aa286:fable:withheld,completion_repeat,fable,Pca6d538aa286,,withheld,,H,fair,completed,True,ok,True,False,"[0.5, 0.52, 0.5, 0.5, 0.52, 0.5, 0.5, 0.5, 0.5, 0.5]",0.24608,False,0.00573,stop
completion_repeat:P422f555d345f:astra:withheld,completion_repeat,astra,P422f555d345f,,withheld,,H,plain,completed,True,ok,True,False,"[0.9, 0.1, 0.9, 0.1, 0.9, 0.1, 0.9, 0.1, 0.9, 0.1]",0.009999999999999998,False,0.01423,stop
completion_repeat:P537c6c1f7b6a:qwen:known,completion_repeat,qwen,P537c6c1f7b6a,,known,,H,plain,completed,True,ok,True,False,"[0.5, 0.5, 0.5, 0.5, 0.5, 0.5, 0.5, 0.5, 0.5, 0.5]",0.25,False,4.7671e-05,stop
completion_repeat:P537c6c1f7b6a:astra:known,completion_repeat,astra,P537c6c1f7b6a,,known,,H,plain,completed,True,ok,True,False,"[0.5, 0.5, 0.5, 0.5, 0.5, 0.5, 0.5, 0.5, 0.5, 0.5]",0.25,False,0.00576,stop
completion_repeat:P633cce82bfa2:qwen:known,completion_repeat,qwen,P633cce82bfa2,,known,,H,fair,completed,True,ok,True,False,"[0.5, 0.5, 0.5, 0.5, 0.5, 0.5, 0.5, 0.5, 0.5, 0.5]",0.25,False,4.7788e-05,stop
completion_repeat:P633cce82bfa2:fable:known,completion_repeat,fable,P633cce82bfa2,,known,,H,fair,completed,True,ok,True,False,"[0.5, 0.5, 0.5, 0.5, 0.5, 0.5, 0.5, 0.5, 0.5, 0.5]",0.25,False,0.00573,stop
completion_repeat:P252befd2665e:qwen:known,completion_repeat,qwen,P252befd2665e,,known,,H,plain,completed,True,ok,True,False,"[0.45, 0.45, 0.45, 0.45, 0.45, 0.45, 0.45, 0.45, 0.45, 0.45]",0.26250000000000007,False,5.2104e-05,stop
completion_repeat:P633cce82bfa2:astra:known,completion_repeat,astra,P633cce82bfa2,,known,,H,fair,completed,True,ok,True,False,"[0.5, 0.5, 0.5, 0.5, 0.5, 0.5, 0.5, 0.5, 0.5, 0.5]",0.25,False,0.00465,stop
completion_polarity:P339318dfb86f:qwen:known,completion_polarity,qwen,P339318dfb86f,,known,,T,plain,completed,True,ok,True,False,"[0.5, 0.5, 0.5, 0.5, 0.5, 0.5, 0.5, 0.5, 0.5, 0.5]",0.25,False,4.7554e-05,stop
completion_polarity:P158904262452:qwen:withheld,completion_polarity,qwen,P158904262452,,withheld,,T,fair,completed,True,ok,True,False,"[0.5, 0.5, 0.5, 0.5, 0.5, 0.5, 0.5, 0.5, 0.5, 0.5]",0.25,False,4.7437e-05,stop
completion_polarity:P200d4085da52:astra:known,completion_polarity,astra,P200d4085da52,,known,,T,plain,completed,True,ok,True,False,"[0.5, 0.5, 0.5, 0.5, 0.5, 0.5, 0.5, 0.5, 0.5, 0.5]",0.25,False,0.00467,stop
completion_polarity:P200d4085da52:fable:known,completion_polarity,fable,P200d4085da52,,known,,T,plain,completed,True,ok,True,False,"[0.5, 0.5, 0.5, 0.5, 0.5, 0.5, 0.5, 0.5, 0.5, 0.5]",0.25,False,0.00573,stop
completion_polarity:P9bc7c6621612:astra:withheld,completion_polarity,astra,P9bc7c6621612,,withheld,,T,plain,completed,True,ok,True,False,"[0.5, 0.5, 0.5, 0.5, 0.5, 0.5, 0.5, 0.5, 0.5, 0.5]",0.25,False,0.00553,stop
completion_polarity:Pf91d12d82d7d:astra:withheld,completion_polarity,astra,Pf91d12d82d7d,,withheld,,T,fair,completed,True,ok,True,False,"[0.5, 0.5, 0.5, 0.5, 0.5, 0.5, 0.5, 0.5, 0.5, 0.5]",0.25,False,0.0058,stop
completion_polarity:Pca6d538aa286:astra:known,completion_polarity,astra,Pca6d538aa286,,known,,T,fair,completed,True,ok,True,False,"[0.5, 0.5, 0.5, 0.5, 0.5, 0.5, 0.5, 0.5, 0.5, 0.5]",0.25,False,0.00592,stop
completion_polarity:Pabd1e6d7f795:qwen:known,completion_polarity,qwen,Pabd1e6d7f795,,known,,T,fair,completed,True,ok,True,False,"[0.5, 0.5, 0.5, 0.5, 0.5, 0.5, 0.5, 0.5, 0.5, 0.5]",0.25,False,4.7788e-05,stop
completion_polarity:P9bc7c6621612:qwen:withheld,completion_polarity,qwen,P9bc7c6621612,,withheld,,T,plain,completed,True,ok,True,False,"[0.5, 0.5, 0.5, 0.5, 0.5, 0.5, 0.5, 0.5, 0.5, 0.5]",0.25,False,4.732e-05,stop
completion_polarity:P252befd2665e:fable:withheld,completion_polarity,fable,P252befd2665e,,withheld,,T,plain,completed,True,ok,True,False,"[0.5, 0.5, 0.5, 0.5, 0.5, 0.5, 0.5, 0.5, 0.5, 0.5]",0.25,False,0.00571,stop
completion_polarity:P633cce82bfa2:astra:withheld,completion_polarity,astra,P633cce82bfa2,,withheld,,T,fair,completed,True,ok,True,False,"[0.5, 0.5, 0.5, 0.5, 0.5, 0.5, 0.5, 0.5, 0.5, 0.5]",0.25,False,0.00565,stop
completion_polarity:P158904262452:astra:withheld,completion_polarity,astra,P158904262452,,withheld,,T,fair,completed,True,ok,True,False,"[0.5, 0.5, 0.5, 0.5, 0.5, 0.5, 0.5, 0.5, 0.5, 0.5]",0.25,False,0.00574,stop
completion_polarity:Pca6d538aa286:fable:known,completion_polarity,fable,Pca6d538aa286,,known,,T,fair,completed,True,ok,True,False,"[0.5, 0.52, 0.5, 0.52, 0.5, 0.52, 0.5, 0.52, 0.5, 0.52]",0.25620000000000004,False,0.00573,stop
completion_polarity:P252befd2665e:astra:withheld,completion_polarity,astra,P252befd2665e,,withheld,,T,plain,completed,True,ok,True,False,"[0.5, 0.5, 0.5, 0.5, 0.5, 0.5, 0.5, 0.5, 0.5, 0.5]",0.25,False,0.00558,stop
completion_polarity:Pabd1e6d7f795:fable:known,completion_polarity,fable,Pabd1e6d7f795,,known,,T,fair,completed,True,ok,True,False,"[0.52, 0.5, 0.5, 0.5, 0.5, 0.5, 0.5, 0.5, 0.5, 0.5]",0.25204,False,0.00575,stop
completion_polarity:P339318dfb86f:fable:known,completion_polarity,fable,P339318dfb86f,,known,,T,plain,completed,True,ok,True,False,"[0.5, 0.5, 0.5, 0.5, 0.5, 0.5, 0.5, 0.5, 0.5, 0.5]",0.25,False,0.00572,stop
completion_polarity:P633cce82bfa2:qwen:withheld,completion_polarity,qwen,P633cce82bfa2,,withheld,,T,fair,completed,True,ok,True,False,"[0.5, 0.5, 0.5, 0.5, 0.5, 0.5, 0.5, 0.5, 0.5, 0.5]",0.25,False,4.7554e-05,stop
completion_polarity:P537c6c1f7b6a:fable:withheld,completion_polarity,fable,P537c6c1f7b6a,,withheld,,T,plain,completed,True,ok,True,False,"[0.5, 0.52, 0.5, 0.48, 0.52, 0.5, 0.5, 0.52, 0.48, 0.5]",0.25220000000000004,False,0.00571,stop
completion_polarity:P200d4085da52:qwen:known,completion_polarity,qwen,P200d4085da52,,known,,T,plain,completed,True,ok,True,False,"[0.5, 0.5, 0.5, 0.5, 0.5, 0.5, 0.5, 0.5, 0.5, 0.5]",0.25,False,4.7788e-05,stop
completion_polarity:Pca6d538aa286:qwen:known,completion_polarity,qwen,Pca6d538aa286,,known,,T,fair,completed,True,ok,True,False,"[0.5, 0.5, 0.5, 0.5, 0.5, 0.5, 0.5, 0.5, 0.5, 0.5]",0.25,False,4.7788e-05,stop
completion_polarity:Pf91d12d82d7d:fable:withheld,completion_polarity,fable,Pf91d12d82d7d,,withheld,,T,fair,completed,True,ok,True,False,"[0.52, 0.5, 0.52, 0.5, 0.52, 0.5, 0.52, 0.5, 0.52, 0.5]",0.25220000000000004,False,0.00573,stop
completion_polarity:P422f555d345f:qwen:known,completion_polarity,qwen,P422f555d345f,,known,,T,plain,completed,True,ok,True,False,"[0.5, 0.5, 0.5, 0.5, 0.5, 0.5, 0.5, 0.5, 0.5, 0.5]",0.25,False,4.7554e-05,stop
completion_polarity:P422f555d345f:fable:known,completion_polarity,fable,P422f555d345f,,known,,T,plain,completed,True,ok,False,True,"[0.15, 0.85, 0.17, 0.83, 0.2, 0.8, 0.22, 0.78, 0.25, 0.75]",0.040459999999999996,False,0.01186,stop
completion_polarity:Pf91d12d82d7d:qwen:withheld,completion_polarity,qwen,Pf91d12d82d7d,,withheld,,T,fair,completed,True,ok,True,False,"[0.5, 0.5, 0.5, 0.5, 0.5, 0.5, 0.5, 0.5, 0.5, 0.5]",0.25,False,4.7554e-05,stop
completion_polarity:P252befd2665e:qwen:withheld,completion_polarity,qwen,P252befd2665e,,withheld,,T,plain,completed,True,ok,True,False,"[0.5, 0.5, 0.5, 0.5, 0.5, 0.5, 0.5, 0.5, 0.5, 0.5]",0.25,False,4.732e-05,stop
completion_polarity:P339318dfb86f:astra:known,completion_polarity,astra,P339318dfb86f,,known,,T,plain,completed,True,ok,True,False,"[0.5, 0.5, 0.5, 0.5, 0.5, 0.5, 0.5, 0.5, 0.5, 0.5]",0.25,False,0.00463,stop
completion_polarity:P537c6c1f7b6a:qwen:withheld,completion_polarity,qwen,P537c6c1f7b6a,,withheld,,T,plain,completed,True,ok,True,False,"[0.5, 0.5, 0.5, 0.5, 0.5, 0.5, 0.5, 0.5, 0.5, 0.5]",0.25,False,4.7437e-05,stop
completion_polarity:P537c6c1f7b6a:astra:withheld,completion_polarity,astra,P537c6c1f7b6a,,withheld,,T,plain,completed,True,ok,True,False,"[0.5, 0.5, 0.5, 0.5, 0.5, 0.5, 0.5, 0.5, 0.5, 0.5]",0.25,False,0.00464,stop
completion_polarity:Pabd1e6d7f795:astra:known,completion_polarity,astra,Pabd1e6d7f795,,known,,T,fair,completed,True,ok,True,False,"[0.5, 0.5, 0.5, 0.5, 0.5, 0.5, 0.5, 0.5, 0.5, 0.5]",0.25,False,0.00467,stop
completion_polarity:P633cce82bfa2:fable:withheld,completion_polarity,fable,P633cce82bfa2,,withheld,,T,fair,completed,True,ok,True,False,"[0.5, 0.52, 0.5, 0.48, 0.5, 0.52, 0.5, 0.5, 0.52, 0.5]",0.25016,False,0.00572,stop
completion_polarity:P158904262452:fable:withheld,completion_polarity,fable,P158904262452,,withheld,,T,fair,completed,True,ok,True,False,"[0.52, 0.5, 0.5, 0.52, 0.5, 0.5, 0.52, 0.5, 0.5, 0.52]",0.25816,False,0.00573,stop
completion_polarity:P9bc7c6621612:fable:withheld,completion_polarity,fable,P9bc7c6621612,,withheld,,T,plain,completed,True,ok,True,False,"[0.5, 0.49, 0.5, 0.52, 0.5, 0.49, 0.51, 0.5, 0.52, 0.5]",0.25311,False,0.00571,stop
completion_polarity:P422f555d345f:astra:known,completion_polarity,astra,P422f555d345f,,known,,T,plain,completed,True,ok,True,False,"[0.08, 0.92, 0.1, 0.9, 0.12, 0.89, 0.13, 0.88, 0.14, 0.87]",0.012709999999999999,False,0.0099,stop
completion_polarity:P158904262452:qwen:known,completion_polarity,qwen,P158904262452,,known,,T,fair,completed,True,ok,True,False,"[0.5, 0.5, 0.5, 0.5, 0.5, 0.5, 0.5, 0.5, 0.5, 0.5]",0.25,False,4.7788e-05,stop
completion_polarity:P422f555d345f:qwen:withheld,completion_polarity,qwen,P422f555d345f,,withheld,,T,plain,completed,True,ok,True,False,"[0.5, 0.5, 0.5, 0.5, 0.5, 0.5, 0.5, 0.5, 0.5, 0.5]",0.25,False,4.732e-05,stop
completion_polarity:Pabd1e6d7f795:astra:withheld,completion_polarity,astra,Pabd1e6d7f795,,withheld,,T,fair,completed,True,ok,True,False,"[0.5, 0.5, 0.5, 0.5, 0.5, 0.5, 0.5, 0.5, 0.5, 0.5]",0.25,False,0.00544,stop
completion_polarity:P9bc7c6621612:astra:known,completion_polarity,astra,P9bc7c6621612,,known,,T,plain,completed,True,ok,True,False,"[0.5, 0.5, 0.5, 0.5, 0.5, 0.5, 0.5, 0.5, 0.5, 0.5]",0.25,False,0.00466,stop
completion_polarity:Pf91d12d82d7d:astra:known,completion_polarity,astra,Pf91d12d82d7d,,known,,T,fair,completed,True,ok,True,False,"[0.5, 0.5, 0.5, 0.5, 0.5, 0.5, 0.5, 0.5, 0.5, 0.5]",0.25,False,0.00465,stop
completion_polarity:Pabd1e6d7f795:fable:withheld,completion_polarity,fable,Pabd1e6d7f795,,withheld,,T,fair,completed,True,ok,True,False,"[0.5, 0.5, 0.5, 0.5, 0.5, 0.5, 0.5, 0.5, 0.5, 0.5]",0.25,False,0.00573,stop
completion_polarity:Pf91d12d82d7d:fable:known,completion_polarity,fable,Pf91d12d82d7d,,known,,T,fair,completed,True,ok,True,False,"[0.5, 0.5, 0.5, 0.5, 0.5, 0.5, 0.5, 0.5, 0.5, 0.5]",0.25,False,0.00574,stop
completion_polarity:P537c6c1f7b6a:fable:known,completion_polarity,fable,P537c6c1f7b6a,,known,,T,plain,completed,True,ok,True,False,"[0.52, 0.5, 0.5, 0.52, 0.5, 0.5, 0.52, 0.5, 0.5, 0.52]",0.25016,False,0.00571,stop
completion_polarity:P252befd2665e:fable:known,completion_polarity,fable,P252befd2665e,,known,,T,plain,completed,True,ok,True,False,"[0.5, 0.5, 0.5, 0.5, 0.5, 0.5, 0.5, 0.5, 0.5, 0.5]",0.25,False,0.00527,stop
completion_polarity:P200d4085da52:fable:withheld,completion_polarity,fable,P200d4085da52,,withheld,,T,plain,completed,True,ok,True,False,"[0.52, 0.5, 0.48, 0.5, 0.52, 0.5, 0.52, 0.5, 0.52, 0.52]",0.24624000000000001,False,0.00571,stop
completion_polarity:Pca6d538aa286:astra:withheld,completion_polarity,astra,Pca6d538aa286,,withheld,,T,fair,completed,True,ok,True,False,"[0.5, 0.5, 0.5, 0.5, 0.5, 0.5, 0.5, 0.5, 0.5, 0.5]",0.25,False,0.0057,stop
completion_polarity:P633cce82bfa2:astra:known,completion_polarity,astra,P633cce82bfa2,,known,,T,fair,completed,True,ok,True,False,"[0.5, 0.5, 0.5, 0.5, 0.5, 0.5, 0.5, 0.5, 0.5, 0.5]",0.25,False,0.0053,stop
completion_polarity:P200d4085da52:astra:withheld,completion_polarity,astra,P200d4085da52,,withheld,,T,plain,completed,True,ok,True,False,"[0.5, 0.5, 0.5, 0.5, 0.5, 0.5, 0.5, 0.5, 0.5, 0.5]",0.25,False,0.00464,stop
completion_polarity:P9bc7c6621612:qwen:known,completion_polarity,qwen,P9bc7c6621612,,known,,T,plain,completed,True,ok,True,False,"[0.5, 0.5, 0.5, 0.5, 0.5, 0.5, 0.5, 0.5, 0.5, 0.5]",0.25,False,4.7671e-05,stop
completion_polarity:P537c6c1f7b6a:astra:known,completion_polarity,astra,P537c6c1f7b6a,,known,,T,plain,completed,True,ok,True,False,"[0.5, 0.5, 0.5, 0.5, 0.5, 0.5, 0.5, 0.5, 0.5, 0.5]",0.25,False,0.00686,stop
completion_polarity:P422f555d345f:fable:withheld,completion_polarity,fable,P422f555d345f,,withheld,,T,plain,completed,True,ok,False,True,"[0.15, 0.85, 0.18, 0.82, 0.2, 0.8, 0.22, 0.78, 0.24, 0.76]",0.040179999999999993,False,0.01026,stop
completion_polarity:P9bc7c6621612:fable:known,completion_polarity,fable,P9bc7c6621612,,known,,T,plain,completed,True,ok,True,False,"[0.5, 0.5, 0.5, 0.5, 0.5, 0.5, 0.5, 0.5, 0.5, 0.5]",0.25,False,0.00528,stop
completion_polarity:P200d4085da52:qwen:withheld,completion_polarity,qwen,P200d4085da52,,withheld,,T,plain,completed,True,ok,True,False,"[0.5, 0.5, 0.5, 0.5, 0.5, 0.5, 0.5, 0.5, 0.5, 0.5]",0.25,False,4.7437e-05,stop
completion_polarity:P339318dfb86f:astra:withheld,completion_polarity,astra,P339318dfb86f,,withheld,,T,plain,completed,True,ok,True,False,"[0.5, 0.5, 0.5, 0.5, 0.5, 0.5, 0.5, 0.5, 0.5, 0.5]",0.25,False,0.00553,stop
completion_polarity:P633cce82bfa2:qwen:known,completion_polarity,qwen,P633cce82bfa2,,known,,T,fair,completed,True,ok,True,False,"[0.5, 0.5, 0.5, 0.5, 0.5, 0.5, 0.5, 0.5, 0.5, 0.5]",0.25,False,4.7788e-05,stop
completion_polarity:P537c6c1f7b6a:qwen:known,completion_polarity,qwen,P537c6c1f7b6a,,known,,T,plain,completed,True,ok,True,False,"[0.5, 0.5, 0.5, 0.5, 0.5, 0.5, 0.5, 0.5, 0.5, 0.5]",0.25,False,4.7671e-05,stop
completion_polarity:Pabd1e6d7f795:qwen:withheld,completion_polarity,qwen,Pabd1e6d7f795,,withheld,,T,fair,completed,True,ok,True,False,"[0.5, 0.5, 0.5, 0.5, 0.5, 0.5, 0.5, 0.5, 0.5, 0.5]",0.25,False,4.7437e-05,stop
completion_polarity:P339318dfb86f:qwen:withheld,completion_polarity,qwen,P339318dfb86f,,withheld,,T,plain,completed,True,ok,True,False,"[0.5, 0.5, 0.5, 0.5, 0.5, 0.5, 0.5, 0.5, 0.5, 0.5]",0.25,False,4.732e-05,stop
completion_polarity:P252befd2665e:qwen:known,completion_polarity,qwen,P252befd2665e,,known,,T,plain,completed,True,ok,True,False,"[0.5, 0.5, 0.5, 0.5, 0.5, 0.5, 0.5, 0.5, 0.5, 0.5]",0.25,False,4.7554e-05,stop
completion_polarity:P633cce82bfa2:fable:known,completion_polarity,fable,P633cce82bfa2,,known,,T,fair,completed,True,ok,True,False,"[0.5, 0.5, 0.5, 0.5, 0.5, 0.5, 0.5, 0.5, 0.5, 0.5]",0.25,False,0.00573,stop
completion_polarity:P158904262452:astra:known,completion_polarity,astra,P158904262452,,known,,T,fair,completed,True,ok,True,False,"[0.5, 0.5, 0.5, 0.5, 0.5, 0.5, 0.5, 0.5, 0.5, 0.5]",0.25,False,0.00467,stop
completion_polarity:Pf91d12d82d7d:qwen:known,completion_polarity,qwen,Pf91d12d82d7d,,known,,T,fair,completed,True,ok,True,False,"[0.5, 0.5, 0.5, 0.5, 0.5, 0.5, 0.5, 0.5, 0.5, 0.5]",0.25,False,4.7788e-05,stop
completion_polarity:Pca6d538aa286:qwen:withheld,completion_polarity,qwen,Pca6d538aa286,,withheld,,T,fair,completed,True,ok,True,False,"[0.5, 0.5, 0.5, 0.5, 0.5, 0.5, 0.5, 0.5, 0.5, 0.5]",0.25,False,4.7554e-05,stop
completion_polarity:P252befd2665e:astra:known,completion_polarity,astra,P252befd2665e,,known,,T,plain,completed,True,ok,True,False,"[0.5, 0.5, 0.5, 0.5, 0.5, 0.5, 0.5, 0.5, 0.5, 0.5]",0.25,False,0.00463,stop
completion_polarity:P422f555d345f:astra:withheld,completion_polarity,astra,P422f555d345f,,withheld,,T,plain,completed,True,ok,True,False,"[0.1, 0.9, 0.15, 0.85, 0.18, 0.82, 0.2, 0.8, 0.22, 0.78]",0.030659999999999993,False,0.01143,stop
completion_polarity:P339318dfb86f:fable:withheld,completion_polarity,fable,P339318dfb86f,,withheld,,T,plain,completed,True,ok,True,False,"[0.5, 0.52, 0.5, 0.52, 0.5, 0.5, 0.52, 0.5, 0.5, 0.5]",0.25612,False,0.00571,stop
completion_polarity:P158904262452:fable:known,completion_polarity,fable,P158904262452,,known,,T,fair,completed,True,ok,True,False,"[0.5, 0.5, 0.5, 0.5, 0.5, 0.5, 0.5, 0.5, 0.5, 0.5]",0.25,False,0.00575,stop
completion_polarity:Pca6d538aa286:fable:withheld,completion_polarity,fable,Pca6d538aa286,,withheld,,T,fair,completed,True,ok,True,False,"[0.52, 0.5, 0.52, 0.5, 0.51, 0.5, 0.52, 0.5, 0.51, 0.5]",0.24413999999999997,False,0.00573,stop
completion_prior:astra:fair:astra,completion_prior,astra,,,known,,,fair,completed,True,ok,True,False,"[0.5, 0.5, 0.5, 0.5, 0.5, 0.5, 0.5, 0.5, 0.5, 0.5]",,False,0.00438,stop
completion_prior:astra:fair:withheld,completion_prior,astra,,,withheld,,,fair,completed,True,ok,True,False,"[0.5, 0.5, 0.5, 0.5, 0.5, 0.5, 0.5, 0.5, 0.5, 0.5]",,False,0.00438,stop
completion_prior:astra:plain:fable,completion_prior,astra,,,known,,,plain,completed,True,ok,True,False,"[0.5, 0.5, 0.5, 0.5, 0.5, 0.5, 0.5, 0.5, 0.5, 0.5]",,False,0.0044,stop
completion_prior:astra:fair:fable,completion_prior,astra,,,known,,,fair,completed,True,ok,True,False,"[0.5, 0.5, 0.5, 0.5, 0.5, 0.5, 0.5, 0.5, 0.5, 0.5]",,False,0.00441,stop
completion_prior:astra:plain:astra,completion_prior,astra,,,known,,,plain,completed,True,ok,True,False,"[0.5, 0.5, 0.5, 0.5, 0.5, 0.5, 0.5, 0.5, 0.5, 0.5]",,False,0.00437,stop
completion_prior:astra:plain:withheld,completion_prior,astra,,,withheld,,,plain,completed,True,ok,True,False,"[0.5, 0.5, 0.5, 0.5, 0.5, 0.5, 0.5, 0.5, 0.5, 0.5]",,False,0.00437,stop
completion_prior:astra:fair:qwen,completion_prior,astra,,,known,,,fair,completed,True,ok,True,False,"[0.5, 0.5, 0.5, 0.5, 0.5, 0.5, 0.5, 0.5, 0.5, 0.5]",,False,0.0044,stop
completion_prior:astra:plain:qwen,completion_prior,astra,,,known,,,plain,completed,True,ok,True,False,"[0.5, 0.5, 0.5, 0.5, 0.5, 0.5, 0.5, 0.5, 0.5, 0.5]",,False,0.00519,stop
completion_prior:fable:plain:qwen,completion_prior,fable,,,known,,,plain,completed,True,ok,True,False,"[0.5, 0.5, 0.5, 0.5, 0.5, 0.5, 0.5, 0.5, 0.5, 0.5]",,False,0.00524,stop
completion_prior:fable:plain:fable,completion_prior,fable,,,known,,,plain,completed,True,ok,True,False,"[0.5, 0.5, 0.5, 0.5, 0.5, 0.5, 0.5, 0.5, 0.5, 0.5]",,False,0.00526,stop
completion_prior:fable:plain:astra,completion_prior,fable,,,known,,,plain,completed,True,ok,True,False,"[0.5, 0.5, 0.5, 0.5, 0.5, 0.5, 0.5, 0.5, 0.5, 0.5]",,False,0.00525,stop
completion_prior:fable:fair:astra,completion_prior,fable,,,known,,,fair,completed,True,ok,True,False,"[0.5, 0.5, 0.5, 0.5, 0.5, 0.5, 0.5, 0.5, 0.5, 0.5]",,False,0.00527,stop
completion_prior:fable:fair:fable,completion_prior,fable,,,known,,,fair,completed,True,ok,True,False,"[0.5, 0.5, 0.5, 0.5, 0.5, 0.5, 0.5, 0.5, 0.5, 0.5]",,False,0.00528,stop
completion_prior:fable:fair:qwen,completion_prior,fable,,,known,,,fair,completed,True,ok,True,False,"[0.5, 0.5, 0.5, 0.5, 0.5, 0.5, 0.5, 0.5, 0.5, 0.5]",,False,0.00526,stop
completion_prior:fable:plain:withheld,completion_prior,fable,,,withheld,,,plain,completed,True,ok,True,False,"[0.5, 0.5, 0.5, 0.5, 0.5, 0.5, 0.5, 0.5, 0.5, 0.5]",,False,0.00524,stop
completion_prior:fable:fair:withheld,completion_prior,fable,,,withheld,,,fair,completed,True,ok,True,False,"[0.5, 0.5, 0.5, 0.5, 0.5, 0.5, 0.5, 0.5, 0.5, 0.5]",,False,0.00526,stop
completion_prior:qwen:plain:astra,completion_prior,qwen,,,known,,,plain,completed,True,ok,True,False,"[0.5, 0.5, 0.5, 0.5, 0.5, 0.5, 0.5, 0.5, 0.5, 0.5]",,False,4.4278e-05,stop
completion_prior:qwen:plain:qwen,completion_prior,qwen,,,known,,,plain,completed,True,ok,True,False,"[0.5, 0.5, 0.5, 0.5, 0.5, 0.5, 0.5, 0.5, 0.5, 0.5]",,False,4.4278e-05,stop
completion_prior:qwen:fair:astra,completion_prior,qwen,,,known,,,fair,completed,True,ok,True,False,"[0.5, 0.5, 0.5, 0.5, 0.5, 0.5, 0.5, 0.5, 0.5, 0.5]",,False,4.4395e-05,stop
completion_prior:qwen:plain:fable,completion_prior,qwen,,,known,,,plain,completed,True,ok,True,False,"[0.5, 0.5, 0.5, 0.5, 0.5, 0.5, 0.5, 0.5, 0.5, 0.5]",,False,4.4395e-05,stop
completion_prior:qwen:fair:withheld,completion_prior,qwen,,,withheld,,,fair,completed,True,ok,True,False,"[0.5, 0.5, 0.5, 0.5, 0.5, 0.5, 0.5, 0.5, 0.5, 0.5]",,False,4.4161e-05,stop
completion_prior:qwen:fair:qwen,completion_prior,qwen,,,known,,,fair,completed,True,ok,True,False,"[0.5, 0.5, 0.5, 0.5, 0.5, 0.5, 0.5, 0.5, 0.5, 0.5]",,False,4.4395e-05,stop
completion_prior:qwen:fair:fable,completion_prior,qwen,,,known,,,fair,completed,True,ok,True,False,"[0.5, 0.5, 0.5, 0.5, 0.5, 0.5, 0.5, 0.5, 0.5, 0.5]",,False,4.4512e-05,stop
completion_prior:qwen:plain:withheld,completion_prior,qwen,,,withheld,,,plain,completed,True,ok,True,False,"[0.5, 0.5, 0.5, 0.5, 0.5, 0.5, 0.5, 0.5, 0.5, 0.5]",,False,4.4044e-05,stop
pairs:PR1e51da4715f7:swapped:qwen,pairs,qwen,,PR1e51da4715f7,,swapped,SAME,plain,completed,True,ok,True,False,0.54,,True,1.7966e-05,stop
pairs:PRe0573ab2bac6:designated:qwen,pairs,qwen,,PRe0573ab2bac6,,designated,SAME,plain,completed,True,ok,True,False,0.546,,True,1.8421e-05,stop
pairs:PRc4e8d0c3ab32:designated:qwen,pairs,qwen,,PRc4e8d0c3ab32,,designated,SAME,plain,completed,True,ok,True,False,0.135,,True,1.8421e-05,stop
pairs:PR7cf7e6749146:swapped:astra,pairs,astra,,PR7cf7e6749146,,swapped,SAME,plain,completed,True,ok,True,False,0.5,,True,0.00321,stop
pairs:PR5d9467940577:swapped:astra,pairs,astra,,PR5d9467940577,,swapped,SAME,plain,completed,True,ok,True,False,0.5,,True,0.00257,stop
pairs:PRa0e4cda71d58:swapped:astra,pairs,astra,,PRa0e4cda71d58,,swapped,SAME,plain,completed,True,ok,True,False,0.5,,True,0.00301,stop
pairs:PR02f3106af1ab:swapped:fable,pairs,fable,,PR02f3106af1ab,,swapped,SAME,plain,completed,True,ok,True,False,0.6,,True,0.00236,stop
pairs:PRf6c212137626:swapped:fable,pairs,fable,,PRf6c212137626,,swapped,SAME,plain,completed,True,ok,True,False,0.72,,True,0.00236,stop
pairs:PR28c2617f763b:designated:qwen,pairs,qwen,,PR28c2617f763b,,designated,SAME,plain,completed,True,ok,True,False,0.54,,True,1.8083e-05,stop
pairs:PR43d0d58399a7:swapped:fable,pairs,fable,,PR43d0d58399a7,,swapped,SAME,plain,completed,True,ok,True,False,0.3,,True,0.00236,stop
pairs:PR90b841f0e65a:designated:qwen,pairs,qwen,,PR90b841f0e65a,,designated,SAME,plain,completed,True,ok,True,False,0.0016,,True,1.8759e-05,stop
pairs:PR04eee0a21619:swapped:fable,pairs,fable,,PR04eee0a21619,,swapped,SAME,plain,completed,True,ok,True,False,0.6,,True,0.00236,stop
pairs:PR08c2fc20441d:designated:qwen,pairs,qwen,,PR08c2fc20441d,,designated,SAME,plain,completed,True,ok,True,False,0.5,,True,1.7628e-05,stop
pairs:PR606d6429937a:swapped:astra,pairs,astra,,PR606d6429937a,,swapped,SAME,plain,completed,True,ok,True,False,0.5,,True,0.00305,stop
pairs:PR62c697058909:swapped:qwen,pairs,qwen,,PR62c697058909,,swapped,SAME,plain,completed,True,ok,True,False,0.546,,True,1.8421e-05,stop
pairs:PR606d6429937a:swapped:fable,pairs,fable,,PR606d6429937a,,swapped,SAME,plain,completed,True,ok,True,False,0.35,,True,0.00236,stop
pairs:PRa6ae8ba10db5:designated:qwen,pairs,qwen,,PRa6ae8ba10db5,,designated,SAME,plain,completed,True,ok,True,False,0.5,,True,1.716e-05,stop
pairs:PR08b00b4b7005:designated:qwen,pairs,qwen,,PR08b00b4b7005,,designated,SAME,plain,completed,True,ok,True,False,0.5,,True,1.7394e-05,stop
pairs:PR26bbeb78cc8e:swapped:fable,pairs,fable,,PR26bbeb78cc8e,,swapped,SAME,plain,completed,True,ok,True,False,0.6,,True,0.00236,stop
pairs:PR57714878477b:designated:fable,pairs,fable,,PR57714878477b,,designated,SAME,plain,completed,True,ok,True,False,0.6,,True,0.00236,stop
pairs:PR780e1ccc0ac8:swapped:fable,pairs,fable,,PR780e1ccc0ac8,,swapped,SAME,plain,completed,True,ok,True,False,0.25,,True,0.00236,stop
pairs:PRe0573ab2bac6:designated:astra,pairs,astra,,PRe0573ab2bac6,,designated,SAME,plain,completed,True,ok,True,False,0.5,,True,0.00271,stop
pairs:PRe1edec1c89cb:designated:fable,pairs,fable,,PRe1edec1c89cb,,designated,SAME,plain,completed,False,multiple_or_no_numbers,False,False,,,True,0.00661,stop
pairs:PR26bbeb78cc8e:swapped:astra,pairs,astra,,PR26bbeb78cc8e,,swapped,SAME,plain,completed,True,ok,True,False,0.5,,True,0.00317,stop
pairs:PR26bbeb78cc8e:swapped:qwen,pairs,qwen,,PR26bbeb78cc8e,,swapped,SAME,plain,completed,True,ok,True,False,0.54,,True,1.8083e-05,stop
pairs:PRadf729f088f0:swapped:qwen,pairs,qwen,,PRadf729f088f0,,swapped,SAME,plain,completed,True,ok,True,False,0.546,,True,1.8538e-05,stop
pairs:PR62c697058909:designated:qwen,pairs,qwen,,PR62c697058909,,designated,SAME,plain,completed,True,ok,True,False,0.54,,True,1.7966e-05,stop
pairs:PRec9e6d7d7e28:swapped:fable,pairs,fable,,PRec9e6d7d7e28,,swapped,SAME,plain,completed,True,ok,True,False,0.6,,True,0.00236,stop
pairs:PR940a23b36ac8:designated:qwen,pairs,qwen,,PR940a23b36ac8,,designated,SAME,plain,completed,True,ok,True,False,0.546,,True,1.8421e-05,stop
pairs:PR57714878477b:designated:astra,pairs,astra,,PR57714878477b,,designated,SAME,plain,completed,True,ok,True,False,0.5,,True,0.00276,stop
pairs:PR7696261c2d1d:swapped:qwen,pairs,qwen,,PR7696261c2d1d,,swapped,SAME,plain,completed,True,ok,True,False,0.0016,,True,1.8759e-05,stop
pairs:PRa6ae8ba10db5:designated:astra,pairs,astra,,PRa6ae8ba10db5,,designated,SAME,plain,completed,True,ok,True,False,0.5,,True,0.00483,stop
pairs:PR15dc436c9628:designated:fable,pairs,fable,,PR15dc436c9628,,designated,SAME,plain,completed,True,ok,True,False,0.62,,True,0.00236,stop
pairs:PRe5a98bbd7a7e:swapped:fable,pairs,fable,,PRe5a98bbd7a7e,,swapped,SAME,plain,completed,True,ok,True,False,0.25,,True,0.00236,stop
pairs:PR3699c0857ccb:swapped:astra,pairs,astra,,PR3699c0857ccb,,swapped,SAME,plain,completed,True,ok,True,False,0.5,,True,0.00537,stop
pairs:PRbdde5302f996:swapped:qwen,pairs,qwen,,PRbdde5302f996,,swapped,SAME,plain,completed,True,ok,True,False,0.54,,True,1.7966e-05,stop
pairs:PR97fb8b15cb43:swapped:fable,pairs,fable,,PR97fb8b15cb43,,swapped,SAME,plain,completed,True,ok,True,False,0.82,,True,0.00236,stop
pairs:PR48d508591d4b:swapped:fable,pairs,fable,,PR48d508591d4b,,swapped,SAME,plain,completed,True,ok,True,False,0.6,,True,0.00236,stop
pairs:PRca9e285b70e7:swapped:qwen,pairs,qwen,,PRca9e285b70e7,,swapped,SAME,plain,completed,True,ok,True,False,0.016,,True,1.8421e-05,stop
pairs:PRaa041d48e153:designated:fable,pairs,fable,,PRaa041d48e153,,designated,SAME,plain,completed,True,ok,True,False,0.72,,True,0.00236,stop
pairs:PR08b00b4b7005:swapped:fable,pairs,fable,,PR08b00b4b7005,,swapped,SAME,plain,completed,True,ok,True,False,0.85,,True,0.00236,stop
pairs:PR97fb8b15cb43:designated:astra,pairs,astra,,PR97fb8b15cb43,,designated,SAME,plain,completed,True,ok,True,False,0.5,,True,0.00377,stop
pairs:PR15dc436c9628:designated:astra,pairs,astra,,PR15dc436c9628,,designated,SAME,plain,completed,True,ok,True,False,0.7,,True,0.00857,stop
pairs:PRbdde5302f996:designated:astra,pairs,astra,,PRbdde5302f996,,designated,SAME,plain,completed,True,ok,True,False,0.5,,True,0.00311,stop
pairs:PR9b22fa569173:designated:qwen,pairs,qwen,,PR9b22fa569173,,designated,SAME,plain,completed,True,ok,True,False,0.546,,True,1.8538e-05,stop
pairs:PR90b841f0e65a:swapped:qwen,pairs,qwen,,PR90b841f0e65a,,swapped,SAME,plain,completed,True,ok,True,False,0.0016,,True,1.8759e-05,stop
pairs:PR08c2fc20441d:swapped:fable,pairs,fable,,PR08c2fc20441d,,swapped,SAME,plain,completed,False,multiple_or_no_numbers,False,False,,,True,0.00801,stop
pairs:PR3699c0857ccb:designated:astra,pairs,astra,,PR3699c0857ccb,,designated,SAME,plain,completed,True,ok,True,False,0.5,,True,0.00462,stop
pairs:PR2f90b92f4e63:designated:astra,pairs,astra,,PR2f90b92f4e63,,designated,SAME,plain,completed,True,ok,True,False,0.5,,True,0.00382,stop
pairs:PRa0e4cda71d58:swapped:fable,pairs,fable,,PRa0e4cda71d58,,swapped,SAME,plain,completed,True,ok,True,False,0.62,,True,0.00236,stop
pairs:PR1e51da4715f7:swapped:astra,pairs,astra,,PR1e51da4715f7,,swapped,SAME,plain,completed,True,ok,True,False,0.5,,True,0.00296,stop
pairs:PR155025653e76:designated:fable,pairs,fable,,PR155025653e76,,designated,SAME,plain,completed,True,ok,True,False,0.35,,True,0.00236,stop
pairs:PRbdde5302f996:swapped:fable,pairs,fable,,PRbdde5302f996,,swapped,SAME,plain,completed,True,ok,True,False,0.62,,True,0.00236,stop
pairs:PRf6c212137626:swapped:astra,pairs,astra,,PRf6c212137626,,swapped,SAME,plain,completed,True,ok,True,False,0.5,,True,0.00291,stop
pairs:PR4a19d5c427d1:designated:qwen,pairs,qwen,,PR4a19d5c427d1,,designated,SAME,plain,completed,True,ok,True,False,0.546,,True,1.8538e-05,stop
pairs:PR940a23b36ac8:swapped:qwen,pairs,qwen,,PR940a23b36ac8,,swapped,SAME,plain,completed,True,ok,True,False,0.546,,True,1.8421e-05,stop
pairs:PR795d50fdd829:swapped:fable,pairs,fable,,PR795d50fdd829,,swapped,SAME,plain,completed,True,ok,True,False,0.85,,True,0.00236,stop
pairs:PRdade4e3292bd:swapped:astra,pairs,astra,,PRdade4e3292bd,,swapped,SAME,plain,completed,True,ok,True,False,0.5,,True,0.00317,stop
pairs:PR07ab1bb4a7d8:designated:fable,pairs,fable,,PR07ab1bb4a7d8,,designated,SAME,plain,completed,True,ok,True,False,0.62,,True,0.00236,stop
pairs:PRbdde5302f996:designated:qwen,pairs,qwen,,PRbdde5302f996,,designated,SAME,plain,completed,True,ok,True,False,0.546,,True,1.8421e-05,stop
pairs:PR795d50fdd829:designated:astra,pairs,astra,,PR795d50fdd829,,designated,SAME,plain,completed,True,ok,True,False,0.5,,True,0.00522,stop
pairs:PR6b8362ba585f:designated:fable,pairs,fable,,PR6b8362ba585f,,designated,SAME,plain,completed,True,ok,True,False,0.55,,True,0.00236,stop
pairs:PR03decbcc6867:designated:qwen,pairs,qwen,,PR03decbcc6867,,designated,SAME,plain,completed,True,ok,True,False,0.546,,True,1.8421e-05,stop
pairs:PRbfc410874ea0:designated:fable,pairs,fable,,PRbfc410874ea0,,designated,SAME,plain,completed,True,ok,True,False,0.3,,True,0.00236,stop
pairs:PRec9e6d7d7e28:swapped:astra,pairs,astra,,PRec9e6d7d7e28,,swapped,SAME,plain,completed,True,ok,True,False,0.5,,True,0.00317,stop
pairs:PR62c697058909:designated:fable,pairs,fable,,PR62c697058909,,designated,SAME,plain,completed,True,ok,True,False,0.68,,True,0.00236,stop
pairs:PR1c96f8417c41:swapped:astra,pairs,astra,,PR1c96f8417c41,,swapped,SAME,plain,completed,True,ok,True,False,0.5,,True,0.00291,stop
pairs:PR940a23b36ac8:swapped:fable,pairs,fable,,PR940a23b36ac8,,swapped,SAME,plain,completed,False,multiple_or_no_numbers,False,False,,,True,0.00731,stop
pairs:PR26b3a61c565a:swapped:astra,pairs,astra,,PR26b3a61c565a,,swapped,SAME,plain,completed,True,ok,True,False,0.5,,True,0.0034,stop
pairs:PRdfed1b4ccace:designated:qwen,pairs,qwen,,PRdfed1b4ccace,,designated,SAME,plain,completed,True,ok,True,False,0.546,,True,1.8421e-05,stop
pairs:PRa6ae8ba10db5:swapped:fable,pairs,fable,,PRa6ae8ba10db5,,swapped,SAME,plain,completed,True,ok,True,False,0.65,,True,0.00236,stop
pairs:PR97fb8b15cb43:swapped:qwen,pairs,qwen,,PR97fb8b15cb43,,swapped,SAME,plain,completed,True,ok,True,False,0.546,,True,1.8538e-05,stop
pairs:PR04eee0a21619:designated:qwen,pairs,qwen,,PR04eee0a21619,,designated,SAME,plain,completed,True,ok,True,False,0.54,,True,1.8083e-05,stop
pairs:PR0110147319e9:swapped:astra,pairs,astra,,PR0110147319e9,,swapped,SAME,plain,completed,True,ok,True,False,0.5,,True,0.00276,stop
pairs:PRdade4e3292bd:swapped:qwen,pairs,qwen,,PRdade4e3292bd,,swapped,SAME,plain,completed,True,ok,True,False,0.546,,True,1.8538e-05,stop
pairs:PRb1f22ac4249c:swapped:fable,pairs,fable,,PRb1f22ac4249c,,swapped,SAME,plain,completed,True,ok,True,False,0.72,,True,0.00236,stop
pairs:PR8f06ba340ddf:swapped:astra,pairs,astra,,PR8f06ba340ddf,,swapped,SAME,plain,completed,True,ok,True,False,0.5,,True,0.00287,stop
pairs:PR780e1ccc0ac8:designated:fable,pairs,fable,,PR780e1ccc0ac8,,designated,SAME,plain,completed,True,ok,True,False,0.25,,True,0.00236,stop
pairs:PRd65166ca3eef:designated:astra,pairs,astra,,PRd65166ca3eef,,designated,SAME,plain,completed,True,ok,True,False,0.95,,True,0.01017,stop
pairs:PR74fe71848d91:swapped:astra,pairs,astra,,PR74fe71848d91,,swapped,SAME,plain,completed,True,ok,True,False,0.5,,True,0.00261,stop
pairs:PRb1f22ac4249c:designated:astra,pairs,astra,,PRb1f22ac4249c,,designated,SAME,plain,completed,True,ok,True,False,0.8,,True,0.00566,stop
pairs:PR48d508591d4b:swapped:astra,pairs,astra,,PR48d508591d4b,,swapped,SAME,plain,completed,True,ok,True,False,0.5,,True,0.00332,stop
pairs:PRdade4e3292bd:designated:qwen,pairs,qwen,,PRdade4e3292bd,,designated,SAME,plain,completed,True,ok,True,False,0.546,,True,1.8538e-05,stop
pairs:PR08b00b4b7005:designated:fable,pairs,fable,,PR08b00b4b7005,,designated,SAME,plain,completed,True,ok,True,False,0.85,,True,0.00236,stop
pairs:PRadf729f088f0:swapped:fable,pairs,fable,,PRadf729f088f0,,swapped,SAME,plain,completed,True,ok,True,False,0.85,,True,0.00236,stop
pairs:PR03e84163ff1d:designated:astra,pairs,astra,,PR03e84163ff1d,,designated,SAME,plain,completed,True,ok,True,False,0.5,,True,0.00364,stop
pairs:PR862b9a0fcc59:swapped:qwen,pairs,qwen,,PR862b9a0fcc59,,swapped,SAME,plain,completed,True,ok,True,False,0.546,,True,1.8538e-05,stop
pairs:PR5d9467940577:designated:fable,pairs,fable,,PR5d9467940577,,designated,SAME,plain,completed,True,ok,True,False,0.55,,True,0.00236,stop
pairs:PR20dae739b553:designated:fable,pairs,fable,,PR20dae739b553,,designated,SAME,plain,completed,True,ok,True,False,0.6,,True,0.00236,stop
pairs:PR806034e39f52:swapped:fable,pairs,fable,,PR806034e39f52,,swapped,SAME,plain,completed,True,ok,True,False,0.6,,True,0.00236,stop
pairs:PRe5a98bbd7a7e:designated:qwen,pairs,qwen,,PRe5a98bbd7a7e,,designated,SAME,plain,completed,True,ok,True,False,0.0016,,True,1.8759e-05,stop
pairs:PR02f3106af1ab:swapped:astra,pairs,astra,,PR02f3106af1ab,,swapped,SAME,plain,completed,True,ok,True,False,0.5,,True,0.00351,stop
pairs:PR4a19d5c427d1:swapped:fable,pairs,fable,,PR4a19d5c427d1,,swapped,SAME,plain,completed,True,ok,True,False,0.55,,True,0.00236,stop
pairs:PRecbe0e4f035b:swapped:fable,pairs,fable,,PRecbe0e4f035b,,swapped,SAME,plain,completed,True,ok,True,False,0.6,,True,0.00236,stop
pairs:PR9b22fa569173:designated:fable,pairs,fable,,PR9b22fa569173,,designated,SAME,plain,completed,True,ok,True,False,0.62,,True,0.00236,stop
pairs:PR7cf7e6749146:designated:qwen,pairs,qwen,,PR7cf7e6749146,,designated,SAME,plain,completed,True,ok,True,False,0.546,,True,1.8421e-05,stop
pairs:PR03decbcc6867:swapped:fable,pairs,fable,,PR03decbcc6867,,swapped,SAME,plain,completed,True,ok,True,False,0.6,,True,0.00236,stop
pairs:PRfba485e46ba2:designated:fable,pairs,fable,,PRfba485e46ba2,,designated,SAME,plain,completed,True,ok,True,False,0.85,,True,0.00236,stop
pairs:PR5de8d2081c79:designated:qwen,pairs,qwen,,PR5de8d2081c79,,designated,SAME,plain,completed,True,ok,True,False,0.0016,,True,1.8759e-05,stop
pairs:PRb1f22ac4249c:swapped:qwen,pairs,qwen,,PRb1f22ac4249c,,swapped,SAME,plain,completed,True,ok,True,False,0.546,,True,1.8421e-05,stop
pairs:PR806034e39f52:designated:qwen,pairs,qwen,,PR806034e39f52,,designated,SAME,plain,completed,True,ok,True,False,0.0016,,True,1.8642e-05,stop
pairs:PR606d6429937a:designated:astra,pairs,astra,,PR606d6429937a,,designated,SAME,plain,completed,True,ok,True,False,0.5,,True,0.0039,stop
pairs:PRc4e8d0c3ab32:swapped:astra,pairs,astra,,PRc4e8d0c3ab32,,swapped,SAME,plain,completed,True,ok,True,False,0.5,,True,0.00381,stop
pairs:PR08b00b4b7005:designated:astra,pairs,astra,,PR08b00b4b7005,,designated,SAME,plain,completed,True,ok,True,False,0.99,,True,0.00605,stop
pairs:PRec9e6d7d7e28:designated:qwen,pairs,qwen,,PRec9e6d7d7e28,,designated,SAME,plain,completed,True,ok,True,False,0.54,,True,1.8083e-05,stop
pairs:PR04eee0a21619:designated:fable,pairs,fable,,PR04eee0a21619,,designated,SAME,plain,completed,True,ok,True,False,0.6,,True,0.00236,stop
pairs:PR04eee0a21619:designated:astra,pairs,astra,,PR04eee0a21619,,designated,SAME,plain,completed,True,ok,True,False,0.5,,True,0.00277,stop
pairs:PR57714878477b:designated:qwen,pairs,qwen,,PR57714878477b,,designated,SAME,plain,completed,True,ok,True,False,0.54,,True,1.7966e-05,stop
pairs:PR8f06ba340ddf:designated:astra,pairs,astra,,PR8f06ba340ddf,,designated,SAME,plain,completed,True,ok,True,False,0.5,,True,0.00267,stop
pairs:PR9a20a9141673:designated:fable,pairs,fable,,PR9a20a9141673,,designated,SAME,plain,completed,True,ok,True,False,0.6,,True,0.00236,stop
pairs:PR43d0d58399a7:swapped:astra,pairs,astra,,PR43d0d58399a7,,swapped,SAME,plain,completed,True,ok,True,False,0.5,,True,0.00285,stop
pairs:PR28c2617f763b:designated:fable,pairs,fable,,PR28c2617f763b,,designated,SAME,plain,completed,True,ok,True,False,0.55,,True,0.00236,stop
pairs:PR02f3106af1ab:designated:fable,pairs,fable,,PR02f3106af1ab,,designated,SAME,plain,completed,True,ok,True,False,0.68,,True,0.00236,stop
pairs:PRce50e4c69b64:swapped:qwen,pairs,qwen,,PRce50e4c69b64,,swapped,SAME,plain,completed,True,ok,True,False,0.0016,,True,1.8759e-05,stop
pairs:PR2f90b92f4e63:swapped:astra,pairs,astra,,PR2f90b92f4e63,,swapped,SAME,plain,completed,True,ok,True,False,0.5,,True,0.00702,stop
pairs:PR9f2c5bfa8b92:swapped:qwen,pairs,qwen,,PR9f2c5bfa8b92,,swapped,SAME,plain,completed,True,ok,True,False,0.546,,True,1.8538e-05,stop
pairs:PR2f90b92f4e63:designated:fable,pairs,fable,,PR2f90b92f4e63,,designated,SAME,plain,completed,True,ok,True,False,0.72,,True,0.00236,stop
pairs:PR01acd1baba5c:swapped:fable,pairs,fable,,PR01acd1baba5c,,swapped,SAME,plain,completed,True,ok,True,False,0.6,,True,0.00236,stop
pairs:PR20dae739b553:swapped:qwen,pairs,qwen,,PR20dae739b553,,swapped,SAME,plain,completed,True,ok,True,False,0.546,,True,1.8421e-05,stop
pairs:PR0110147319e9:designated:fable,pairs,fable,,PR0110147319e9,,designated,SAME,plain,completed,True,ok,True,False,0.6,,True,0.00236,stop
pairs:PRe0573ab2bac6:swapped:qwen,pairs,qwen,,PRe0573ab2bac6,,swapped,SAME,plain,completed,True,ok,True,False,0.54,,True,1.7966e-05,stop
pairs:PRdfed1b4ccace:designated:astra,pairs,astra,,PRdfed1b4ccace,,designated,SAME,plain,completed,True,ok,True,False,0.5,,True,0.00291,stop
pairs:PRbdde5302f996:designated:fable,pairs,fable,,PRbdde5302f996,,designated,SAME,plain,completed,True,ok,True,False,0.6,,True,0.00236,stop
pairs:PR04eee0a21619:swapped:astra,pairs,astra,,PR04eee0a21619,,swapped,SAME,plain,completed,True,ok,True,False,0.5,,True,0.00317,stop
pairs:PRb1f22ac4249c:designated:qwen,pairs,qwen,,PRb1f22ac4249c,,designated,SAME,plain,completed,True,ok,True,False,0.56,,True,1.7966e-05,stop
pairs:PR03e84163ff1d:swapped:astra,pairs,astra,,PR03e84163ff1d,,swapped,SAME,plain,completed,True,ok,True,False,0.5,,True,0.00359,stop
pairs:PR940a23b36ac8:designated:astra,pairs,astra,,PR940a23b36ac8,,designated,SAME,plain,completed,True,ok,True,False,0.5,,True,0.00281,stop
pairs:PR5de8d2081c79:swapped:astra,pairs,astra,,PR5de8d2081c79,,swapped,SAME,plain,completed,True,ok,True,False,0.5,,True,0.00325,stop
pairs:PR1c96f8417c41:swapped:fable,pairs,fable,,PR1c96f8417c41,,swapped,SAME,plain,completed,True,ok,True,False,0.6,,True,0.00236,stop
pairs:PR795d50fdd829:designated:fable,pairs,fable,,PR795d50fdd829,,designated,SAME,plain,completed,True,ok,True,False,0.85,,True,0.00236,stop
pairs:PRf6c212137626:swapped:qwen,pairs,qwen,,PRf6c212137626,,swapped,SAME,plain,completed,True,ok,True,False,0.546,,True,1.8421e-05,stop
pairs:PR74fe71848d91:swapped:fable,pairs,fable,,PR74fe71848d91,,swapped,SAME,plain,completed,True,ok,True,False,0.6,,True,0.00236,stop
pairs:PRc4e8d0c3ab32:designated:astra,pairs,astra,,PRc4e8d0c3ab32,,designated,SAME,plain,completed,True,ok,True,False,0.5,,True,0.00276,stop
pairs:PR7696261c2d1d:swapped:astra,pairs,astra,,PR7696261c2d1d,,swapped,SAME,plain,completed,True,ok,True,False,0.5,,True,0.00295,stop
pairs:PR74fe71848d91:designated:qwen,pairs,qwen,,PR74fe71848d91,,designated,SAME,plain,completed,True,ok,True,False,0.546,,True,1.8421e-05,stop
pairs:PR30764c2f7f10:swapped:fable,pairs,fable,,PR30764c2f7f10,,swapped,SAME,plain,completed,True,ok,True,False,0.35,,True,0.00236,stop
pairs:PR70a00c1f6fa5:swapped:astra,pairs,astra,,PR70a00c1f6fa5,,swapped,SAME,plain,completed,True,ok,True,False,0.5,,True,0.00286,stop
pairs:PRe5a98bbd7a7e:swapped:qwen,pairs,qwen,,PRe5a98bbd7a7e,,swapped,SAME,plain,completed,True,ok,True,False,0.0016,,True,1.8759e-05,stop
pairs:PRdade4e3292bd:designated:astra,pairs,astra,,PRdade4e3292bd,,designated,SAME,plain,completed,True,ok,True,False,0.5,,True,0.00252,stop
pairs:PR08c2fc20441d:designated:fable,pairs,fable,,PR08c2fc20441d,,designated,SAME,plain,completed,True,ok,True,False,0.85,,True,0.00236,stop
pairs:PR20dae739b553:swapped:astra,pairs,astra,,PR20dae739b553,,swapped,SAME,plain,completed,True,ok,True,False,0.5,,True,0.00316,stop
pairs:PR26b3a61c565a:swapped:qwen,pairs,qwen,,PR26b3a61c565a,,swapped,SAME,plain,completed,True,ok,True,False,0.0016,,True,1.8759e-05,stop
pairs:PR43d0d58399a7:designated:astra,pairs,astra,,PR43d0d58399a7,,designated,SAME,plain,completed,True,ok,True,False,0.5,,True,0.0034,stop
pairs:PR26b3a61c565a:swapped:fable,pairs,fable,,PR26b3a61c565a,,swapped,SAME,plain,completed,True,ok,True,False,0.3,,True,0.00236,stop
pairs:PR70a00c1f6fa5:swapped:fable,pairs,fable,,PR70a00c1f6fa5,,swapped,SAME,plain,completed,True,ok,True,False,0.6,,True,0.00236,stop
pairs:PRe85e6ef6ef19:designated:qwen,pairs,qwen,,PRe85e6ef6ef19,,designated,SAME,plain,completed,True,ok,True,False,0.546,,True,1.8421e-05,stop
pairs:PRca9e285b70e7:designated:fable,pairs,fable,,PRca9e285b70e7,,designated,SAME,plain,completed,True,ok,True,False,0.45,,True,0.00236,stop
pairs:PRe83c39e65024:swapped:qwen,pairs,qwen,,PRe83c39e65024,,swapped,SAME,plain,completed,True,ok,True,False,0.546,,True,1.8421e-05,stop
pairs:PRbfc410874ea0:designated:astra,pairs,astra,,PRbfc410874ea0,,designated,SAME,plain,completed,True,ok,True,False,0.5,,True,0.0034,stop
pairs:PR72c336d564d4:designated:fable,pairs,fable,,PR72c336d564d4,,designated,SAME,plain,completed,True,ok,True,False,0.6,,True,0.00236,stop
pairs:PRa6ae8ba10db5:swapped:qwen,pairs,qwen,,PRa6ae8ba10db5,,swapped,SAME,plain,completed,True,ok,True,False,0.5,,True,1.716e-05,stop
pairs:PR1e51da4715f7:designated:astra,pairs,astra,,PR1e51da4715f7,,designated,SAME,plain,completed,True,ok,True,False,0.5,,True,0.00306,stop
pairs:PR5de8d2081c79:designated:fable,pairs,fable,,PR5de8d2081c79,,designated,SAME,plain,completed,True,ok,True,False,0.25,,True,0.00236,stop
pairs:PR862b9a0fcc59:swapped:astra,pairs,astra,,PR862b9a0fcc59,,swapped,SAME,plain,completed,True,ok,True,False,0.5,,True,0.00382,stop
pairs:PR1e51da4715f7:designated:qwen,pairs,qwen,,PR1e51da4715f7,,designated,SAME,plain,completed,True,ok,True,False,0.54,,True,1.7966e-05,stop
pairs:PRe85e6ef6ef19:swapped:fable,pairs,fable,,PRe85e6ef6ef19,,swapped,SAME,plain,completed,True,ok,True,False,0.72,,True,0.00236,stop
pairs:PRbfc410874ea0:swapped:astra,pairs,astra,,PRbfc410874ea0,,swapped,SAME,plain,completed,True,ok,True,False,0.5,,True,0.0028,stop
pairs:PRe1edec1c89cb:designated:astra,pairs,astra,,PRe1edec1c89cb,,designated,SAME,plain,completed,True,ok,True,False,0.5,,True,0.00281,stop
pairs:PR940a23b36ac8:designated:fable,pairs,fable,,PR940a23b36ac8,,designated,SAME,plain,completed,True,ok,True,False,0.6,,True,0.00236,stop
pairs:PR08c2fc20441d:designated:astra,pairs,astra,,PR08c2fc20441d,,designated,SAME,plain,completed,True,ok,True,False,0.5,,True,0.00502,stop
pairs:PR03e84163ff1d:swapped:qwen,pairs,qwen,,PR03e84163ff1d,,swapped,SAME,plain,completed,True,ok,True,False,0.0016,,True,1.8642e-05,stop
pairs:PR9a20a9141673:swapped:fable,pairs,fable,,PR9a20a9141673,,swapped,SAME,plain,completed,True,ok,True,False,0.6,,True,0.00236,stop
pairs:PRe83c39e65024:designated:astra,pairs,astra,,PRe83c39e65024,,designated,SAME,plain,completed,True,ok,True,False,0.5,,True,0.00331,stop
pairs:PRb1b350e0d63c:designated:qwen,pairs,qwen,,PRb1b350e0d63c,,designated,SAME,plain,completed,True,ok,True,False,0.546,,True,1.8538e-05,stop
pairs:PR04eee0a21619:swapped:qwen,pairs,qwen,,PR04eee0a21619,,swapped,SAME,plain,completed,True,ok,True,False,0.546,,True,1.8538e-05,stop
pairs:PR1c96f8417c41:designated:qwen,pairs,qwen,,PR1c96f8417c41,,designated,SAME,plain,completed,True,ok,True,False,0.546,,True,1.8421e-05,stop
pairs:PRaa041d48e153:designated:qwen,pairs,qwen,,PRaa041d48e153,,designated,SAME,plain,completed,True,ok,True,False,0.546,,True,1.8304e-05,stop
pairs:PR5de8d2081c79:designated:astra,pairs,astra,,PR5de8d2081c79,,designated,SAME,plain,completed,True,ok,True,False,0.5,,True,0.00325,stop
pairs:PR806034e39f52:swapped:astra,pairs,astra,,PR806034e39f52,,swapped,SAME,plain,completed,True,ok,True,False,0.5,,True,0.00394,stop
pairs:PRe1edec1c89cb:designated:qwen,pairs,qwen,,PRe1edec1c89cb,,designated,SAME,plain,completed,True,ok,True,False,0.546,,True,1.8421e-05,stop
pairs:PRe1edec1c89cb:swapped:astra,pairs,astra,,PRe1edec1c89cb,,swapped,SAME,plain,completed,True,ok,True,False,0.5,,True,0.00291,stop
pairs:PR4662d0af4fd6:designated:fable,pairs,fable,,PR4662d0af4fd6,,designated,SAME,plain,completed,True,ok,True,False,0.72,,True,0.00236,stop
pairs:PR43d0d58399a7:designated:fable,pairs,fable,,PR43d0d58399a7,,designated,SAME,plain,completed,True,ok,True,False,0.3,,True,0.00236,stop
pairs:PRd65166ca3eef:swapped:fable,pairs,fable,,PRd65166ca3eef,,swapped,SAME,plain,completed,False,multiple_or_no_numbers,False,False,,,True,0.00606,stop
pairs:PR97fb8b15cb43:designated:fable,pairs,fable,,PR97fb8b15cb43,,designated,SAME,plain,completed,True,ok,True,False,0.85,,True,0.00236,stop
pairs:PR7cf7e6749146:designated:astra,pairs,astra,,PR7cf7e6749146,,designated,SAME,plain,completed,True,ok,True,False,0.5,,True,0.00306,stop
pairs:PR28c2617f763b:swapped:astra,pairs,astra,,PR28c2617f763b,,swapped,SAME,plain,completed,True,ok,True,False,0.5,,True,0.00262,stop
pairs:PRa6ae8ba10db5:swapped:astra,pairs,astra,,PRa6ae8ba10db5,,swapped,SAME,plain,completed,True,ok,True,False,0.5,,True,0.00628,stop
pairs:PR2f90b92f4e63:designated:qwen,pairs,qwen,,PR2f90b92f4e63,,designated,SAME,plain,completed,True,ok,True,False,0.546,,True,1.8538e-05,stop
pairs:PR155025653e76:swapped:qwen,pairs,qwen,,PR155025653e76,,swapped,SAME,plain,completed,True,ok,True,False,0.56,,True,1.7849e-05,stop
pairs:PRbfe5b45397d6:designated:fable,pairs,fable,,PRbfe5b45397d6,,designated,SAME,plain,completed,True,ok,True,False,0.6,,True,0.00236,stop
pairs:PRdade4e3292bd:designated:fable,pairs,fable,,PRdade4e3292bd,,designated,SAME,plain,completed,True,ok,True,False,0.6,,True,0.00236,stop
pairs:PR30764c2f7f10:designated:fable,pairs,fable,,PR30764c2f7f10,,designated,SAME,plain,completed,True,ok,True,False,0.45,,True,0.00236,stop
pairs:PR6b8362ba585f:swapped:astra,pairs,astra,,PR6b8362ba585f,,swapped,SAME,plain,completed,True,ok,True,False,0.5,,True,0.00311,stop
pairs:PRd65166ca3eef:designated:fable,pairs,fable,,PRd65166ca3eef,,designated,SAME,plain,completed,False,multiple_or_no_numbers,False,False,,,True,0.00451,stop
pairs:PRadf729f088f0:designated:astra,pairs,astra,,PRadf729f088f0,,designated,SAME,plain,completed,True,ok,True,False,0.5,,True,0.00357,stop
pairs:PRfba485e46ba2:swapped:qwen,pairs,qwen,,PRfba485e46ba2,,swapped,SAME,plain,completed,True,ok,True,False,0.546,,True,1.8538e-05,stop
pairs:PR48d508591d4b:designated:qwen,pairs,qwen,,PR48d508591d4b,,designated,SAME,plain,completed,True,ok,True,False,0.546,,True,1.8538e-05,stop
pairs:PRd65166ca3eef:swapped:astra,pairs,astra,,PRd65166ca3eef,,swapped,SAME,plain,completed,True,ok,True,False,0.95,,True,0.00797,stop
pairs:PRdfed1b4ccace:designated:fable,pairs,fable,,PRdfed1b4ccace,,designated,SAME,plain,completed,True,ok,True,False,0.55,,True,0.00236,stop
pairs:PR5d9467940577:swapped:qwen,pairs,qwen,,PR5d9467940577,,swapped,SAME,plain,completed,True,ok,True,False,0.54,,True,1.8083e-05,stop
pairs:PR4662d0af4fd6:swapped:astra,pairs,astra,,PR4662d0af4fd6,,swapped,SAME,plain,completed,True,ok,True,False,0.5,,True,0.0037,stop
pairs:PRaa041d48e153:swapped:qwen,pairs,qwen,,PRaa041d48e153,,swapped,SAME,plain,completed,True,ok,True,False,0.546,,True,1.8304e-05,stop
pairs:PR74fe71848d91:designated:astra,pairs,astra,,PR74fe71848d91,,designated,SAME,plain,completed,True,ok,True,False,0.5,,True,0.00251,stop
pairs:PR03e84163ff1d:designated:fable,pairs,fable,,PR03e84163ff1d,,designated,SAME,plain,completed,True,ok,True,False,0.25,,True,0.00236,stop
pairs:PRb1b350e0d63c:swapped:astra,pairs,astra,,PRb1b350e0d63c,,swapped,SAME,plain,completed,True,ok,True,False,0.5,,True,0.00312,stop
pairs:PR4662d0af4fd6:swapped:fable,pairs,fable,,PR4662d0af4fd6,,swapped,SAME,plain,completed,True,ok,True,False,0.72,,True,0.00236,stop
pairs:PRca9e285b70e7:designated:astra,pairs,astra,,PRca9e285b70e7,,designated,SAME,plain,completed,True,ok,True,False,0.5,,True,0.00286,stop
pairs:PRa6ae8ba10db5:designated:fable,pairs,fable,,PRa6ae8ba10db5,,designated,SAME,plain,completed,True,ok,True,False,0.6,,True,0.00236,stop
pairs:PR07ab1bb4a7d8:designated:astra,pairs,astra,,PR07ab1bb4a7d8,,designated,SAME,plain,completed,True,ok,True,False,0.5,,True,0.00291,stop
pairs:PRa0e4cda71d58:designated:qwen,pairs,qwen,,PRa0e4cda71d58,,designated,SAME,plain,completed,True,ok,True,False,0.546,,True,1.8421e-05,stop
pairs:PR20dae739b553:designated:qwen,pairs,qwen,,PR20dae739b553,,designated,SAME,plain,completed,True,ok,True,False,0.546,,True,1.8421e-05,stop
pairs:PRb1f22ac4249c:designated:fable,pairs,fable,,PRb1f22ac4249c,,designated,SAME,plain,completed,True,ok,True,False,0.68,,True,0.00236,stop
pairs:PR48d508591d4b:swapped:qwen,pairs,qwen,,PR48d508591d4b,,swapped,SAME,plain,completed,True,ok,True,False,0.546,,True,1.8538e-05,stop
pairs:PR9a20a9141673:designated:astra,pairs,astra,,PR9a20a9141673,,designated,SAME,plain,completed,True,ok,True,False,0.5,,True,0.00287,stop
pairs:PR26b3a61c565a:designated:fable,pairs,fable,,PR26b3a61c565a,,designated,SAME,plain,completed,True,ok,True,False,0.2,,True,0.00236,stop
pairs:PR9a20a9141673:swapped:astra,pairs,astra,,PR9a20a9141673,,swapped,SAME,plain,completed,True,ok,True,False,0.5,,True,0.00262,stop
pairs:PR3e59a7af3c29:designated:qwen,pairs,qwen,,PR3e59a7af3c29,,designated,SAME,plain,completed,True,ok,True,False,0.54,,True,1.8083e-05,stop
pairs:PRaa041d48e153:swapped:fable,pairs,fable,,PRaa041d48e153,,swapped,SAME,plain,completed,True,ok,True,False,0.72,,True,0.00236,stop
pairs:PRec9e6d7d7e28:swapped:qwen,pairs,qwen,,PRec9e6d7d7e28,,swapped,SAME,plain,completed,True,ok,True,False,0.546,,True,1.8538e-05,stop
pairs:PR806034e39f52:swapped:qwen,pairs,qwen,,PR806034e39f52,,swapped,SAME,plain,completed,True,ok,True,False,0.56,,True,1.7732e-05,stop
pairs:PR5d9467940577:designated:astra,pairs,astra,,PR5d9467940577,,designated,SAME,plain,completed,True,ok,True,False,0.5,,True,0.00327,stop
pairs:PRe85e6ef6ef19:swapped:astra,pairs,astra,,PRe85e6ef6ef19,,swapped,SAME,plain,completed,True,ok,True,False,0.85,,True,0.00856,stop
pairs:PR780e1ccc0ac8:swapped:astra,pairs,astra,,PR780e1ccc0ac8,,swapped,SAME,plain,completed,True,ok,True,False,0.5,,True,0.00444,stop
pairs:PRecbe0e4f035b:swapped:qwen,pairs,qwen,,PRecbe0e4f035b,,swapped,SAME,plain,completed,True,ok,True,False,0.54,,True,1.7966e-05,stop
pairs:PR606d6429937a:designated:fable,pairs,fable,,PR606d6429937a,,designated,SAME,plain,completed,True,ok,True,False,0.3,,True,0.00236,stop
pairs:PR1e51da4715f7:swapped:fable,pairs,fable,,PR1e51da4715f7,,swapped,SAME,plain,completed,True,ok,True,False,0.6,,True,0.00236,stop
pairs:PRdade4e3292bd:swapped:fable,pairs,fable,,PRdade4e3292bd,,swapped,SAME,plain,completed,True,ok,True,False,0.62,,True,0.00236,stop
pairs:PR07ab1bb4a7d8:swapped:qwen,pairs,qwen,,PR07ab1bb4a7d8,,swapped,SAME,plain,completed,True,ok,True,False,0.546,,True,1.8421e-05,stop
pairs:PR795d50fdd829:swapped:qwen,pairs,qwen,,PR795d50fdd829,,swapped,SAME,plain,completed,True,ok,True,False,0.5,,True,1.7628e-05,stop
pairs:PR72c336d564d4:swapped:astra,pairs,astra,,PR72c336d564d4,,swapped,SAME,plain,completed,True,ok,True,False,0.5,,True,0.00261,stop
pairs:PRb1b350e0d63c:designated:fable,pairs,fable,,PRb1b350e0d63c,,designated,SAME,plain,completed,False,multiple_or_no_numbers,False,False,,,True,0.00536,stop
pairs:PRecbe0e4f035b:swapped:astra,pairs,astra,,PRecbe0e4f035b,,swapped,SAME,plain,completed,True,ok,True,False,0.5,,True,0.00306,stop
pairs:PR5d9467940577:swapped:fable,pairs,fable,,PR5d9467940577,,swapped,SAME,plain,completed,True,ok,True,False,0.6,,True,0.00236,stop
pairs:PR5de8d2081c79:swapped:fable,pairs,fable,,PR5de8d2081c79,,swapped,SAME,plain,completed,True,ok,True,False,0.3,,True,0.00236,stop
pairs:PR01acd1baba5c:designated:astra,pairs,astra,,PR01acd1baba5c,,designated,SAME,plain,completed,True,ok,True,False,0.5,,True,0.00293,stop
pairs:PRce50e4c69b64:designated:qwen,pairs,qwen,,PRce50e4c69b64,,designated,SAME,plain,completed,True,ok,True,False,0.0016,,True,1.8759e-05,stop
pairs:PRe0573ab2bac6:designated:fable,pairs,fable,,PRe0573ab2bac6,,designated,SAME,plain,completed,True,ok,True,False,0.6,,True,0.00236,stop
pairs:PR01acd1baba5c:designated:qwen,pairs,qwen,,PR01acd1baba5c,,designated,SAME,plain,completed,True,ok,True,False,0.5,,True,1.716e-05,stop
pairs:PR02f3106af1ab:designated:qwen,pairs,qwen,,PR02f3106af1ab,,designated,SAME,plain,completed,True,ok,True,False,0.546,,True,1.8421e-05,stop
pairs:PRb1b350e0d63c:swapped:qwen,pairs,qwen,,PRb1b350e0d63c,,swapped,SAME,plain,completed,True,ok,True,False,0.54,,True,1.8083e-05,stop
pairs:PRe85e6ef6ef19:swapped:qwen,pairs,qwen,,PRe85e6ef6ef19,,swapped,SAME,plain,completed,True,ok,True,False,0.546,,True,1.8421e-05,stop
pairs:PRbfc410874ea0:designated:qwen,pairs,qwen,,PRbfc410874ea0,,designated,SAME,plain,completed,True,ok,True,False,0.0015,,True,1.8759e-05,stop
pairs:PRbfe5b45397d6:designated:astra,pairs,astra,,PRbfe5b45397d6,,designated,SAME,plain,completed,True,ok,True,False,0.5,,True,0.00272,stop
pairs:PR01acd1baba5c:swapped:astra,pairs,astra,,PR01acd1baba5c,,swapped,SAME,plain,completed,True,ok,True,False,0.5,,True,0.00623,stop
pairs:PR0110147319e9:designated:astra,pairs,astra,,PR0110147319e9,,designated,SAME,plain,completed,True,ok,True,False,0.5,,True,0.00276,stop
pairs:PR03decbcc6867:designated:fable,pairs,fable,,PR03decbcc6867,,designated,SAME,plain,completed,True,ok,True,False,0.62,,True,0.00236,stop
pairs:PRec9e6d7d7e28:designated:fable,pairs,fable,,PRec9e6d7d7e28,,designated,SAME,plain,completed,True,ok,True,False,0.6,,True,0.00236,stop
pairs:PRce50e4c69b64:designated:astra,pairs,astra,,PRce50e4c69b64,,designated,SAME,plain,completed,True,ok,True,False,0.5,,True,0.00435,stop
pairs:PR780e1ccc0ac8:swapped:qwen,pairs,qwen,,PR780e1ccc0ac8,,swapped,SAME,plain,completed,True,ok,True,False,0.0016,,True,1.8642e-05,stop
pairs:PR3e59a7af3c29:swapped:fable,pairs,fable,,PR3e59a7af3c29,,swapped,SAME,plain,completed,True,ok,True,False,0.6,,True,0.00236,stop
pairs:PR806034e39f52:designated:fable,pairs,fable,,PR806034e39f52,,designated,SAME,plain,completed,True,ok,True,False,0.6,,True,0.00236,stop
pairs:PR74fe71848d91:designated:fable,pairs,fable,,PR74fe71848d91,,designated,SAME,plain,completed,True,ok,True,False,0.55,,True,0.00236,stop
pairs:PR62c697058909:swapped:astra,pairs,astra,,PR62c697058909,,swapped,SAME,plain,completed,True,ok,True,False,0.5,,True,0.00511,stop
pairs:PR72c336d564d4:swapped:qwen,pairs,qwen,,PR72c336d564d4,,swapped,SAME,plain,completed,True,ok,True,False,0.546,,True,1.8421e-05,stop
pairs:PR780e1ccc0ac8:designated:astra,pairs,astra,,PR780e1ccc0ac8,,designated,SAME,plain,completed,True,ok,True,False,0.5,,True,0.00334,stop
pairs:PR08b00b4b7005:swapped:qwen,pairs,qwen,,PR08b00b4b7005,,swapped,SAME,plain,completed,True,ok,True,False,0.5,,True,1.7394e-05,stop
pairs:PR48d508591d4b:designated:astra,pairs,astra,,PR48d508591d4b,,designated,SAME,plain,completed,True,ok,True,False,0.5,,True,0.00262,stop
pairs:PR862b9a0fcc59:designated:astra,pairs,astra,,PR862b9a0fcc59,,designated,SAME,plain,completed,True,ok,True,False,0.5,,True,0.00307,stop
pairs:PRecbe0e4f035b:designated:qwen,pairs,qwen,,PRecbe0e4f035b,,designated,SAME,plain,completed,True,ok,True,False,0.546,,True,1.8421e-05,stop
pairs:PR7696261c2d1d:swapped:fable,pairs,fable,,PR7696261c2d1d,,swapped,SAME,plain,completed,True,ok,True,False,0.35,,True,0.00236,stop
pairs:PR9b22fa569173:swapped:qwen,pairs,qwen,,PR9b22fa569173,,swapped,SAME,plain,completed,True,ok,True,False,0.546,,True,1.8538e-05,stop
pairs:PR3e59a7af3c29:designated:fable,pairs,fable,,PR3e59a7af3c29,,designated,SAME,plain,completed,True,ok,True,False,0.5,,True,0.00236,stop
pairs:PRd65166ca3eef:designated:qwen,pairs,qwen,,PRd65166ca3eef,,designated,SAME,plain,completed,True,ok,True,False,0.54,,True,1.8083e-05,stop
pairs:PRe1edec1c89cb:swapped:qwen,pairs,qwen,,PRe1edec1c89cb,,swapped,SAME,plain,completed,True,ok,True,False,0.546,,True,1.8421e-05,stop
pairs:PRe5a98bbd7a7e:designated:astra,pairs,astra,,PRe5a98bbd7a7e,,designated,SAME,plain,completed,True,ok,True,False,0.5,,True,0.00295,stop
pairs:PR9f2c5bfa8b92:designated:qwen,pairs,qwen,,PR9f2c5bfa8b92,,designated,SAME,plain,completed,True,ok,True,False,0.546,,True,1.8538e-05,stop
pairs:PR6b8362ba585f:designated:qwen,pairs,qwen,,PR6b8362ba585f,,designated,SAME,plain,completed,True,ok,True,False,0.546,,True,1.8421e-05,stop
pairs:PR30764c2f7f10:swapped:qwen,pairs,qwen,,PR30764c2f7f10,,swapped,SAME,plain,completed,True,ok,True,False,0.0016,,True,1.8759e-05,stop
pairs:PRecbe0e4f035b:designated:fable,pairs,fable,,PRecbe0e4f035b,,designated,SAME,plain,completed,True,ok,True,False,0.6,,True,0.00236,stop
pairs:PRdfed1b4ccace:swapped:qwen,pairs,qwen,,PRdfed1b4ccace,,swapped,SAME,plain,completed,True,ok,True,False,0.546,,True,1.8421e-05,stop
pairs:PR62c697058909:swapped:fable,pairs,fable,,PR62c697058909,,swapped,SAME,plain,completed,True,ok,True,False,0.78,,True,0.00236,stop
pairs:PR72c336d564d4:designated:astra,pairs,astra,,PR72c336d564d4,,designated,SAME,plain,completed,True,ok,True,False,0.5,,True,0.00266,stop
pairs:PR26bbeb78cc8e:designated:astra,pairs,astra,,PR26bbeb78cc8e,,designated,SAME,plain,completed,True,ok,True,False,0.5,,True,0.00282,stop
pairs:PR02f3106af1ab:swapped:qwen,pairs,qwen,,PR02f3106af1ab,,swapped,SAME,plain,completed,True,ok,True,False,0.546,,True,1.8421e-05,stop
pairs:PR7cf7e6749146:swapped:fable,pairs,fable,,PR7cf7e6749146,,swapped,SAME,plain,completed,True,ok,True,False,0.45,,True,0.00236,stop
pairs:PR72c336d564d4:designated:qwen,pairs,qwen,,PR72c336d564d4,,designated,SAME,plain,completed,True,ok,True,False,0.546,,True,1.8421e-05,stop
pairs:PRe83c39e65024:designated:qwen,pairs,qwen,,PRe83c39e65024,,designated,SAME,plain,completed,True,ok,True,False,0.546,,True,1.8421e-05,stop
pairs:PR0110147319e9:swapped:fable,pairs,fable,,PR0110147319e9,,swapped,SAME,plain,completed,True,ok,True,False,0.6,,True,0.00236,stop
pairs:PR74fe71848d91:swapped:qwen,pairs,qwen,,PR74fe71848d91,,swapped,SAME,plain,completed,True,ok,True,False,0.546,,True,1.8421e-05,stop
pairs:PRe0573ab2bac6:swapped:fable,pairs,fable,,PRe0573ab2bac6,,swapped,SAME,plain,completed,True,ok,True,False,0.55,,True,0.00236,stop
pairs:PR8f06ba340ddf:swapped:qwen,pairs,qwen,,PR8f06ba340ddf,,swapped,SAME,plain,completed,True,ok,True,False,0.54,,True,1.8083e-05,stop
pairs:PR9f2c5bfa8b92:swapped:astra,pairs,astra,,PR9f2c5bfa8b92,,swapped,SAME,plain,completed,True,ok,True,False,0.5,,True,0.00247,stop
pairs:PR26bbeb78cc8e:designated:fable,pairs,fable,,PR26bbeb78cc8e,,designated,SAME,plain,completed,True,ok,True,False,0.6,,True,0.00236,stop
pairs:PR4a19d5c427d1:swapped:qwen,pairs,qwen,,PR4a19d5c427d1,,swapped,SAME,plain,completed,True,ok,True,False,0.546,,True,1.8538e-05,stop
pairs:PRe83c39e65024:swapped:fable,pairs,fable,,PRe83c39e65024,,swapped,SAME,plain,completed,True,ok,True,False,0.5,,True,0.00236,stop
pairs:PR62c697058909:designated:astra,pairs,astra,,PR62c697058909,,designated,SAME,plain,completed,True,ok,True,False,0.5,,True,0.00461,stop
pairs:PRfba485e46ba2:swapped:fable,pairs,fable,,PRfba485e46ba2,,swapped,SAME,plain,completed,True,ok,True,False,0.85,,True,0.00236,stop
pairs:PR57714878477b:swapped:qwen,pairs,qwen,,PR57714878477b,,swapped,SAME,plain,completed,True,ok,True,False,0.546,,True,1.8421e-05,stop
pairs:PRe83c39e65024:designated:fable,pairs,fable,,PRe83c39e65024,,designated,SAME,plain,completed,True,ok,True,False,0.62,,True,0.00236,stop
pairs:PRf6c212137626:designated:fable,pairs,fable,,PRf6c212137626,,designated,SAME,plain,completed,True,ok,True,False,0.65,,True,0.00236,stop
pairs:PR43d0d58399a7:designated:qwen,pairs,qwen,,PR43d0d58399a7,,designated,SAME,plain,completed,True,ok,True,False,0.0016,,True,1.8759e-05,stop
pairs:PR606d6429937a:swapped:qwen,pairs,qwen,,PR606d6429937a,,swapped,SAME,plain,completed,True,ok,True,False,0.0016,,True,1.8759e-05,stop
pairs:PR28c2617f763b:designated:astra,pairs,astra,,PR28c2617f763b,,designated,SAME,plain,completed,True,ok,True,False,0.5,,True,0.00332,stop
pairs:PR15dc436c9628:swapped:fable,pairs,fable,,PR15dc436c9628,,swapped,SAME,plain,completed,True,ok,True,False,0.6,,True,0.00236,stop
pairs:PR1e51da4715f7:designated:fable,pairs,fable,,PR1e51da4715f7,,designated,SAME,plain,completed,True,ok,True,False,0.6,,True,0.00236,stop
pairs:PRf6c212137626:designated:astra,pairs,astra,,PRf6c212137626,,designated,SAME,plain,completed,True,ok,True,False,0.5,,True,0.00341,stop
pairs:PRc4e8d0c3ab32:designated:fable,pairs,fable,,PRc4e8d0c3ab32,,designated,SAME,plain,completed,True,ok,True,False,0.45,,True,0.00236,stop
pairs:PR90b841f0e65a:swapped:fable,pairs,fable,,PR90b841f0e65a,,swapped,SAME,plain,completed,True,ok,True,False,0.3,,True,0.00236,stop
pairs:PRadf729f088f0:designated:fable,pairs,fable,,PRadf729f088f0,,designated,SAME,plain,completed,False,multiple_or_no_numbers,False,False,,,True,0.00571,stop
pairs:PRec9e6d7d7e28:designated:astra,pairs,astra,,PRec9e6d7d7e28,,designated,SAME,plain,completed,True,ok,True,False,0.5,,True,0.00317,stop
pairs:PR5d9467940577:designated:qwen,pairs,qwen,,PR5d9467940577,,designated,SAME,plain,completed,True,ok,True,False,0.54,,True,1.8083e-05,stop
pairs:PR3e59a7af3c29:swapped:qwen,pairs,qwen,,PR3e59a7af3c29,,swapped,SAME,plain,completed,True,ok,True,False,0.54,,True,1.8083e-05,stop
pairs:PRbfc410874ea0:swapped:fable,pairs,fable,,PRbfc410874ea0,,swapped,SAME,plain,completed,True,ok,True,False,0.35,,True,0.00236,stop
pairs:PR4a19d5c427d1:designated:fable,pairs,fable,,PR4a19d5c427d1,,designated,SAME,plain,completed,False,multiple_or_no_numbers,False,False,,,True,0.00746,stop
pairs:PR01acd1baba5c:swapped:qwen,pairs,qwen,,PR01acd1baba5c,,swapped,SAME,plain,completed,True,ok,True,False,0.5,,True,1.716e-05,stop
pairs:PR9b22fa569173:designated:astra,pairs,astra,,PR9b22fa569173,,designated,SAME,plain,completed,True,ok,True,False,0.5,,True,0.00307,stop
pairs:PR15dc436c9628:swapped:qwen,pairs,qwen,,PR15dc436c9628,,swapped,SAME,plain,completed,True,ok,True,False,0.546,,True,1.8538e-05,stop
pairs:PR07ab1bb4a7d8:swapped:fable,pairs,fable,,PR07ab1bb4a7d8,,swapped,SAME,plain,completed,True,ok,True,False,0.6,,True,0.00236,stop
pairs:PRf781d7731fd2:designated:astra,pairs,astra,,PRf781d7731fd2,,designated,SAME,plain,completed,True,ok,True,False,0.5,,True,0.00262,stop
pairs:PR72c336d564d4:swapped:fable,pairs,fable,,PR72c336d564d4,,swapped,SAME,plain,completed,True,ok,True,False,0.6,,True,0.00236,stop
pairs:PR03decbcc6867:swapped:astra,pairs,astra,,PR03decbcc6867,,swapped,SAME,plain,completed,True,ok,True,False,0.5,,True,0.00311,stop
pairs:PR3e59a7af3c29:swapped:astra,pairs,astra,,PR3e59a7af3c29,,swapped,SAME,plain,completed,True,ok,True,False,0.5,,True,0.00342,stop
pairs:PR4662d0af4fd6:swapped:qwen,pairs,qwen,,PR4662d0af4fd6,,swapped,SAME,plain,completed,True,ok,True,False,0.546,,True,1.8304e-05,stop
pairs:PR9f2c5bfa8b92:swapped:fable,pairs,fable,,PR9f2c5bfa8b92,,swapped,SAME,plain,completed,True,ok,True,False,0.6,,True,0.00236,stop
pairs:PR9b22fa569173:swapped:fable,pairs,fable,,PR9b22fa569173,,swapped,SAME,plain,completed,True,ok,True,False,0.55,,True,0.00236,stop
pairs:PR4a19d5c427d1:designated:astra,pairs,astra,,PR4a19d5c427d1,,designated,SAME,plain,completed,True,ok,True,False,0.5,,True,0.00332,stop
pairs:PR03e84163ff1d:designated:qwen,pairs,qwen,,PR03e84163ff1d,,designated,SAME,plain,completed,True,ok,True,False,0.0016,,True,1.8642e-05,stop
pairs:PR606d6429937a:designated:qwen,pairs,qwen,,PR606d6429937a,,designated,SAME,plain,completed,True,ok,True,False,0.54,,True,1.7849e-05,stop
pairs:PRf781d7731fd2:swapped:astra,pairs,astra,,PRf781d7731fd2,,swapped,SAME,plain,completed,True,ok,True,False,0.5,,True,0.00257,stop
pairs:PR0110147319e9:designated:qwen,pairs,qwen,,PR0110147319e9,,designated,SAME,plain,completed,True,ok,True,False,0.54,,True,1.7966e-05,stop
pairs:PR9b22fa569173:swapped:astra,pairs,astra,,PR9b22fa569173,,swapped,SAME,plain,completed,True,ok,True,False,0.5,,True,0.00252,stop
pairs:PRb1f22ac4249c:swapped:astra,pairs,astra,,PRb1f22ac4249c,,swapped,SAME,plain,completed,True,ok,True,False,0.5,,True,0.00546,stop
pairs:PRbfe5b45397d6:swapped:astra,pairs,astra,,PRbfe5b45397d6,,swapped,SAME,plain,completed,True,ok,True,False,0.5,,True,0.00252,stop
pairs:PR7696261c2d1d:designated:qwen,pairs,qwen,,PR7696261c2d1d,,designated,SAME,plain,completed,True,ok,True,False,0.0016,,True,1.8759e-05,stop
pairs:PR4662d0af4fd6:designated:qwen,pairs,qwen,,PR4662d0af4fd6,,designated,SAME,plain,completed,True,ok,True,False,0.546,,True,1.8304e-05,stop
pairs:PRe85e6ef6ef19:designated:astra,pairs,astra,,PRe85e6ef6ef19,,designated,SAME,plain,completed,True,ok,True,False,0.5,,True,0.00356,stop
pairs:PR6b8362ba585f:swapped:fable,pairs,fable,,PR6b8362ba585f,,swapped,SAME,plain,completed,True,ok,True,False,0.55,,True,0.00236,stop
pairs:PR862b9a0fcc59:designated:qwen,pairs,qwen,,PR862b9a0fcc59,,designated,SAME,plain,completed,True,ok,True,False,0.546,,True,1.8538e-05,stop
pairs:PRce50e4c69b64:swapped:fable,pairs,fable,,PRce50e4c69b64,,swapped,SAME,plain,completed,True,ok,True,False,0.25,,True,0.00236,stop
pairs:PRecbe0e4f035b:designated:astra,pairs,astra,,PRecbe0e4f035b,,designated,SAME,plain,completed,True,ok,True,False,0.5,,True,0.00276,stop
pairs:PRf6c212137626:designated:qwen,pairs,qwen,,PRf6c212137626,,designated,SAME,plain,completed,True,ok,True,False,0.54,,True,1.7966e-05,stop
pairs:PR1c96f8417c41:designated:astra,pairs,astra,,PR1c96f8417c41,,designated,SAME,plain,completed,True,ok,True,False,0.5,,True,0.00286,stop
pairs:PR4a19d5c427d1:swapped:astra,pairs,astra,,PR4a19d5c427d1,,swapped,SAME,plain,completed,True,ok,True,False,0.5,,True,0.00292,stop
pairs:PR2f90b92f4e63:swapped:qwen,pairs,qwen,,PR2f90b92f4e63,,swapped,SAME,plain,completed,True,ok,True,False,0.546,,True,1.8538e-05,stop
pairs:PR30764c2f7f10:designated:qwen,pairs,qwen,,PR30764c2f7f10,,designated,SAME,plain,completed,True,ok,True,False,0.0016,,True,1.8759e-05,stop
pairs:PRca9e285b70e7:swapped:astra,pairs,astra,,PRca9e285b70e7,,swapped,SAME,plain,completed,True,ok,True,False,0.5,,True,0.00296,stop
pairs:PR862b9a0fcc59:designated:fable,pairs,fable,,PR862b9a0fcc59,,designated,SAME,plain,completed,True,ok,True,False,0.68,,True,0.00236,stop
pairs:PR30764c2f7f10:designated:astra,pairs,astra,,PR30764c2f7f10,,designated,SAME,plain,completed,True,ok,True,False,0.5,,True,0.00295,stop
pairs:PR940a23b36ac8:swapped:astra,pairs,astra,,PR940a23b36ac8,,swapped,SAME,plain,completed,True,ok,True,False,0.5,,True,0.00271,stop
pairs:PRfba485e46ba2:designated:astra,pairs,astra,,PRfba485e46ba2,,designated,SAME,plain,completed,True,ok,True,False,0.5,,True,0.00492,stop
pairs:PR3699c0857ccb:swapped:fable,pairs,fable,,PR3699c0857ccb,,swapped,SAME,plain,completed,True,ok,True,False,0.9,,True,0.00236,stop
pairs:PRc4e8d0c3ab32:swapped:fable,pairs,fable,,PRc4e8d0c3ab32,,swapped,SAME,plain,completed,True,ok,True,False,0.35,,True,0.00236,stop
pairs:PRbfe5b45397d6:swapped:qwen,pairs,qwen,,PRbfe5b45397d6,,swapped,SAME,plain,completed,True,ok,True,False,0.546,,True,1.8538e-05,stop
pairs:PR862b9a0fcc59:swapped:fable,pairs,fable,,PR862b9a0fcc59,,swapped,SAME,plain,completed,True,ok,True,False,0.62,,True,0.00236,stop
pairs:PRa0e4cda71d58:swapped:qwen,pairs,qwen,,PRa0e4cda71d58,,swapped,SAME,plain,completed,True,ok,True,False,0.546,,True,1.8421e-05,stop
pairs:PR2f90b92f4e63:swapped:fable,pairs,fable,,PR2f90b92f4e63,,swapped,SAME,plain,completed,True,ok,True,False,0.68,,True,0.00236,stop
pairs:PR7696261c2d1d:designated:astra,pairs,astra,,PR7696261c2d1d,,designated,SAME,plain,completed,True,ok,True,False,0.5,,True,0.003,stop
pairs:PR20dae739b553:designated:astra,pairs,astra,,PR20dae739b553,,designated,SAME,plain,completed,True,ok,True,False,0.5,,True,0.00301,stop
pairs:PR28c2617f763b:swapped:fable,pairs,fable,,PR28c2617f763b,,swapped,SAME,plain,completed,True,ok,True,False,0.6,,True,0.00236,stop
pairs:PR9a20a9141673:designated:qwen,pairs,qwen,,PR9a20a9141673,,designated,SAME,plain,completed,True,ok,True,False,0.546,,True,1.8538e-05,stop
pairs:PR7cf7e6749146:designated:fable,pairs,fable,,PR7cf7e6749146,,designated,SAME,plain,completed,True,ok,True,False,0.65,,True,0.00236,stop
pairs:PRf781d7731fd2:designated:fable,pairs,fable,,PRf781d7731fd2,,designated,SAME,plain,completed,True,ok,True,False,0.6,,True,0.00236,stop
pairs:PR4662d0af4fd6:designated:astra,pairs,astra,,PR4662d0af4fd6,,designated,SAME,plain,completed,True,ok,True,False,0.95,,True,0.00885,stop
pairs:PR97fb8b15cb43:swapped:astra,pairs,astra,,PR97fb8b15cb43,,swapped,SAME,plain,completed,True,ok,True,False,0.5,,True,0.00482,stop
pairs:PRfba485e46ba2:swapped:astra,pairs,astra,,PRfba485e46ba2,,swapped,SAME,plain,completed,True,ok,True,False,0.95,,True,0.00582,stop
pairs:PRb1b350e0d63c:swapped:fable,pairs,fable,,PRb1b350e0d63c,,swapped,SAME,plain,completed,True,ok,True,False,0.6,,True,0.00236,stop
pairs:PRd65166ca3eef:swapped:qwen,pairs,qwen,,PRd65166ca3eef,,swapped,SAME,plain,completed,True,ok,True,False,0.546,,True,1.8538e-05,stop
pairs:PR3e59a7af3c29:designated:astra,pairs,astra,,PR3e59a7af3c29,,designated,SAME,plain,completed,True,ok,True,False,0.5,,True,0.00267,stop
pairs:PR90b841f0e65a:swapped:astra,pairs,astra,,PR90b841f0e65a,,swapped,SAME,plain,completed,True,ok,True,False,0.5,,True,0.00295,stop
pairs:PRf781d7731fd2:swapped:qwen,pairs,qwen,,PRf781d7731fd2,,swapped,SAME,plain,completed,True,ok,True,False,0.546,,True,1.8538e-05,stop
pairs:PR8f06ba340ddf:designated:fable,pairs,fable,,PR8f06ba340ddf,,designated,SAME,plain,completed,True,ok,True,False,0.45,,True,0.00236,stop
pairs:PR03decbcc6867:designated:astra,pairs,astra,,PR03decbcc6867,,designated,SAME,plain,completed,True,ok,True,False,0.5,,True,0.00246,stop
pairs:PR26b3a61c565a:designated:qwen,pairs,qwen,,PR26b3a61c565a,,designated,SAME,plain,completed,True,ok,True,False,0.0016,,True,1.8759e-05,stop
pairs:PR0110147319e9:swapped:qwen,pairs,qwen,,PR0110147319e9,,swapped,SAME,plain,completed,True,ok,True,False,0.546,,True,1.8421e-05,stop
pairs:PRf781d7731fd2:swapped:fable,pairs,fable,,PRf781d7731fd2,,swapped,SAME,plain,completed,True,ok,True,False,0.6,,True,0.00236,stop
pairs:PR08c2fc20441d:swapped:astra,pairs,astra,,PR08c2fc20441d,,swapped,SAME,plain,completed,True,ok,True,False,0.5,,True,0.00492,stop
pairs:PRe5a98bbd7a7e:designated:fable,pairs,fable,,PRe5a98bbd7a7e,,designated,SAME,plain,completed,True,ok,True,False,0.25,,True,0.00236,stop
pairs:PR48d508591d4b:designated:fable,pairs,fable,,PR48d508591d4b,,designated,SAME,plain,completed,True,ok,True,False,0.6,,True,0.00236,stop
pairs:PR02f3106af1ab:designated:astra,pairs,astra,,PR02f3106af1ab,,designated,SAME,plain,completed,True,ok,True,False,0.5,,True,0.00336,stop
pairs:PRe83c39e65024:swapped:astra,pairs,astra,,PRe83c39e65024,,swapped,SAME,plain,completed,True,ok,True,False,0.5,,True,0.00311,stop
pairs:PR9f2c5bfa8b92:designated:astra,pairs,astra,,PR9f2c5bfa8b92,,designated,SAME,plain,completed,True,ok,True,False,0.5,,True,0.00262,stop
pairs:PR9a20a9141673:swapped:qwen,pairs,qwen,,PR9a20a9141673,,swapped,SAME,plain,completed,True,ok,True,False,0.546,,True,1.8538e-05,stop
pairs:PR03e84163ff1d:swapped:fable,pairs,fable,,PR03e84163ff1d,,swapped,SAME,plain,completed,True,ok,True,False,0.25,,True,0.00236,stop
pairs:PRaa041d48e153:swapped:astra,pairs,astra,,PRaa041d48e153,,swapped,SAME,plain,completed,True,ok,True,False,0.5,,True,0.003,stop
pairs:PRbdde5302f996:swapped:astra,pairs,astra,,PRbdde5302f996,,swapped,SAME,plain,completed,True,ok,True,False,0.5,,True,0.00321,stop
pairs:PR08b00b4b7005:swapped:astra,pairs,astra,,PR08b00b4b7005,,swapped,SAME,plain,completed,True,ok,True,False,0.5,,True,0.0068,stop
pairs:PR155025653e76:designated:astra,pairs,astra,,PR155025653e76,,designated,SAME,plain,completed,True,ok,True,False,0.5,,True,0.0036,stop
pairs:PR28c2617f763b:swapped:qwen,pairs,qwen,,PR28c2617f763b,,swapped,SAME,plain,completed,True,ok,True,False,0.54,,True,1.8083e-05,stop
pairs:PR70a00c1f6fa5:swapped:qwen,pairs,qwen,,PR70a00c1f6fa5,,swapped,SAME,plain,completed,True,ok,True,False,0.546,,True,1.8421e-05,stop
pairs:PR97fb8b15cb43:designated:qwen,pairs,qwen,,PR97fb8b15cb43,,designated,SAME,plain,completed,True,ok,True,False,0.54,,True,1.8083e-05,stop
pairs:PR3699c0857ccb:swapped:qwen,pairs,qwen,,PR3699c0857ccb,,swapped,SAME,plain,completed,True,ok,True,False,0.5,,True,1.7628e-05,stop
pairs:PR70a00c1f6fa5:designated:astra,pairs,astra,,PR70a00c1f6fa5,,designated,SAME,plain,completed,True,ok,True,False,0.5,,True,0.00306,stop
pairs:PRaa041d48e153:designated:astra,pairs,astra,,PRaa041d48e153,,designated,SAME,plain,completed,True,ok,True,False,0.5,,True,0.00365,stop
pairs:PRadf729f088f0:swapped:astra,pairs,astra,,PRadf729f088f0,,swapped,SAME,plain,completed,True,ok,True,False,0.5,,True,0.00402,stop
pairs:PR9f2c5bfa8b92:designated:fable,pairs,fable,,PR9f2c5bfa8b92,,designated,SAME,plain,completed,True,ok,True,False,0.6,,True,0.00236,stop
pairs:PRf781d7731fd2:designated:qwen,pairs,qwen,,PRf781d7731fd2,,designated,SAME,plain,completed,True,ok,True,False,0.546,,True,1.8538e-05,stop
pairs:PR7696261c2d1d:designated:fable,pairs,fable,,PR7696261c2d1d,,designated,SAME,plain,completed,True,ok,True,False,0.3,,True,0.00236,stop
pairs:PR1c96f8417c41:swapped:qwen,pairs,qwen,,PR1c96f8417c41,,swapped,SAME,plain,completed,True,ok,True,False,0.546,,True,1.8421e-05,stop
pairs:PR07ab1bb4a7d8:swapped:astra,pairs,astra,,PR07ab1bb4a7d8,,swapped,SAME,plain,completed,True,ok,True,False,0.5,,True,0.00291,stop
pairs:PR08c2fc20441d:swapped:qwen,pairs,qwen,,PR08c2fc20441d,,swapped,SAME,plain,completed,True,ok,True,False,0.5,,True,1.7628e-05,stop
pairs:PR07ab1bb4a7d8:designated:qwen,pairs,qwen,,PR07ab1bb4a7d8,,designated,SAME,plain,completed,True,ok,True,False,0.546,,True,1.8421e-05,stop
pairs:PR780e1ccc0ac8:designated:qwen,pairs,qwen,,PR780e1ccc0ac8,,designated,SAME,plain,completed,True,ok,True,False,0.0016,,True,1.8642e-05,stop
pairs:PR15dc436c9628:swapped:astra,pairs,astra,,PR15dc436c9628,,swapped,SAME,plain,completed,True,ok,True,False,0.5,,True,0.00297,stop
pairs:PR26bbeb78cc8e:designated:qwen,pairs,qwen,,PR26bbeb78cc8e,,designated,SAME,plain,completed,True,ok,True,False,0.54,,True,1.8083e-05,stop
pairs:PRe0573ab2bac6:swapped:astra,pairs,astra,,PRe0573ab2bac6,,swapped,SAME,plain,completed,True,ok,True,False,0.5,,True,0.00321,stop
pairs:PR8f06ba340ddf:designated:qwen,pairs,qwen,,PR8f06ba340ddf,,designated,SAME,plain,completed,True,ok,True,False,0.54,,True,1.8083e-05,stop
pairs:PR30764c2f7f10:swapped:astra,pairs,astra,,PR30764c2f7f10,,swapped,SAME,plain,completed,True,ok,True,False,0.5,,True,0.00685,stop
pairs:PRe5a98bbd7a7e:swapped:astra,pairs,astra,,PRe5a98bbd7a7e,,swapped,SAME,plain,completed,True,ok,True,False,0.5,,True,0.0029,stop
pairs:PRfba485e46ba2:designated:qwen,pairs,qwen,,PRfba485e46ba2,,designated,SAME,plain,completed,True,ok,True,False,0.54,,True,1.8083e-05,stop
pairs:PR155025653e76:swapped:fable,pairs,fable,,PR155025653e76,,swapped,SAME,plain,completed,True,ok,True,False,0.35,,True,0.00236,stop
pairs:PR57714878477b:swapped:astra,pairs,astra,,PR57714878477b,,swapped,SAME,plain,completed,True,ok,True,False,0.5,,True,0.00276,stop
pairs:PR3699c0857ccb:designated:qwen,pairs,qwen,,PR3699c0857ccb,,designated,SAME,plain,completed,True,ok,True,False,0.5,,True,1.7628e-05,stop
pairs:PR70a00c1f6fa5:designated:qwen,pairs,qwen,,PR70a00c1f6fa5,,designated,SAME,plain,completed,True,ok,True,False,0.546,,True,1.8421e-05,stop
pairs:PR03decbcc6867:swapped:qwen,pairs,qwen,,PR03decbcc6867,,swapped,SAME,plain,completed,True,ok,True,False,0.546,,True,1.8421e-05,stop
pairs:PRce50e4c69b64:designated:fable,pairs,fable,,PRce50e4c69b64,,designated,SAME,plain,completed,True,ok,True,False,0.3,,True,0.00236,stop
pairs:PRbfe5b45397d6:swapped:fable,pairs,fable,,PRbfe5b45397d6,,swapped,SAME,plain,completed,True,ok,True,False,0.6,,True,0.00236,stop
pairs:PRca9e285b70e7:swapped:fable,pairs,fable,,PRca9e285b70e7,,swapped,SAME,plain,completed,True,ok,True,False,0.35,,True,0.00236,stop
pairs:PRbfc410874ea0:swapped:qwen,pairs,qwen,,PRbfc410874ea0,,swapped,SAME,plain,completed,True,ok,True,False,0.0016,,True,1.8759e-05,stop
pairs:PR155025653e76:designated:qwen,pairs,qwen,,PR155025653e76,,designated,SAME,plain,completed,True,ok,True,False,0.0016,,True,1.8759e-05,stop
pairs:PRca9e285b70e7:designated:qwen,pairs,qwen,,PRca9e285b70e7,,designated,SAME,plain,completed,True,ok,True,False,0.143,,True,1.8421e-05,stop
pairs:PRe85e6ef6ef19:designated:fable,pairs,fable,,PRe85e6ef6ef19,,designated,SAME,plain,completed,True,ok,True,False,0.78,,True,0.00236,stop
pairs:PRa0e4cda71d58:designated:astra,pairs,astra,,PRa0e4cda71d58,,designated,SAME,plain,completed,True,ok,True,False,0.5,,True,0.00326,stop
pairs:PR20dae739b553:swapped:fable,pairs,fable,,PR20dae739b553,,swapped,SAME,plain,completed,True,ok,True,False,0.55,,True,0.00236,stop
pairs:PR6b8362ba585f:designated:astra,pairs,astra,,PR6b8362ba585f,,designated,SAME,plain,completed,True,ok,True,False,0.5,,True,0.00236,stop
pairs:PR57714878477b:swapped:fable,pairs,fable,,PR57714878477b,,swapped,SAME,plain,completed,True,ok,True,False,0.6,,True,0.00236,stop
pairs:PR795d50fdd829:swapped:astra,pairs,astra,,PR795d50fdd829,,swapped,SAME,plain,completed,True,ok,True,False,0.5,,True,0.00507,stop
pairs:PR90b841f0e65a:designated:fable,pairs,fable,,PR90b841f0e65a,,designated,SAME,plain,completed,True,ok,True,False,0.25,,True,0.00236,stop
pairs:PRbfe5b45397d6:designated:qwen,pairs,qwen,,PRbfe5b45397d6,,designated,SAME,plain,completed,True,ok,True,False,0.546,,True,1.8538e-05,stop
pairs:PR806034e39f52:designated:astra,pairs,astra,,PR806034e39f52,,designated,SAME,plain,completed,True,ok,True,False,0.5,,True,0.00299,stop
pairs:PR01acd1baba5c:designated:fable,pairs,fable,,PR01acd1baba5c,,designated,SAME,plain,completed,True,ok,True,False,0.6,,True,0.00236,stop
pairs:PRdfed1b4ccace:swapped:fable,pairs,fable,,PRdfed1b4ccace,,swapped,SAME,plain,completed,True,ok,True,False,0.6,,True,0.00236,stop
pairs:PR5de8d2081c79:swapped:qwen,pairs,qwen,,PR5de8d2081c79,,swapped,SAME,plain,completed,True,ok,True,False,0.0016,,True,1.8759e-05,stop
pairs:PRc4e8d0c3ab32:swapped:qwen,pairs,qwen,,PRc4e8d0c3ab32,,swapped,SAME,plain,completed,True,ok,True,False,0.016,,True,1.8421e-05,stop
pairs:PR8f06ba340ddf:swapped:fable,pairs,fable,,PR8f06ba340ddf,,swapped,SAME,plain,completed,True,ok,True,False,0.55,,True,0.00236,stop
pairs:PRdfed1b4ccace:swapped:astra,pairs,astra,,PRdfed1b4ccace,,swapped,SAME,plain,completed,True,ok,True,False,0.5,,True,0.00291,stop
pairs:PR90b841f0e65a:designated:astra,pairs,astra,,PR90b841f0e65a,,designated,SAME,plain,completed,True,ok,True,False,0.5,,True,0.0032,stop
pairs:PR70a00c1f6fa5:designated:fable,pairs,fable,,PR70a00c1f6fa5,,designated,SAME,plain,completed,True,ok,True,False,0.6,,True,0.00236,stop
pairs:PRce50e4c69b64:swapped:astra,pairs,astra,,PRce50e4c69b64,,swapped,SAME,plain,completed,True,ok,True,False,0.5,,True,0.00375,stop
pairs:PRa0e4cda71d58:designated:fable,pairs,fable,,PRa0e4cda71d58,,designated,SAME,plain,completed,True,ok,True,False,0.62,,True,0.00236,stop
pairs:PR3699c0857ccb:designated:fable,pairs,fable,,PR3699c0857ccb,,designated,SAME,plain,completed,True,ok,True,False,0.85,,True,0.00236,stop
pairs:PR795d50fdd829:designated:qwen,pairs,qwen,,PR795d50fdd829,,designated,SAME,plain,completed,True,ok,True,False,0.5,,True,1.7628e-05,stop
pairs:PR43d0d58399a7:swapped:qwen,pairs,qwen,,PR43d0d58399a7,,swapped,SAME,plain,completed,True,ok,True,False,0.0016,,True,1.8759e-05,stop
pairs:PRadf729f088f0:designated:qwen,pairs,qwen,,PRadf729f088f0,,designated,SAME,plain,completed,True,ok,True,False,0.54,,True,1.8083e-05,stop
pairs:PRe1edec1c89cb:swapped:fable,pairs,fable,,PRe1edec1c89cb,,swapped,SAME,plain,completed,True,ok,True,False,0.62,,True,0.00236,stop
pairs:PR26b3a61c565a:designated:astra,pairs,astra,,PR26b3a61c565a,,designated,SAME,plain,completed,True,ok,True,False,0.5,,True,0.0039,stop
pairs:PR155025653e76:swapped:astra,pairs,astra,,PR155025653e76,,swapped,SAME,plain,completed,True,ok,True,False,0.5,,True,0.00325,stop
pairs:PR1c96f8417c41:designated:fable,pairs,fable,,PR1c96f8417c41,,designated,SAME,plain,completed,True,ok,True,False,0.6,,True,0.00236,stop
pairs:PRb1b350e0d63c:designated:astra,pairs,astra,,PRb1b350e0d63c,,designated,SAME,plain,completed,True,ok,True,False,0.5,,True,0.00262,stop
pairs:PR7cf7e6749146:swapped:qwen,pairs,qwen,,PR7cf7e6749146,,swapped,SAME,plain,completed,True,ok,True,False,0.016,,True,1.8421e-05,stop
pairs:PR6b8362ba585f:swapped:qwen,pairs,qwen,,PR6b8362ba585f,,swapped,SAME,plain,completed,True,ok,True,False,0.546,,True,1.8421e-05,stop
pairs:PR15dc436c9628:designated:qwen,pairs,qwen,,PR15dc436c9628,,designated,SAME,plain,completed,True,ok,True,False,0.546,,True,1.8538e-05,stop
pair_repeat:PR07ab1bb4a7d8:designated:qwen,pair_repeat,qwen,,PR07ab1bb4a7d8,,designated,SAME,plain,completed,True,ok,True,False,0.546,,False,1.8421e-05,stop
pair_repeat:PR4662d0af4fd6:designated:qwen,pair_repeat,qwen,,PR4662d0af4fd6,,designated,SAME,plain,completed,True,ok,True,False,0.54,,False,1.7849e-05,stop
pair_repeat:PR6b8362ba585f:designated:astra,pair_repeat,astra,,PR6b8362ba585f,,designated,SAME,plain,completed,True,ok,True,False,0.5,,False,0.00266,stop
pair_repeat:PR780e1ccc0ac8:designated:astra,pair_repeat,astra,,PR780e1ccc0ac8,,designated,SAME,plain,completed,True,ok,True,False,0.5,,False,0.00359,stop
pair_repeat:PR6b8362ba585f:designated:fable,pair_repeat,fable,,PR6b8362ba585f,,designated,SAME,plain,completed,True,ok,True,False,0.6,,False,0.00236,stop
pair_repeat:PR07ab1bb4a7d8:designated:fable,pair_repeat,fable,,PR07ab1bb4a7d8,,designated,SAME,plain,completed,True,ok,True,False,0.6,,False,0.00236,stop
pair_repeat:PR155025653e76:designated:fable,pair_repeat,fable,,PR155025653e76,,designated,SAME,plain,completed,True,ok,True,False,0.35,,False,0.00236,stop
pair_repeat:PR155025653e76:designated:astra,pair_repeat,astra,,PR155025653e76,,designated,SAME,plain,completed,True,ok,True,False,0.5,,False,0.0045,stop
pair_repeat:PR155025653e76:designated:qwen,pair_repeat,qwen,,PR155025653e76,,designated,SAME,plain,completed,True,ok,True,False,0.0016,,False,1.8759e-05,stop
pair_repeat:PR780e1ccc0ac8:designated:qwen,pair_repeat,qwen,,PR780e1ccc0ac8,,designated,SAME,plain,completed,True,ok,True,False,0.0016,,False,1.8642e-05,stop
pair_repeat:PRe83c39e65024:designated:astra,pair_repeat,astra,,PRe83c39e65024,,designated,SAME,plain,completed,True,ok,True,False,0.5,,False,0.00311,stop
pair_repeat:PR07ab1bb4a7d8:designated:astra,pair_repeat,astra,,PR07ab1bb4a7d8,,designated,SAME,plain,completed,True,ok,True,False,0.5,,False,0.00391,stop
pair_repeat:PR4662d0af4fd6:designated:astra,pair_repeat,astra,,PR4662d0af4fd6,,designated,SAME,plain,completed,True,ok,True,False,0.85,,False,0.00845,stop
pair_repeat:PRe83c39e65024:designated:fable,pair_repeat,fable,,PRe83c39e65024,,designated,SAME,plain,completed,True,ok,True,False,0.6,,False,0.00236,stop
pair_repeat:PR4662d0af4fd6:designated:fable,pair_repeat,fable,,PR4662d0af4fd6,,designated,SAME,plain,completed,True,ok,True,False,0.78,,False,0.00236,stop
pair_repeat:PR780e1ccc0ac8:designated:fable,pair_repeat,fable,,PR780e1ccc0ac8,,designated,SAME,plain,completed,True,ok,True,False,0.25,,False,0.00236,stop
pair_repeat:PR6b8362ba585f:designated:qwen,pair_repeat,qwen,,PR6b8362ba585f,,designated,SAME,plain,completed,True,ok,True,False,0.546,,False,1.8421e-05,stop
pair_repeat:PRe83c39e65024:designated:qwen,pair_repeat,qwen,,PRe83c39e65024,,designated,SAME,plain,completed,True,ok,True,False,0.54,,False,1.7966e-05,stop
pair_polarity:PRe83c39e65024:designated:qwen,pair_polarity,qwen,,PRe83c39e65024,,designated,DIFFERENT,plain,completed,True,ok,True,False,0.546,,False,1.8421e-05,stop
pair_polarity:PR4662d0af4fd6:designated:qwen,pair_polarity,qwen,,PR4662d0af4fd6,,designated,DIFFERENT,plain,completed,True,ok,True,False,0.985,,False,1.8304e-05,stop
pair_polarity:PR155025653e76:designated:qwen,pair_polarity,qwen,,PR155025653e76,,designated,DIFFERENT,plain,completed,True,ok,True,False,0.985,,False,1.8304e-05,stop
pair_polarity:PR6b8362ba585f:designated:qwen,pair_polarity,qwen,,PR6b8362ba585f,,designated,DIFFERENT,plain,completed,True,ok,True,False,0.546,,False,1.8421e-05,stop
pair_polarity:PR780e1ccc0ac8:designated:qwen,pair_polarity,qwen,,PR780e1ccc0ac8,,designated,DIFFERENT,plain,completed,True,ok,True,False,0.985,,False,1.8187e-05,stop
pair_polarity:PR6b8362ba585f:designated:astra,pair_polarity,astra,,PR6b8362ba585f,,designated,DIFFERENT,plain,completed,True,ok,True,False,0.5,,False,0.00281,stop
pair_polarity:PRe83c39e65024:designated:astra,pair_polarity,astra,,PRe83c39e65024,,designated,DIFFERENT,plain,completed,True,ok,True,False,0.5,,False,0.00261,stop
pair_polarity:PR780e1ccc0ac8:designated:astra,pair_polarity,astra,,PR780e1ccc0ac8,,designated,DIFFERENT,plain,completed,True,ok,True,False,0.5,,False,0.00324,stop
pair_polarity:PR6b8362ba585f:designated:fable,pair_polarity,fable,,PR6b8362ba585f,,designated,DIFFERENT,plain,completed,True,ok,True,False,0.45,,False,0.00236,stop
pair_polarity:PRe83c39e65024:designated:fable,pair_polarity,fable,,PRe83c39e65024,,designated,DIFFERENT,plain,completed,True,ok,True,False,0.5,,False,0.00236,stop
pair_polarity:PR4662d0af4fd6:designated:astra,pair_polarity,astra,,PR4662d0af4fd6,,designated,DIFFERENT,plain,completed,True,ok,True,False,0.5,,False,0.00455,stop
pair_polarity:PR4662d0af4fd6:designated:fable,pair_polarity,fable,,PR4662d0af4fd6,,designated,DIFFERENT,plain,completed,True,ok,True,False,0.3,,False,0.00236,stop
pair_polarity:PR07ab1bb4a7d8:designated:qwen,pair_polarity,qwen,,PR07ab1bb4a7d8,,designated,DIFFERENT,plain,completed,True,ok,True,False,0.546,,False,1.8421e-05,stop
pair_polarity:PR07ab1bb4a7d8:designated:astra,pair_polarity,astra,,PR07ab1bb4a7d8,,designated,DIFFERENT,plain,completed,True,ok,True,False,0.5,,False,0.00376,stop
pair_polarity:PR07ab1bb4a7d8:designated:fable,pair_polarity,fable,,PR07ab1bb4a7d8,,designated,DIFFERENT,plain,completed,True,ok,True,False,0.4,,False,0.00236,stop
pair_polarity:PR780e1ccc0ac8:designated:fable,pair_polarity,fable,,PR780e1ccc0ac8,,designated,DIFFERENT,plain,completed,True,ok,True,False,0.8,,False,0.00236,stop
pair_polarity:PR155025653e76:designated:astra,pair_polarity,astra,,PR155025653e76,,designated,DIFFERENT,plain,completed,True,ok,True,False,0.5,,False,0.00425,stop
pair_polarity:PR155025653e76:designated:fable,pair_polarity,fable,,PR155025653e76,,designated,DIFFERENT,plain,completed,True,ok,True,False,0.6,,False,0.00236,stop
pair_prior:astra:plain:DIFFERENT,pair_prior,astra,,,,,DIFFERENT,plain,completed,True,ok,True,False,0.5,,False,0.00139,stop
pair_prior:astra:fair:SAME,pair_prior,astra,,,,,SAME,fair,completed,True,ok,True,False,0.5,,False,0.0014,stop
pair_prior:astra:plain:SAME,pair_prior,astra,,,,,SAME,plain,completed,True,ok,True,False,0.5,,False,0.00139,stop
pair_prior:astra:fair:DIFFERENT,pair_prior,astra,,,,,DIFFERENT,fair,completed,True,ok,True,False,0.5,,False,0.0014,stop
pair_prior:qwen:plain:DIFFERENT,pair_prior,qwen,,,,,DIFFERENT,plain,completed,True,ok,True,False,0.5,,False,1.4352e-05,stop
pair_prior:qwen:plain:SAME,pair_prior,qwen,,,,,SAME,plain,completed,True,ok,True,False,0.5,,False,1.4352e-05,stop
pair_prior:qwen:fair:SAME,pair_prior,qwen,,,,,SAME,fair,completed,True,ok,True,False,0.5,,False,1.4469e-05,stop
pair_prior:qwen:fair:DIFFERENT,pair_prior,qwen,,,,,DIFFERENT,fair,completed,True,ok,True,False,0.5,,False,1.4469e-05,stop
pair_prior:fable:fair:SAME,pair_prior,fable,,,,,SAME,fair,completed,True,ok,True,False,0.5,,False,0.0019,stop
pair_prior:fable:fair:DIFFERENT,pair_prior,fable,,,,,DIFFERENT,fair,completed,True,ok,True,False,0.5,,False,0.0019,stop
pair_prior:fable:plain:SAME,pair_prior,fable,,,,,SAME,plain,completed,True,ok,True,False,0.5,,False,0.00188,stop
pair_prior:fable:plain:DIFFERENT,pair_prior,fable,,,,,DIFFERENT,plain,completed,True,ok,True,False,0.5,,False,0.00188,stop
fix:named:astra:05,fixture_named,astra,,,,,,,completed,True,ok,True,False,"{""C1"": 1.0, ""C2"": 0.0, ""C3"": 0.0}",,False,0.00281,stop
fix:named:astra:02,fixture_named,astra,,,,,,,completed,True,ok,True,False,"{""C1"": 0.0, ""C2"": 0.0, ""C3"": 1.0}",,False,0.00281,stop
fix:named:astra:03,fixture_named,astra,,,,,,,completed,True,ok,True,False,"{""C1"": 0.0, ""C2"": 9.536734069124156e-07, ""C3"": 0.9999990463265931}",,False,0.00574,stop
fix:named:fable:01,fixture_named,fable,,,,,,,completed,True,ok,True,False,"{""C1"": 0.0, ""C2"": 9.5367431640625e-07, ""C3"": 0.9999990463256836}",,False,0.00483,stop
fix:named:fable:00,fixture_named,fable,,,,,,,completed,True,ok,True,False,"{""C1"": 0.9999990463, ""C2"": 0.0, ""C3"": 9.537e-07}",,False,0.00454,stop
fix:named:astra:00,fixture_named,astra,,,,,,,completed,True,ok,True,False,"{""C1"": 0.9999990463265931, ""C2"": 0.0, ""C3"": 9.536734069124156e-07}",,False,0.00794,stop
fix:named:astra:04,fixture_named,astra,,,,,,,completed,True,ok,True,False,"{""C1"": 9.536734069e-07, ""C2"": 0.0, ""C3"": 0.9999990463265931}",,False,0.00754,stop
fix:named:astra:01,fixture_named,astra,,,,,,,completed,True,ok,True,False,"{""C1"": 0.0, ""C2"": 9.53673406911461e-07, ""C3"": 0.9999990463265931}",,False,0.00694,stop
fix:named:fable:02,fixture_named,fable,,,,,,,completed,True,ok,True,False,"{""C1"": 0.0, ""C2"": 0.0, ""C3"": 1.0}",,False,0.00424,stop
fix:named:qwen:00,fixture_named,qwen,,,,,,,completed,True,ok,True,False,"{""C1"": 1.0, ""C2"": 0.0, ""C3"": 0.0}",,False,3.1317e-05,stop
fix:named:fable:03,fixture_named,fable,,,,,,,completed,True,ok,True,False,"{""C1"": 0.0, ""C2"": 9.53674e-07, ""C3"": 0.999999046326}",,False,0.00455,stop
fix:named:qwen:02,fixture_named,qwen,,,,,,,completed,True,ok,True,False,"{""C1"": 0.25, ""C2"": 0.0, ""C3"": 0.75}",,False,3.4281e-05,stop
fix:named:fable:05,fixture_named,fable,,,,,,,completed,True,ok,True,False,"{""C1"": 1.0, ""C2"": 0.0, ""C3"": 0.0}",,False,0.00423,stop
fix:named:qwen:03,fixture_named,qwen,,,,,,,completed,True,ok,True,False,"{""C1"": 0.0, ""C2"": 0.0, ""C3"": 1.0}",,False,3.3137e-05,stop
fix:named:qwen:01,fixture_named,qwen,,,,,,,completed,True,ok,True,False,"{""C1"": 0.0, ""C2"": 9.5367431640625e-07, ""C3"": 0.9999990463256836}",,False,4.8607e-05,stop
fix:named:qwen:05,fixture_named,qwen,,,,,,,completed,False,object_sum_not_one,False,False,,,False,3.6894e-05,stop
fix:named:qwen:04,fixture_named,qwen,,,,,,,completed,True,ok,True,False,"{""C1"": 0.5, ""C2"": 0.0, ""C3"": 0.5}",,False,3.3137e-05,stop
fix:named:fable:04,fixture_named,fable,,,,,,,completed,True,ok,False,True,"{""C1"": 9.5e-07, ""C2"": 0.0, ""C3"": 0.99999905}",,False,0.01148,stop
named:Pb0afcbdaf9dc:qwen,named,qwen,Pb0afcbdaf9dc,,,,,plain,completed,True,ok,True,False,"{""C1"": 0.3333333333333333, ""C2"": 0.3333333333333333, ""C3"": 0.3333333333333333}",,True,5.3937e-05,stop
named:Pf4b50baaac55:qwen,named,qwen,Pf4b50baaac55,,,,,plain,completed,True,ok,True,False,"{""C1"": 0.3333333333333333, ""C2"": 0.3333333333333333, ""C3"": 0.3333333333333333}",,True,5.4171e-05,stop
named:P9623d498f378:astra,named,astra,P9623d498f378,,,,,plain,completed,True,ok,True,False,"{""C1"": 0.3333333333333333, ""C2"": 0.3333333333333333, ""C3"": 0.3333333333333334}",,True,0.00376,stop
named:P339318dfb86f:astra,named,astra,P339318dfb86f,,,,,plain,completed,True,ok,True,False,"{""C1"": 0.3333333333333333, ""C2"": 0.3333333333333333, ""C3"": 0.3333333333333334}",,True,0.00375,stop
named:P537c6c1f7b6a:astra,named,astra,P537c6c1f7b6a,,,,,plain,completed,True,ok,True,False,"{""C1"": 0.3333333333333333, ""C2"": 0.3333333333333333, ""C3"": 0.3333333333333333}",,True,0.00536,stop
named:P252befd2665e:astra,named,astra,P252befd2665e,,,,,plain,completed,True,ok,True,False,"{""C1"": 0.3333333333333333, ""C2"": 0.3333333333333333, ""C3"": 0.3333333333333334}",,True,0.0064,stop
named:P9bc7c6621612:fable,named,fable,P9bc7c6621612,,,,,plain,completed,True,ok,True,False,"{""C1"": 0.33, ""C2"": 0.34, ""C3"": 0.33}",,True,0.00414,stop
named:P1fbe776671a1:qwen,named,qwen,P1fbe776671a1,,,,,plain,completed,True,ok,True,False,"{""C1"": 0.3333333333333333, ""C2"": 0.3333333333333333, ""C3"": 0.3333333333333333}",,True,5.4171e-05,stop
named:P82c20dad2b44:fable,named,fable,P82c20dad2b44,,,,,plain,completed,True,ok,True,False,"{""C1"": 0.3, ""C2"": 0.35, ""C3"": 0.35}",,True,0.00414,stop
named:P422f555d345f:astra,named,astra,P422f555d345f,,,,,plain,completed,True,ok,True,False,"{""C1"": 0.3333333333333333, ""C2"": 0.3333333333333333, ""C3"": 0.3333333333333334}",,True,0.00579,stop
named:P82c20dad2b44:astra,named,astra,P82c20dad2b44,,,,,plain,completed,True,ok,True,False,"{""C1"": 0.3333333333333333, ""C2"": 0.3333333333333333, ""C3"": 0.3333333333333334}",,True,0.00375,stop
named:Pf4b50baaac55:fable,named,fable,Pf4b50baaac55,,,,,plain,completed,True,ok,True,False,"{""C1"": 0.34, ""C2"": 0.33, ""C3"": 0.33}",,True,0.00414,stop
named:P9085e4933441:fable,named,fable,P9085e4933441,,,,,plain,completed,True,ok,True,False,"{""C1"": 0.3, ""C2"": 0.35, ""C3"": 0.35}",,True,0.00414,stop
named:Pfefe7f7bbcc9:astra,named,astra,Pfefe7f7bbcc9,,,,,plain,completed,True,ok,True,False,"{""C1"": 0.3333333333333333, ""C2"": 0.3333333333333333, ""C3"": 0.3333333333333334}",,True,0.00375,stop
named:P80b013660f29:astra,named,astra,P80b013660f29,,,,,plain,completed,True,ok,True,False,"{""C1"": 0.3333333333333333, ""C2"": 0.3333333333333333, ""C3"": 0.3333333333333334}",,True,0.00376,stop
named:Pfefe7f7bbcc9:fable,named,fable,Pfefe7f7bbcc9,,,,,plain,completed,True,ok,True,False,"{""C1"": 0.33, ""C2"": 0.34, ""C3"": 0.33}",,True,0.00414,stop
named:P200d4085da52:astra,named,astra,P200d4085da52,,,,,plain,completed,True,ok,True,False,"{""C1"": 0.3333333333333333, ""C2"": 0.3333333333333333, ""C3"": 0.3333333333333334}",,True,0.00376,stop
named:P9623d498f378:fable,named,fable,P9623d498f378,,,,,plain,completed,True,ok,True,False,"{""C1"": 0.4, ""C2"": 0.32, ""C3"": 0.28}",,True,0.00414,stop
named:P422f555d345f:fable,named,fable,P422f555d345f,,,,,plain,completed,True,ok,True,False,"{""C1"": 0.6, ""C2"": 0.2, ""C3"": 0.2}",,True,0.00414,stop
named:P48b6ce201a09:astra,named,astra,P48b6ce201a09,,,,,plain,completed,True,ok,True,False,"{""C1"": 0.3333333333333333, ""C2"": 0.3333333333333333, ""C3"": 0.3333333333333334}",,True,0.00375,stop
named:P8d5c033a6c9d:qwen,named,qwen,P8d5c033a6c9d,,,,,plain,completed,True,ok,True,False,"{""C1"": 0.6666666666666666, ""C2"": 0.0, ""C3"": 0.3333333333333333}",,True,4.6436e-05,stop
named:P252befd2665e:fable,named,fable,P252befd2665e,,,,,plain,completed,True,ok,True,False,"{""C1"": 0.34, ""C2"": 0.33, ""C3"": 0.33}",,True,0.00414,stop
named:P8d5c033a6c9d:astra,named,astra,P8d5c033a6c9d,,,,,plain,completed,True,ok,True,False,"{""C1"": 0.3333333333333333, ""C2"": 0.3333333333333333, ""C3"": 0.3333333333333334}",,True,0.00376,stop
named:P252befd2665e:qwen,named,qwen,P252befd2665e,,,,,plain,completed,True,ok,True,False,"{""C1"": 0.3333333333333333, ""C2"": 0.3333333333333333, ""C3"": 0.3333333333333333}",,True,5.4054e-05,stop
named:P1fbe776671a1:fable,named,fable,P1fbe776671a1,,,,,plain,completed,True,ok,True,False,"{""C1"": 0.33, ""C2"": 0.34, ""C3"": 0.33}",,True,0.00414,stop
named:P80b013660f29:fable,named,fable,P80b013660f29,,,,,plain,completed,True,ok,True,False,"{""C1"": 0.3, ""C2"": 0.33, ""C3"": 0.37}",,True,0.00414,stop
named:P48b6ce201a09:qwen,named,qwen,P48b6ce201a09,,,,,plain,completed,True,ok,True,False,"{""C1"": 0.3333333333333333, ""C2"": 0.3333333333333333, ""C3"": 0.3333333333333333}",,True,5.4054e-05,stop
named:P9085e4933441:qwen,named,qwen,P9085e4933441,,,,,plain,completed,True,ok,True,False,"{""C1"": 0.3333333333333333, ""C2"": 0.3333333333333333, ""C3"": 0.3333333333333333}",,True,5.4171e-05,stop
named:P71e3bed10720:astra,named,astra,P71e3bed10720,,,,,plain,completed,True,ok,True,False,"{""C1"": 0.3333333333333333, ""C2"": 0.3333333333333333, ""C3"": 0.3333333333333334}",,True,0.00464,stop
named:P82c20dad2b44:qwen,named,qwen,P82c20dad2b44,,,,,plain,completed,True,ok,True,False,"{""C1"": 0.6666666666666666, ""C2"": 0.16666666666666666, ""C3"": 0.16666666666666666}",,True,5.4964e-05,stop
named:P9085e4933441:astra,named,astra,P9085e4933441,,,,,plain,completed,True,ok,True,False,"{""C1"": 0.3333333333333333, ""C2"": 0.3333333333333333, ""C3"": 0.3333333333333334}",,True,0.00376,stop
named:Pb0afcbdaf9dc:fable,named,fable,Pb0afcbdaf9dc,,,,,plain,completed,True,ok,True,False,"{""C1"": 0.2, ""C2"": 0.5, ""C3"": 0.3}",,True,0.00414,stop
named:P71e3bed10720:fable,named,fable,P71e3bed10720,,,,,plain,completed,True,ok,True,False,"{""C1"": 0.55, ""C2"": 0.25, ""C3"": 0.2}",,True,0.00414,stop
named:P6091b7693004:astra,named,astra,P6091b7693004,,,,,plain,completed,True,ok,True,False,"{""C1"": 0.3333333333333333, ""C2"": 0.3333333333333333, ""C3"": 0.3333333333333334}",,True,0.00585,stop
named:Pb0afcbdaf9dc:astra,named,astra,Pb0afcbdaf9dc,,,,,plain,completed,True,ok,True,False,"{""C1"": 0.3333333333333333, ""C2"": 0.3333333333333333, ""C3"": 0.3333333333333334}",,True,0.00569,stop
named:Pf4b50baaac55:astra,named,astra,Pf4b50baaac55,,,,,plain,completed,True,ok,True,False,"{""C1"": 0.3333333333333333, ""C2"": 0.3333333333333333, ""C3"": 0.3333333333333334}",,True,0.00376,stop
named:P6091b7693004:qwen,named,qwen,P6091b7693004,,,,,plain,completed,True,ok,True,False,"{""C1"": 0.3333333333333333, ""C2"": 0.3333333333333333, ""C3"": 0.3333333333333333}",,True,5.4054e-05,stop
named:P80b013660f29:qwen,named,qwen,P80b013660f29,,,,,plain,completed,True,ok,True,False,"{""C1"": 0.6666666666666666, ""C2"": 0.16666666666666666, ""C3"": 0.16666666666666666}",,True,5.5081e-05,stop
named:P8d5c033a6c9d:fable,named,fable,P8d5c033a6c9d,,,,,plain,completed,True,ok,True,False,"{""C1"": 0.3, ""C2"": 0.35, ""C3"": 0.35}",,True,0.00414,stop
named:P537c6c1f7b6a:fable,named,fable,P537c6c1f7b6a,,,,,plain,completed,True,ok,True,False,"{""C1"": 0.4, ""C2"": 0.3, ""C3"": 0.3}",,True,0.00414,stop
named:P71e3bed10720:qwen,named,qwen,P71e3bed10720,,,,,plain,completed,True,ok,True,False,"{""C1"": 0.999, ""C2"": 0.0005, ""C3"": 0.0005}",,True,3.7102e-05,stop
named:P200d4085da52:fable,named,fable,P200d4085da52,,,,,plain,completed,True,ok,True,False,"{""C1"": 0.4, ""C2"": 0.3, ""C3"": 0.3}",,True,0.00414,stop
named:P339318dfb86f:qwen,named,qwen,P339318dfb86f,,,,,plain,completed,True,ok,True,False,"{""C1"": 0.3333333333333333, ""C2"": 0.3333333333333333, ""C3"": 0.3333333333333333}",,True,5.4054e-05,stop
named:P48b6ce201a09:fable,named,fable,P48b6ce201a09,,,,,plain,completed,True,ok,True,False,"{""C1"": 0.4, ""C2"": 0.33, ""C3"": 0.27}",,True,0.00414,stop
named:P537c6c1f7b6a:qwen,named,qwen,P537c6c1f7b6a,,,,,plain,completed,True,ok,True,False,"{""C1"": 0.3333333333333333, ""C2"": 0.3333333333333333, ""C3"": 0.3333333333333333}",,True,5.4171e-05,stop
named:P422f555d345f:qwen,named,qwen,P422f555d345f,,,,,plain,completed,True,ok,True,False,"{""C1"": 0.999, ""C2"": 0.0005, ""C3"": 0.0005}",,True,3.7102e-05,stop
named:P6091b7693004:fable,named,fable,P6091b7693004,,,,,plain,completed,True,ok,True,False,"{""C1"": 0.25, ""C2"": 0.45, ""C3"": 0.3}",,True,0.00414,stop
named:P9623d498f378:qwen,named,qwen,P9623d498f378,,,,,plain,completed,True,ok,True,False,"{""C1"": 0.3333333333333333, ""C2"": 0.3333333333333333, ""C3"": 0.3333333333333333}",,True,5.4171e-05,stop
named:P200d4085da52:qwen,named,qwen,P200d4085da52,,,,,plain,completed,True,ok,True,False,"{""C1"": 0.3333333333333333, ""C2"": 0.3333333333333333, ""C3"": 0.3333333333333333}",,True,5.4171e-05,stop
named:P9bc7c6621612:astra,named,astra,P9bc7c6621612,,,,,plain,completed,True,ok,True,False,"{""C1"": 0.3333333333333333, ""C2"": 0.3333333333333333, ""C3"": 0.3333333333333334}",,True,0.00375,stop
named:Pfefe7f7bbcc9:qwen,named,qwen,Pfefe7f7bbcc9,,,,,plain,completed,True,ok,True,False,"{""C1"": 0.3333333333333333, ""C2"": 0.3333333333333333, ""C3"": 0.3333333333333333}",,True,5.4054e-05,stop
named:P1fbe776671a1:astra,named,astra,P1fbe776671a1,,,,,plain,completed,True,ok,True,False,"{""C1"": 0.3333333333333333, ""C2"": 0.3333333333333333, ""C3"": 0.3333333333333334}",,True,0.00376,stop
named:P339318dfb86f:fable,named,fable,P339318dfb86f,,,,,plain,completed,True,ok,True,False,"{""C1"": 0.4, ""C2"": 0.25, ""C3"": 0.35}",,True,0.00414,stop
named:P9bc7c6621612:qwen,named,qwen,P9bc7c6621612,,,,,plain,completed,True,ok,True,False,"{""C1"": 0.6666666666666666, ""C2"": 0.0, ""C3"": 0.3333333333333333}",,True,4.6319e-05,stop
named_prior:astra:plain:3,named_prior,astra,,,,,,plain,completed,True,ok,True,False,"{""C1"": 0.3333333333333333, ""C2"": 0.3333333333333333, ""C3"": 0.3333333333333333}",,False,0.00351,stop
named_prior:astra:plain:1,named_prior,astra,,,,,,plain,completed,True,ok,True,False,"{""C1"": 0.3333333333333333, ""C2"": 0.3333333333333333, ""C3"": 0.3333333333333334}",,False,0.00351,stop
named_prior:astra:plain:0,named_prior,astra,,,,,,plain,completed,True,ok,True,False,"{""C1"": 0.3333333333333333, ""C2"": 0.3333333333333333, ""C3"": 0.3333333333333334}",,False,0.00351,stop
named_prior:astra:plain:5,named_prior,astra,,,,,,plain,completed,True,ok,True,False,"{""C1"": 0.3333333333333333, ""C2"": 0.3333333333333333, ""C3"": 0.3333333333333334}",,False,0.00351,stop
named_prior:astra:fair:0,named_prior,astra,,,,,,fair,completed,True,ok,True,False,"{""C1"": 0.3333333333333333, ""C2"": 0.3333333333333333, ""C3"": 0.3333333333333334}",,False,0.00352,stop
named_prior:astra:plain:4,named_prior,astra,,,,,,plain,completed,True,ok,True,False,"{""C1"": 0.3333333333333333, ""C2"": 0.3333333333333333, ""C3"": 0.3333333333333334}",,False,0.00351,stop
named_prior:astra:plain:2,named_prior,astra,,,,,,plain,completed,True,ok,True,False,"{""C1"": 0.3333333333333333, ""C2"": 0.3333333333333333, ""C3"": 0.3333333333333334}",,False,0.00351,stop
named_prior:astra:fair:1,named_prior,astra,,,,,,fair,completed,True,ok,True,False,"{""C1"": 0.3333333333333333, ""C2"": 0.3333333333333333, ""C3"": 0.3333333333333334}",,False,0.00352,stop
named_prior:astra:fair:3,named_prior,astra,,,,,,fair,completed,True,ok,True,False,"{""C1"": 0.3333333333333333, ""C2"": 0.3333333333333333, ""C3"": 0.3333333333333334}",,False,0.00352,stop
named_prior:astra:fair:4,named_prior,astra,,,,,,fair,completed,True,ok,True,False,"{""C1"": 0.3333333333333333, ""C2"": 0.3333333333333333, ""C3"": 0.3333333333333334}",,False,0.00352,stop
named_prior:astra:fair:5,named_prior,astra,,,,,,fair,completed,True,ok,True,False,"{""C1"": 0.3333333333333333, ""C2"": 0.3333333333333333, ""C3"": 0.3333333333333334}",,False,0.00352,stop
named_prior:astra:fair:2,named_prior,astra,,,,,,fair,completed,True,ok,True,False,"{""C1"": 0.3333333333333333, ""C2"": 0.3333333333333333, ""C3"": 0.3333333333333334}",,False,0.00352,stop
named_prior:fable:plain:2,named_prior,fable,,,,,,plain,completed,True,ok,True,False,"{""C1"": 0.3333, ""C2"": 0.3333, ""C3"": 0.3334}",,False,0.00383,stop
named_prior:fable:plain:0,named_prior,fable,,,,,,plain,completed,True,ok,True,False,"{""C1"": 0.3333, ""C2"": 0.3333, ""C3"": 0.3334}",,False,0.00383,stop
named_prior:fable:plain:1,named_prior,fable,,,,,,plain,completed,True,ok,True,False,"{""C1"": 0.3333, ""C2"": 0.3333, ""C3"": 0.3334}",,False,0.00383,stop
named_prior:fable:plain:3,named_prior,fable,,,,,,plain,completed,True,ok,True,False,"{""C1"": 0.3333, ""C2"": 0.3333, ""C3"": 0.3334}",,False,0.00383,stop
named_prior:fable:plain:4,named_prior,fable,,,,,,plain,completed,True,ok,True,False,"{""C1"": 0.3333, ""C2"": 0.3333, ""C3"": 0.3334}",,False,0.00383,stop
named_prior:fable:fair:0,named_prior,fable,,,,,,fair,completed,True,ok,True,False,"{""C1"": 0.3333, ""C2"": 0.3333, ""C3"": 0.3334}",,False,0.00385,stop
named_prior:fable:plain:5,named_prior,fable,,,,,,plain,completed,True,ok,True,False,"{""C1"": 0.3333, ""C2"": 0.3333, ""C3"": 0.3334}",,False,0.00383,stop
named_prior:fable:fair:2,named_prior,fable,,,,,,fair,completed,True,ok,True,False,"{""C1"": 0.3333, ""C2"": 0.3333, ""C3"": 0.3334}",,False,0.00385,stop
named_prior:fable:fair:1,named_prior,fable,,,,,,fair,completed,True,ok,True,False,"{""C1"": 0.3333, ""C2"": 0.3333, ""C3"": 0.3334}",,False,0.00385,stop
named_prior:qwen:plain:1,named_prior,qwen,,,,,,plain,completed,True,ok,True,False,"{""C1"": 0.3333333333333333, ""C2"": 0.3333333333333333, ""C3"": 0.3333333333333333}",,False,5.1246e-05,stop
named_prior:qwen:plain:0,named_prior,qwen,,,,,,plain,completed,True,ok,True,False,"{""C1"": 0.3333333333333333, ""C2"": 0.3333333333333333, ""C3"": 0.3333333333333333}",,False,5.1246e-05,stop
named_prior:qwen:plain:4,named_prior,qwen,,,,,,plain,completed,True,ok,True,False,"{""C1"": 0.5, ""C2"": 0.25, ""C3"": 0.25}",,False,3.1681e-05,stop
named_prior:fable:fair:4,named_prior,fable,,,,,,fair,completed,True,ok,True,False,"{""C1"": 0.3333, ""C2"": 0.3333, ""C3"": 0.3334}",,False,0.00385,stop
named_prior:qwen:plain:2,named_prior,qwen,,,,,,plain,completed,True,ok,True,False,"{""C1"": 0.3333333333333333, ""C2"": 0.3333333333333333, ""C3"": 0.3333333333333333}",,False,5.1246e-05,stop
named_prior:fable:fair:3,named_prior,fable,,,,,,fair,completed,True,ok,True,False,"{""C1"": 0.3333, ""C2"": 0.3333, ""C3"": 0.3334}",,False,0.00385,stop
named_prior:fable:fair:5,named_prior,fable,,,,,,fair,completed,True,ok,True,False,"{""C1"": 0.3333, ""C2"": 0.3333, ""C3"": 0.3334}",,False,0.00385,stop
named_prior:qwen:plain:3,named_prior,qwen,,,,,,plain,completed,True,ok,True,False,"{""C1"": 0.3333333333333333, ""C2"": 0.3333333333333333, ""C3"": 0.3333333333333333}",,False,5.1246e-05,stop
named_prior:qwen:plain:5,named_prior,qwen,,,,,,plain,completed,True,ok,True,False,"{""C1"": 0.5, ""C2"": 0.25, ""C3"": 0.25}",,False,3.1681e-05,stop
named_prior:qwen:fair:4,named_prior,qwen,,,,,,fair,completed,True,ok,True,False,"{""C1"": 0.5, ""C2"": 0.25, ""C3"": 0.25}",,False,3.1798e-05,stop
named_prior:qwen:fair:5,named_prior,qwen,,,,,,fair,completed,True,ok,True,False,"{""C1"": 0.5, ""C2"": 0.25, ""C3"": 0.25}",,False,3.1798e-05,stop
named_prior:qwen:fair:0,named_prior,qwen,,,,,,fair,completed,True,ok,True,False,"{""C1"": 0.3333333333333333, ""C2"": 0.3333333333333333, ""C3"": 0.3333333333333333}",,False,5.1363e-05,stop
named_prior:qwen:fair:1,named_prior,qwen,,,,,,fair,completed,True,ok,True,False,"{""C1"": 0.3333333333333333, ""C2"": 0.3333333333333333, ""C3"": 0.3333333333333333}",,False,5.1363e-05,stop
named_prior:qwen:fair:3,named_prior,qwen,,,,,,fair,completed,True,ok,True,False,"{""C1"": 0.3333333333333333, ""C2"": 0.3333333333333333, ""C3"": 0.3333333333333333}",,False,5.1363e-05,stop
named_prior:qwen:fair:2,named_prior,qwen,,,,,,fair,completed,True,ok,True,False,"{""C1"": 0.3333333333333333, ""C2"": 0.3333333333333333, ""C3"": 0.3333333333333333}",,False,5.1363e-05,stop
