slot_id,parent_id,split,source,prompt,temperature,idx,time_block,smoke,status,valid,reason,outcomes,repeated_list,finish_reason,completed_utc,cost_usd,parser_version,dispatch_parse_valid
gen:development:astra:fair:000,Ped67f237d3d9,development,astra,fair,,0,0,True,completed,True,ok,HTTHHTHTHHTTHTTHHTHT,False,stop,2026-10-08T03:49:38.003082Z,0.00597,gen_v2,True
gen:development:astra:fair:001,P3bc2656b2f12,development,astra,fair,,1,0,True,completed,True,ok,HTTHHTHTTTHHTHTHHTHT,False,stop,2026-10-08T03:49:41.040261Z,0.00557,gen_v2,True
gen:development:astra:fair:002,Pc54645167dd2,development,astra,fair,,2,0,True,completed,True,ok,THHTHTTHTHHHTTHTHTTH,False,stop,2026-10-08T03:49:33.627831Z,0.00262,gen_v2,True
gen:development:astra:fair:003,P6257a1c31b05,development,astra,fair,,3,0,True,completed,True,ok,HTHHTTHTHHTHTHHHTTHT,False,stop,2026-10-08T03:49:38.948918Z,0.00612,gen_v2,True
gen:development:astra:fair:004,P6ab0538c2d5d,development,astra,fair,,4,0,True,completed,True,ok,HTTHHTHTHHTTHTTHHTHH,False,stop,2026-10-08T03:49:37.103979Z,0.00592,gen_v2,True
gen:development:astra:fair:005,P12808637aa17,development,astra,fair,,5,0,False,completed,True,ok,HTHHTTHTHTTHHTHTTTHH,False,stop,2026-10-08T03:52:57.265178Z,0.00632,gen_v2,True
gen:development:astra:fair:006,P014cec60451c,development,astra,fair,,6,0,False,completed,True,ok,HTHHTTHHHTHTTHHTHHTH,False,stop,2026-10-08T03:53:11.780778Z,0.00857,gen_v2,True
gen:development:astra:fair:007,P74d5b90292e6,development,astra,fair,,7,0,False,completed,True,ok,HTTHHTHTTTHHTHHTTHHH,False,stop,2026-10-08T03:53:04.487924Z,0.00642,gen_v2,True
gen:development:astra:fair:008,P95461ffe3eae,development,astra,fair,,8,0,False,completed,True,ok,HTTHHTHTHHTTHTHHTHTH,False,stop,2026-10-08T03:52:53.255927Z,0.00647,gen_v2,True
gen:development:astra:fair:009,P4974af736eb2,development,astra,fair,,9,0,False,completed,True,ok,HTTHHTHTTTHHTHTHHTTH,False,stop,2026-10-08T03:53:06.557265Z,0.00627,gen_v2,True
gen:development:astra:fair:010,P5a7db47a64a7,development,astra,fair,,10,1,False,completed,True,ok,HTHHTTHTTHHTHTHHTHHT,False,stop,2026-10-08T03:53:30.305252Z,0.00572,gen_v2,True
gen:development:astra:fair:011,P8bac92ce8ef4,development,astra,fair,,11,1,False,completed,True,ok,THHTHTTHHHTHTTHHTHTH,False,stop,2026-10-08T03:53:46.559631Z,0.00647,gen_v2,True
gen:development:astra:fair:012,P181d06bd7e8c,development,astra,fair,,12,1,False,completed,True,ok,HTHHTTHTHHTHTTHHHTHT,False,stop,2026-10-08T03:53:46.394939Z,0.00607,gen_v2,True
gen:development:astra:fair:013,Pf4056cdfcf28,development,astra,fair,,13,1,False,completed,True,ok,HTTHHTHTTTHHTHTHHTHT,False,stop,2026-10-08T03:53:24.618263Z,0.00632,gen_v2,False
gen:development:astra:fair:014,P8887b3906707,development,astra,fair,,14,1,False,completed,True,ok,HTTHHTHTTTHHTHTHHTTH,False,stop,2026-10-08T03:53:31.832747Z,0.00407,gen_v2,True
gen:development:astra:fair:015,P2c46a9acae22,development,astra,fair,,15,1,False,completed,True,ok,HTTHHTHTTTHHTHTHHTTH,False,stop,2026-10-08T03:53:29.529921Z,0.00612,gen_v2,False
gen:development:astra:fair:016,Pf3e5f0f9cc0a,development,astra,fair,,16,1,False,completed,True,ok,HTTHHTHTTTHHTHTHHHTT,False,stop,2026-10-08T03:53:28.154966Z,0.00657,gen_v2,False
gen:development:astra:fair:017,Pdb7c0f18641c,development,astra,fair,,17,1,False,completed,True,ok,THHTHTTHHHTHTTHHTHTH,False,stop,2026-10-08T03:53:59.981003Z,0.00627,gen_v2,True
gen:development:astra:fair:018,Pe439ff869c1c,development,astra,fair,,18,1,False,completed,True,ok,HTTHHTHTTTHHTHHHTTHT,False,stop,2026-10-08T03:53:41.917771Z,0.00577,gen_v2,True
gen:development:astra:fair:019,P98d1047afb1a,development,astra,fair,,19,1,False,completed,True,ok,HTHHTTHTTHHHTHTTHHTT,False,stop,2026-10-08T03:53:49.507001Z,0.00587,gen_v2,True
gen:development:astra:fair:020,P93de9eda5332,development,astra,fair,,20,2,False,completed,True,ok,HTTHHTHTTTHHTHTHHTHH,False,stop,2026-10-08T03:54:26.648731Z,0.00582,gen_v2,True
gen:development:astra:fair:021,P9863953a0560,development,astra,fair,,21,2,False,completed,True,ok,HTHHTTHHHTHTHHTHTHTH,False,stop,2026-10-08T03:54:36.940840Z,0.00917,gen_v2,True
gen:development:astra:fair:022,P7520683d6e43,development,astra,fair,,22,2,False,completed,True,ok,HTTHHTHTTTHHTHTHHTTH,False,stop,2026-10-08T03:54:28.077823Z,0.00602,gen_v2,True
gen:development:astra:fair:023,Pff0a07b106e5,development,astra,fair,,23,2,False,completed,True,ok,HTTHHTHTTTHHTHTHHTTH,False,stop,2026-10-08T03:54:22.423076Z,0.00692,gen_v2,True
gen:development:astra:fair:024,P8a916c0e2369,development,astra,fair,,24,2,False,completed,True,ok,THHTHTTHHHTHTTHTHHTT,False,stop,2026-10-08T03:54:07.292823Z,0.00267,gen_v2,True
gen:development:astra:fair:025,P3dc0ddf8ba0f,development,astra,fair,,25,2,False,completed,True,ok,HTTHHTHTTTHHTHHHTTHT,False,stop,2026-10-08T03:54:17.401607Z,0.00617,gen_v2,True
gen:development:astra:fair:026,P2eb7dc3ad4b6,development,astra,fair,,26,2,False,completed,True,ok,HTTHHTHTTTHHTHTHHTTH,False,stop,2026-10-08T03:54:03.442042Z,0.00527,gen_v2,True
gen:development:astra:fair:027,P8e37afb3ffd9,development,astra,fair,,27,2,False,completed,True,ok,HTTHHTHTTTHHTHHHTTHT,False,stop,2026-10-08T03:54:38.015885Z,0.00597,gen_v2,True
gen:development:astra:fair:028,Pd36971dd1895,development,astra,fair,,28,2,False,completed,True,ok,HTTHHTHTTTHHTHTHHTHT,False,stop,2026-10-08T03:54:20.921015Z,0.00677,gen_v2,True
gen:development:astra:fair:029,P6af57c563dab,development,astra,fair,,29,2,False,completed,True,ok,HTTHHTHTTTHHTHTHHTHH,False,stop,2026-10-08T03:54:39.773168Z,0.00657,gen_v2,False
gen:development:astra:fair:030,P0f45e9658e0b,development,astra,fair,,30,3,False,completed,True,ok,HTTHHTHTTTHHTHHHTTHT,False,stop,2026-10-08T03:54:50.251885Z,0.00597,gen_v2,True
gen:development:astra:fair:031,P0dd080e988d3,development,astra,fair,,31,3,False,completed,True,ok,HTTHHTHTTTHHTHTHHTTH,False,stop,2026-10-08T03:55:15.570388Z,0.00577,gen_v2,True
gen:development:astra:fair:032,P4d23088c6adb,development,astra,fair,,32,3,False,completed,True,ok,HTTHHTHTTTHHTHHTTHTH,False,stop,2026-10-08T03:54:50.161058Z,0.00697,gen_v2,True
gen:development:astra:fair:033,P666e2107320b,development,astra,fair,,33,3,False,completed,True,ok,HTTHHTHTTTHHTHTHHHTT,False,stop,2026-10-08T03:55:16.797525Z,0.00612,gen_v2,True
gen:development:astra:fair:034,Pa723bdaaaa3e,development,astra,fair,,34,3,False,completed,True,ok,HTTHHTHTTTHHTHHTTHTH,False,stop,2026-10-08T03:55:20.763005Z,0.00597,gen_v2,False
gen:development:astra:fair:035,P20dc26cd8ad4,development,astra,fair,,35,3,False,completed,True,ok,HTTHHTHTTTHHTHTHHTTH,False,stop,2026-10-08T03:55:12.271928Z,0.00527,gen_v2,True
gen:development:astra:fair:036,P4f636d61a851,development,astra,fair,,36,3,False,completed,True,ok,HTTHHTHTTTHHTHTHHTTH,False,stop,2026-10-08T03:55:16.297751Z,0.00552,gen_v2,True
gen:development:astra:fair:037,Pa955de3b10b3,development,astra,fair,,37,3,False,completed,True,ok,HTTHHTHTTTHHTHTHHHTH,False,stop,2026-10-08T03:55:08.692755Z,0.00617,gen_v2,False
gen:development:astra:fair:038,P6c4ed2a57084,development,astra,fair,,38,3,False,completed,True,ok,HTTHHTHTHHTTHTTHHHTH,False,stop,2026-10-08T03:55:02.348146Z,0.00622,gen_v2,True
gen:development:astra:fair:039,Pa40acd382800,development,astra,fair,,39,3,False,completed,True,ok,HTTHHTHTHHTTHTTHHTHT,False,stop,2026-10-08T03:55:22.616925Z,0.00612,gen_v2,True
gen:development:astra:fair:040,P6fa406223157,development,astra,fair,,40,4,False,completed,True,ok,HTTHHTHTTTHHTHTHHTTH,False,stop,2026-10-08T03:55:36.746984Z,0.00632,gen_v2,True
gen:development:astra:fair:041,Pd40152193acb,development,astra,fair,,41,4,False,completed,True,ok,HTTHHTHTTTHHTHTHHTHH,False,stop,2026-10-08T03:55:36.616992Z,0.00597,gen_v2,True
gen:development:astra:fair:042,P11265cd2b39f,development,astra,fair,,42,4,False,completed,True,ok,HTHHTTHTTHHTHTHHTTHT,False,stop,2026-10-08T03:55:48.961767Z,0.00727,gen_v2,True
gen:development:astra:fair:043,Pa1c3d953a576,development,astra,fair,,43,4,False,completed,True,ok,HTTHHTHTTTHHTHTHHTHT,False,stop,2026-10-08T03:55:45.185008Z,0.00592,gen_v2,False
gen:development:astra:fair:044,Pc6b3784f8f5f,development,astra,fair,,44,4,False,completed,True,ok,THHTHTTHHHTTHTHHTHTH,False,stop,2026-10-08T03:55:35.637988Z,0.00532,gen_v2,True
gen:development:astra:fair:045,Pa99f77cec0a1,development,astra,fair,,45,4,False,completed,True,ok,HTHHTTHHHTHTTHHTHTHH,False,stop,2026-10-08T03:55:42.341122Z,0.00877,gen_v2,True
gen:development:astra:fair:046,P1bfb9c154b35,development,astra,fair,,46,4,False,completed,True,ok,HTTHHTHTTTHHTHHHTTHT,False,stop,2026-10-08T03:55:47.073054Z,0.00537,gen_v2,True
gen:development:astra:fair:047,Pd2fb86333742,development,astra,fair,,47,4,False,completed,True,ok,HTTHHHTHTHTTHHTHTHHT,False,stop,2026-10-08T03:55:53.541365Z,0.00602,gen_v2,False
gen:development:astra:fair:048,P956639fbe909,development,astra,fair,,48,4,False,completed,True,ok,HTTHHTHTTTHHTHHHTTHT,False,stop,2026-10-08T03:55:41.246890Z,0.00717,gen_v2,True
gen:development:astra:fair:049,P4f0d1fedc91a,development,astra,fair,,49,4,False,completed,True,ok,HTTHHTHTTHTHHHTTHTHT,False,stop,2026-10-08T03:56:01.221743Z,0.00607,gen_v2,True
gen:development:astra:fair:050,Pe1e141a5c994,development,astra,fair,,50,5,False,completed,True,ok,HTTHHTHTTHHHTTHTHTHH,False,stop,2026-10-08T03:56:27.577968Z,0.00597,gen_v2,True
gen:development:astra:fair:051,Pb69539c355f6,development,astra,fair,,51,5,False,completed,True,ok,HTTHHTHTTTHHTHTHHTTH,False,stop,2026-10-08T03:56:43.157390Z,0.00627,gen_v2,True
gen:development:astra:fair:052,P485e9b45a4af,development,astra,fair,,52,5,False,completed,True,ok,HTTHHTHTTTHHTHTHHTHT,False,stop,2026-10-08T03:56:35.555808Z,0.00632,gen_v2,True
gen:development:astra:fair:053,Pc4c722a0f756,development,astra,fair,,53,5,False,completed,True,ok,HTHHTTHTTHHTHTHHTTHT,False,stop,2026-10-08T03:56:29.434971Z,0.00592,gen_v2,True
gen:development:astra:fair:054,P8a4517175280,development,astra,fair,,54,5,False,completed,True,ok,HTTHHTHTTTHHTHTHHTHT,False,stop,2026-10-08T03:56:20.832405Z,0.00572,gen_v2,True
gen:development:astra:fair:055,Pf4700ad7fa40,development,astra,fair,,55,5,False,completed,True,ok,HTTHHHTHTTHHTHTHHTHT,False,stop,2026-10-08T03:56:15.164933Z,0.00822,gen_v2,True
gen:development:astra:fair:056,Pbe10ca052a70,development,astra,fair,,56,5,False,completed,True,ok,HTTHHTHTTHHHTTHTHHTH,False,stop,2026-10-08T03:56:08.471806Z,0.00582,gen_v2,True
gen:development:astra:fair:057,Pc66c3be79e86,development,astra,fair,,57,5,False,completed,True,ok,HTTHHTHTHHTTTHTHHTTH,False,stop,2026-10-08T03:56:34.131032Z,0.00642,gen_v2,False
gen:development:astra:fair:058,Pa8665223f8cb,development,astra,fair,,58,5,False,completed,True,ok,HTHHTTHTHHTHTTHHHTHT,False,stop,2026-10-08T03:56:12.274002Z,0.00657,gen_v2,False
gen:development:astra:fair:059,Pfcd2bb688a25,development,astra,fair,,59,5,False,completed,True,ok,HTTHHTHTTTHHTHTHHTHH,False,stop,2026-10-08T03:56:29.530858Z,0.00627,gen_v2,True
gen:development:astra:plain:000,P358e9842b443,development,astra,plain,,0,0,True,completed,True,ok,HTHHTTHTHTTHHHTHTTHH,False,stop,2026-10-08T03:49:31.747901Z,0.00696,gen_v2,True
gen:development:astra:plain:001,P353d5347fd46,development,astra,plain,,1,0,True,completed,True,ok,THHTHTTHHHTHTTHHTHTH,False,stop,2026-10-08T03:49:26.115084Z,0.00561,gen_v2,True
gen:development:astra:plain:002,P92a12ef80580,development,astra,plain,,2,0,True,completed,True,ok,HTHHTTHTHTTHHTHTHHTH,False,stop,2026-10-08T03:49:30.828990Z,0.00606,gen_v2,True
gen:development:astra:plain:003,P90a2ffa75d82,development,astra,plain,,3,0,True,completed,True,ok,HTHHTTHTTHHTHTHHTTHH,False,stop,2026-10-08T03:49:37.426824Z,0.00646,gen_v2,True
gen:development:astra:plain:004,Pc6256aa7a513,development,astra,plain,,4,0,True,completed,True,ok,HTTHHTHTTHHHTTHTHHTH,False,stop,2026-10-08T03:49:36.985910Z,0.00546,gen_v2,True
gen:development:astra:plain:005,Pfd7c3408cd8e,development,astra,plain,,5,0,False,completed,True,ok,HTHHTTHTTHHTHTHHTTHH,False,stop,2026-10-08T03:52:59.354836Z,0.00671,gen_v2,True
gen:development:astra:plain:006,P8a9a2e5257bd,development,astra,plain,,6,0,False,completed,True,ok,HTHHTTHTHTTHHTHTTHHH,False,stop,2026-10-08T03:53:09.627933Z,0.00596,gen_v2,True
gen:development:astra:plain:007,Pf080d2152ae8,development,astra,plain,,7,0,False,completed,True,ok,HTTHHTHTTTHHTHHTTHTH,False,stop,2026-10-08T03:53:06.773916Z,0.00641,gen_v2,True
gen:development:astra:plain:008,P288e6c0892bc,development,astra,plain,,8,0,False,completed,True,ok,THHTHTTHHTHHTTHTHHTH,False,stop,2026-10-08T03:52:52.730681Z,0.00441,gen_v2,True
gen:development:astra:plain:009,P3cee08e40af9,development,astra,plain,,9,0,False,completed,True,ok,HTTHHTHTTTHHTHTHHTTH,False,stop,2026-10-08T03:53:08.492981Z,0.00696,gen_v2,False
gen:development:astra:plain:010,P978a9bfd04aa,development,astra,plain,,10,1,False,completed,True,ok,HTHHTTHTHTTHHTHTHHTT,False,stop,2026-10-08T03:53:40.856253Z,0.00546,gen_v2,True
gen:development:astra:plain:011,Pb9fb003a8403,development,astra,plain,,11,1,False,completed,True,ok,HTTHHTHTHHTTHTHTTHHH,False,stop,2026-10-08T03:53:53.755909Z,0.00741,gen_v2,True
gen:development:astra:plain:012,Pf930a30f582e,development,astra,plain,,12,1,False,completed,True,ok,HTTHHTHTHHTTHTTHHTHH,False,stop,2026-10-08T03:53:53.978777Z,0.00706,gen_v2,True
gen:development:astra:plain:013,P1d2b160e5d9b,development,astra,plain,,13,1,False,completed,True,ok,HTHHTTHTHTTHHTHTHHTH,False,stop,2026-10-08T03:53:33.112925Z,0.00576,gen_v2,True
gen:development:astra:plain:014,Paac4aaf9b4d8,development,astra,plain,,14,1,False,completed,True,ok,HTTHHTHTTTHHTHTHHTTH,False,stop,2026-10-08T03:53:26.687694Z,0.00646,gen_v2,True
gen:development:astra:plain:015,P4d61a0ffa0be,development,astra,plain,,15,1,False,completed,True,ok,HTTHHTHTHHTTHTTHHHTH,False,stop,2026-10-08T03:53:30.035059Z,0.00521,gen_v2,True
gen:development:astra:plain:016,P3e55f6da3d43,development,astra,plain,,16,1,False,completed,True,ok,HTHHTTHTHTTHHTHHTTHH,False,stop,2026-10-08T03:53:57.109796Z,0.00401,gen_v2,True
gen:development:astra:plain:017,P0e15315f227d,development,astra,plain,,17,1,False,completed,True,ok,HTTHHTHTTHHHTTHTHHTH,False,stop,2026-10-08T03:53:43.776795Z,0.00541,gen_v2,True
gen:development:astra:plain:018,P37b587afbd9d,development,astra,plain,,18,1,False,completed,True,ok,HTHHTTHTHTTHHTHHTTHH,False,stop,2026-10-08T03:53:46.090886Z,0.00601,gen_v2,True
gen:development:astra:plain:019,P209b3489c639,development,astra,plain,,19,1,False,completed,True,ok,HTTHHTHTTHTHHHTTHTHT,False,stop,2026-10-08T03:53:40.664462Z,0.00606,gen_v2,True
gen:development:astra:plain:020,Pedf412fb89ec,development,astra,plain,,20,2,False,completed,True,ok,HTHHTTHTTHHTHTHHTTHT,False,stop,2026-10-08T03:54:04.173873Z,0.00596,gen_v2,True
gen:development:astra:plain:021,P2ccf0081d0e9,development,astra,plain,,21,2,False,completed,True,ok,HTTHHTHTTHTHHHTTHTHH,False,stop,2026-10-08T03:54:11.020691Z,0.00686,gen_v2,True
gen:development:astra:plain:022,Pcc8972ed91c5,development,astra,plain,,22,2,False,completed,True,ok,HTTHHTHTTHTHHHTTHTHT,False,stop,2026-10-08T03:54:28.533799Z,0.00716,gen_v2,True
gen:development:astra:plain:023,P9f48e13f1dbb,development,astra,plain,,23,2,False,completed,True,ok,HTTHHTHTTTHHTHTHHHTH,False,stop,2026-10-08T03:54:15.491993Z,0.00561,gen_v2,True
gen:development:astra:plain:024,P741b186c9337,development,astra,plain,,24,2,False,completed,True,ok,HTHHTTHTHTTHHHTHTTHT,False,stop,2026-10-08T03:54:09.132268Z,0.00676,gen_v2,True
gen:development:astra:plain:025,P1104b106adb3,development,astra,plain,,25,2,False,completed,True,ok,HTTHHTHTTTHHTHTHHTHT,False,stop,2026-10-08T03:54:19.994045Z,0.00406,gen_v2,True
gen:development:astra:plain:026,P9d378af1b052,development,astra,plain,,26,2,False,completed,True,ok,HTHHTTHTHTTHHHTHTTHH,False,stop,2026-10-08T03:54:39.216920Z,0.00561,gen_v2,True
gen:development:astra:plain:027,Pe452fec0ae6d,development,astra,plain,,27,2,False,completed,True,ok,HTHHTTHTHTTHHTHTHHTH,False,stop,2026-10-08T03:54:38.246573Z,0.00566,gen_v2,True
gen:development:astra:plain:028,Pb65f476ee0d4,development,astra,plain,,28,2,False,completed,True,ok,THHTHTTHHHTHTTHHTHTH,False,stop,2026-10-08T03:54:20.819895Z,0.00261,gen_v2,True
gen:development:astra:plain:029,Pabead9ad7343,development,astra,plain,,29,2,False,completed,True,ok,HTTHHTHTTHTHHHTTHTHT,False,stop,2026-10-08T03:54:25.905160Z,0.00626,gen_v2,True
gen:development:astra:plain:030,P2f2b9bcc749c,development,astra,plain,,30,3,False,completed,True,ok,HTHHTTHTTHHHTHTTHTHT,False,stop,2026-10-08T03:54:56.370799Z,0.00666,gen_v2,True
gen:development:astra:plain:031,P7b4fb3cdcdcd,development,astra,plain,,31,3,False,completed,True,ok,HTTHHTHTTTHHTHTHHTHT,False,stop,2026-10-08T03:55:00.190889Z,0.00636,gen_v2,True
gen:development:astra:plain:032,P65ebe4bcd723,development,astra,plain,,32,3,False,completed,True,ok,HTHHTTHTTHHTHTHHTTHT,False,stop,2026-10-08T03:55:11.711134Z,0.00676,gen_v2,True
gen:development:astra:plain:033,P15c83d04d2c4,development,astra,plain,,33,3,False,completed,True,ok,HTTHHTHTHHTHTTHHHTHT,False,stop,2026-10-08T03:54:54.301023Z,0.00656,gen_v2,True
gen:development:astra:plain:034,Pcdeaa8dc528c,development,astra,plain,,34,3,False,completed,True,ok,HTTHHTHTHHTTHTTHHHTH,False,stop,2026-10-08T03:55:08.002992Z,0.00516,gen_v2,True
gen:development:astra:plain:035,P7b351bd3953e,development,astra,plain,,35,3,False,completed,True,ok,HTTHHTHTTTHHTHTHHTHH,False,stop,2026-10-08T03:54:56.258053Z,0.00766,gen_v2,True
gen:development:astra:plain:036,Pa188f4fe5dd0,development,astra,plain,,36,3,False,completed,True,ok,HTTHHTHTTHHHTTHTHHTH,False,stop,2026-10-08T03:55:12.961799Z,0.00526,gen_v2,True
gen:development:astra:plain:037,Pe1c996c5ae6b,development,astra,plain,,37,3,False,completed,True,ok,HTHHTTHTHHTHTTHHTHTH,False,stop,2026-10-08T03:54:53.879044Z,0.00601,gen_v2,True
gen:development:astra:plain:038,P5adcdc428199,development,astra,plain,,38,3,False,completed,True,ok,HTTHHTHHTHTTHHHTHTTH,False,stop,2026-10-08T03:55:19.302861Z,0.00691,gen_v2,True
gen:development:astra:plain:039,P578947e37226,development,astra,plain,,39,3,False,completed,True,ok,HTTHHTHTTTHHTHHHTTHT,False,stop,2026-10-08T03:55:09.716964Z,0.00546,gen_v2,True
gen:development:astra:plain:040,P00651414d260,development,astra,plain,,40,4,False,completed,True,ok,HTHHTTHTHTTHHTHTTHHT,False,stop,2026-10-08T03:55:32.827585Z,0.00571,gen_v2,True
gen:development:astra:plain:041,P44ffded09499,development,astra,plain,,41,4,False,completed,True,ok,HTTHHTHTTTHHTHTHHTHT,False,stop,2026-10-08T03:55:37.560971Z,0.00591,gen_v2,True
gen:development:astra:plain:042,Pf7f8377066d4,development,astra,plain,,42,4,False,completed,True,ok,HTHHTTHTTHHTHTHHTTHH,False,stop,2026-10-08T03:55:46.628056Z,0.00606,gen_v2,True
gen:development:astra:plain:043,P1146f5e61e6a,development,astra,plain,,43,4,False,completed,True,ok,HTTHHTHTTTHHTHHHTTHH,False,stop,2026-10-08T03:55:29.124082Z,0.00671,gen_v2,True
gen:development:astra:plain:044,P649f4c147174,development,astra,plain,,44,4,False,completed,True,ok,HTTHHTHTTHTHHHTTHTHH,False,stop,2026-10-08T03:55:39.613818Z,0.00411,gen_v2,True
gen:development:astra:plain:045,P1d1c0007c800,development,astra,plain,,45,4,False,completed,True,ok,HTHHTTHTTHHHTHTTHHTH,False,stop,2026-10-08T03:55:32.105012Z,0.00531,gen_v2,True
gen:development:astra:plain:046,P32013dceba1f,development,astra,plain,,46,4,False,completed,True,ok,HTTHHHTHTHHTTHTHHTHT,False,stop,2026-10-08T03:55:52.510764Z,0.00921,gen_v2,True
gen:development:astra:plain:047,P3d8ba443f061,development,astra,plain,,47,4,False,completed,True,ok,THHTHHHTTHTHHTHTHHTH,False,stop,2026-10-08T03:55:44.897184Z,0.00576,gen_v2,True
gen:development:astra:plain:048,Pc511b1b0e170,development,astra,plain,,48,4,False,completed,True,ok,HTTHHTHTTTHHTHHHTTHH,False,stop,2026-10-08T03:55:49.692948Z,0.00641,gen_v2,True
gen:development:astra:plain:049,P9da398c77a93,development,astra,plain,,49,4,False,completed,True,ok,HTHHTTHTHTTHHTHHTTHH,False,stop,2026-10-08T03:55:56.870961Z,0.00611,gen_v2,True
gen:development:astra:plain:050,P68049025489c,development,astra,plain,,50,5,False,completed,True,ok,HTTHHTHTTTHHTHTHHTHH,False,stop,2026-10-08T03:56:10.675378Z,0.00781,gen_v2,True
gen:development:astra:plain:051,P6111f38b4446,development,astra,plain,,51,5,False,completed,True,ok,HTTHHTHTTHTHHHTTHTHT,False,stop,2026-10-08T03:56:33.969874Z,0.00626,gen_v2,True
gen:development:astra:plain:052,Pf376ffc8e375,development,astra,plain,,52,5,False,completed,True,ok,HTTHHTHTTTHHTHTHHHTT,False,stop,2026-10-08T03:56:32.968893Z,0.00661,gen_v2,True
gen:development:astra:plain:053,P6cad5953d46b,development,astra,plain,,53,5,False,completed,True,ok,HTTHHTHHTHTTHTHHHTTH,False,stop,2026-10-08T03:56:22.548962Z,0.00896,gen_v2,True
gen:development:astra:plain:054,P93b1938e56f7,development,astra,plain,,54,5,False,completed,True,ok,HTTHHTHTTHHHTHTTHHTH,False,stop,2026-10-08T03:56:22.457035Z,0.00621,gen_v2,False
gen:development:astra:plain:055,P1356bf255c3f,development,astra,plain,,55,5,False,completed,True,ok,THHTHTTHTTHHHTHTHHTH,False,stop,2026-10-08T03:56:15.838118Z,0.00551,gen_v2,True
gen:development:astra:plain:056,P7a9f3080d19a,development,astra,plain,,56,5,False,completed,True,ok,HTTHHTHTHHTTHTHHTHTT,False,stop,2026-10-08T03:56:25.990168Z,0.00621,gen_v2,True
gen:development:astra:plain:057,Pbd6883fb3aed,development,astra,plain,,57,5,False,completed,True,ok,HTTHHTHTTTHHTHHHTTHH,False,stop,2026-10-08T03:56:41.207650Z,0.00701,gen_v2,True
gen:development:astra:plain:058,Pfa706b0f082b,development,astra,plain,,58,5,False,completed,True,ok,HTTHHTHTHHTTHTTHHTHT,False,stop,2026-10-08T03:56:17.104976Z,0.00686,gen_v2,True
gen:development:astra:plain:059,P06ae95ba1da9,development,astra,plain,,59,5,False,completed,True,ok,HTTHHTHTTHTHHHTTHTHH,False,stop,2026-10-08T03:56:08.321807Z,0.00811,gen_v2,True
gen:development:fable:fair:000,P7390a4a294aa,development,fable,fair,,0,0,True,completed,True,ok,HTTHHTHTTTHHTHTHHTTH,False,stop,2026-10-08T03:49:33.357000Z,0.00439,gen_v2,True
gen:development:fable:fair:001,P5da8d8cf66ce,development,fable,fair,,1,0,True,completed,True,ok,HTTHHTHTTTHHTHHTTHTH,False,stop,2026-10-08T03:49:27.612814Z,0.00779,gen_v2,True
gen:development:fable:fair:002,Pf3dc0da5174d,development,fable,fair,,2,0,True,completed,True,ok,HTTHHTHTTTHHTHTTHHTH,False,stop,2026-10-08T03:49:27.022586Z,0.00634,gen_v2,True
gen:development:fable:fair:003,P2da36ec33621,development,fable,fair,,3,0,True,completed,True,ok,HTTHHTHHTTHTHHTTTHTH,False,stop,2026-10-08T03:49:41.591004Z,0.00654,gen_v2,True
gen:development:fable:fair:004,Pa25f8ff8195c,development,fable,fair,,4,0,True,completed,True,ok,HTTHHTHTTTHHTHTTHHTH,False,stop,2026-10-08T03:49:42.218753Z,0.00564,gen_v2,True
gen:development:fable:fair:005,P410f6d3a7d14,development,fable,fair,,5,0,False,completed,True,ok,HTTHHTHTTTHHTHTTHHHT,False,stop,2026-10-08T03:52:58.490360Z,0.00559,gen_v2,True
gen:development:fable:fair:006,P4e25798ee42d,development,fable,fair,,6,0,False,completed,True,ok,HTTHHTHTTTHHTHHTTHTH,False,stop,2026-10-08T03:52:57.635652Z,0.00509,gen_v2,True
gen:development:fable:fair:007,P0dd7b00c73d6,development,fable,fair,,7,0,False,completed,True,ok,HTTHHTHHTHTTHHTTTHHT,False,stop,2026-10-08T03:53:12.602774Z,0.01554,gen_v2,True
gen:development:fable:fair:008,Pc289e886ad1e,development,fable,fair,,8,0,False,completed,True,ok,HTTHHTHTTTHHHTHTTHHT,False,stop,2026-10-08T03:53:02.558553Z,0.00499,gen_v2,True
gen:development:fable:fair:009,Pfd3730c944e1,development,fable,fair,,9,0,False,completed,True,ok,HTTHHTHTTTHHHTTHTHHT,False,stop,2026-10-08T03:53:07.441026Z,0.00769,gen_v2,True
gen:development:fable:fair:010,P2f977b018bbc,development,fable,fair,,10,1,False,completed,True,ok,HTTHHTHTTTHHTHTHHTTH,False,stop,2026-10-08T03:53:28.993312Z,0.00439,gen_v2,True
gen:development:fable:fair:011,P8900c3f49090,development,fable,fair,,11,1,False,completed,True,ok,HTTHHTHTTTHHTHTTHHTH,False,stop,2026-10-08T03:53:47.174906Z,0.00504,gen_v2,True
gen:development:fable:fair:012,P192f0c2406ee,development,fable,fair,,12,1,False,completed,True,ok,HTTHHTHTTTHHTHHTHTTH,False,stop,2026-10-08T03:53:54.838816Z,0.00579,gen_v2,True
gen:development:fable:fair:013,P73626babdf73,development,fable,fair,,13,1,False,completed,True,ok,HTTHHTHTTTHHHTHTTHHT,False,stop,2026-10-08T03:53:24.943778Z,0.00874,gen_v2,True
gen:development:fable:fair:014,P727e0354a188,development,fable,fair,,14,1,False,completed,True,ok,HTTHHTHTTTHHTHTHHTTH,False,stop,2026-10-08T03:53:25.377470Z,0.00994,gen_v2,True
gen:development:fable:fair:015,Pd72adaaee0a9,development,fable,fair,,15,1,False,completed,True,ok,HTTHHTHTTTHHTHTTHHHT,False,stop,2026-10-08T03:53:29.106652Z,0.00449,gen_v2,True
gen:development:fable:fair:016,P1eef0272552f,development,fable,fair,,16,1,False,completed,True,ok,HTTHHTHTTTHHTHHTTHTH,False,stop,2026-10-08T03:53:35.684961Z,0.00924,gen_v2,True
gen:development:fable:fair:017,P54748871becb,development,fable,fair,,17,1,False,completed,True,ok,HTTHHTHTTTHHHTHTTHHT,False,stop,2026-10-08T03:53:36.817845Z,0.00634,gen_v2,True
gen:development:fable:fair:018,P0f2103f2e541,development,fable,fair,,18,1,False,completed,True,ok,HTTHHTHTTTHHHTTHTHHT,False,stop,2026-10-08T03:53:35.971658Z,0.00584,gen_v2,True
gen:development:fable:fair:019,Pe03501e0f021,development,fable,fair,,19,1,False,completed,True,ok,HTTHHTHTTTHHTHHTTHTH,False,stop,2026-10-08T03:53:57.803739Z,0.00504,gen_v2,True
gen:development:fable:fair:020,Pa8f2e3ad5c0b,development,fable,fair,,20,2,False,completed,True,ok,HTTHHHTHTTHTHHTTHTHT,False,stop,2026-10-08T03:54:30.340891Z,0.00984,gen_v2,True
gen:development:fable:fair:021,P4d9ccac6ecac,development,fable,fair,,21,2,False,completed,True,ok,HTTHHHTHTTHTHHTTHTHT,False,stop,2026-10-08T03:54:13.763627Z,0.01014,gen_v2,True
gen:development:fable:fair:022,P3fe619d987bd,development,fable,fair,,22,2,False,completed,True,ok,HTTHHTHTTTHHTHTTHHTH,False,stop,2026-10-08T03:54:24.476860Z,0.00699,gen_v2,True
gen:development:fable:fair:023,P7e4d28a50a28,development,fable,fair,,23,2,False,completed,True,ok,HTTHHTHTTTHHHTHTTHHT,False,stop,2026-10-08T03:54:04.683018Z,0.00744,gen_v2,True
gen:development:fable:fair:024,P7ba2c0f1df76,development,fable,fair,,24,2,False,completed,True,ok,HTTHHTHTTTHHTHTHHTTH,False,stop,2026-10-08T03:54:31.113808Z,0.00749,gen_v2,True
gen:development:fable:fair:025,P82e6c29867de,development,fable,fair,,25,2,False,completed,True,ok,HTTHHTHHTHTTHTHHTHTH,False,stop,2026-10-08T03:54:34.940193Z,0.01594,gen_v2,True
gen:development:fable:fair:026,P056d5858ac14,development,fable,fair,,26,2,False,completed,True,ok,HTTHHTHTTTHHHTHTTHTT,False,stop,2026-10-08T03:54:18.205739Z,0.00539,gen_v2,True
gen:development:fable:fair:027,P290a7bc4610f,development,fable,fair,,27,2,False,completed,True,ok,HTTHHTHTTTHHTHTHHTTH,False,stop,2026-10-08T03:54:12.753900Z,0.00474,gen_v2,True
gen:development:fable:fair:028,P8ab27ea37f5b,development,fable,fair,,28,2,False,completed,True,ok,HTTHHTHTTTHHHTHTTHHT,False,stop,2026-10-08T03:54:32.367740Z,0.00594,gen_v2,True
gen:development:fable:fair:029,Pac4a2dbc65f4,development,fable,fair,,29,2,False,completed,True,ok,HTTHHTHTTTHHTHHTTHTH,False,stop,2026-10-08T03:54:30.060875Z,0.00664,gen_v2,True
gen:development:fable:fair:030,P5426a503703c,development,fable,fair,,30,3,False,completed,True,ok,HTTHHTHHTTHTTTHHTHHT,False,stop,2026-10-08T03:54:50.481891Z,0.00689,gen_v2,True
gen:development:fable:fair:031,P505c2eaee685,development,fable,fair,,31,3,False,completed,True,ok,HTTHHTHTTTHHHTHTTHTH,False,stop,2026-10-08T03:55:18.318641Z,0.01079,gen_v2,True
gen:development:fable:fair:032,P4e7c51b7f307,development,fable,fair,,32,3,False,completed,True,ok,HTTHHTHTTTHHTHHTTHTH,False,stop,2026-10-08T03:55:21.684026Z,0.00809,gen_v2,True
gen:development:fable:fair:033,P66f429accda6,development,fable,fair,,33,3,False,completed,True,ok,HTTHHTHTTTHHTHTTHHTH,False,stop,2026-10-08T03:55:18.415960Z,0.00999,gen_v2,True
gen:development:fable:fair:034,P39c067bf8af7,development,fable,fair,,34,3,False,completed,True,ok,HTTHHTHTTTHHTHTTHHHT,False,stop,2026-10-08T03:54:54.929085Z,0.00489,gen_v2,True
gen:development:fable:fair:035,P95d368ec6071,development,fable,fair,,35,3,False,completed,True,ok,HTTHHTHTTTHHTHHTTHTH,False,stop,2026-10-08T03:55:04.828826Z,0.00694,gen_v2,True
gen:development:fable:fair:036,P9f6b90361d23,development,fable,fair,,36,3,False,completed,True,ok,HTTHHTHTTTHHHTHTTHHT,False,stop,2026-10-08T03:55:01.063980Z,0.00764,gen_v2,True
gen:development:fable:fair:037,P21c9e9372ca4,development,fable,fair,,37,3,False,completed,True,ok,HTTHHTHTTTHHTHTHHTHT,False,stop,2026-10-08T03:54:50.878981Z,0.01209,gen_v2,True
gen:development:fable:fair:038,P244a9382fb2f,development,fable,fair,,38,3,False,completed,True,ok,HTTHHTHTTTHHTHTTHHTH,False,stop,2026-10-08T03:55:12.911971Z,0.00709,gen_v2,True
gen:development:fable:fair:039,Pd6ff3e447903,development,fable,fair,,39,3,False,completed,False,no_list,,False,stop,2026-10-08T03:55:24.450627Z,0.02169,gen_v2,False
gen:development:fable:fair:040,P41d7737645f7,development,fable,fair,,40,4,False,completed,True,ok,HTTHHTHTTTHHTHTHHTTH,False,stop,2026-10-08T03:55:58.502428Z,0.00539,gen_v2,True
gen:development:fable:fair:041,P8b6d945e424a,development,fable,fair,,41,4,False,completed,True,ok,HTTHHHTHTTHTHHTHTHTT,False,stop,2026-10-08T03:55:40.796760Z,0.01144,gen_v2,True
gen:development:fable:fair:042,P83091968f534,development,fable,fair,,42,4,False,completed,True,ok,HTTHHHTHTTHTHHTTHTHT,False,stop,2026-10-08T03:56:04.359483Z,0.01199,gen_v2,True
gen:development:fable:fair:043,Pea489d686328,development,fable,fair,,43,4,False,completed,True,ok,HTTHHTHTTTHHTHHTTHTH,False,stop,2026-10-08T03:56:02.340621Z,0.00644,gen_v2,True
gen:development:fable:fair:044,P103e77b089f1,development,fable,fair,,44,4,False,completed,True,ok,HTTHHTHTTTHHTHTTHHTH,False,stop,2026-10-08T03:55:33.226674Z,0.00659,gen_v2,True
gen:development:fable:fair:045,Pa8f447ac53e1,development,fable,fair,,45,4,False,completed,True,ok,HTTHHTHTTTHHTHTHHTTH,False,stop,2026-10-08T03:55:50.139004Z,0.00484,gen_v2,True
gen:development:fable:fair:046,P54d9e066f056,development,fable,fair,,46,4,False,completed,True,ok,HTTHHTHTTTHHTHTHHTTH,False,stop,2026-10-08T03:55:54.320718Z,0.00594,gen_v2,True
gen:development:fable:fair:047,P7291fff573bb,development,fable,fair,,47,4,False,completed,True,ok,HTTHHHTHTTHHTHTTTHHT,False,stop,2026-10-08T03:55:54.438558Z,0.00789,gen_v2,True
gen:development:fable:fair:048,Pd9f690761e5e,development,fable,fair,,48,4,False,completed,True,ok,HTTHHTHTTTHHHTHTTHHT,False,stop,2026-10-08T03:55:43.703208Z,0.00799,gen_v2,True
gen:development:fable:fair:049,P2e6ca13b07a6,development,fable,fair,,49,4,False,completed,True,ok,HTTHHTHTTTHHTHTTHHHT,False,stop,2026-10-08T03:55:51.139094Z,0.00714,gen_v2,True
gen:development:fable:fair:050,Pd951da67dd8c,development,fable,fair,,50,5,False,completed,True,ok,HTTHHTHTTTHHTHTHHTTH,False,stop,2026-10-08T03:56:12.650972Z,0.00719,gen_v2,True
gen:development:fable:fair:051,Pef6b3fa1ca37,development,fable,fair,,51,5,False,completed,True,ok,HTTHHTHTTTHHTHHTTHTH,False,stop,2026-10-08T03:56:08.385619Z,0.00554,gen_v2,True
gen:development:fable:fair:052,P1492e345ffa0,development,fable,fair,,52,5,False,completed,True,ok,HTTHHTHTTTHHTHTTHHTH,False,stop,2026-10-08T03:56:19.097227Z,0.00794,gen_v2,True
gen:development:fable:fair:053,P40e3113273f5,development,fable,fair,,53,5,False,completed,True,ok,HTTHHTHTTTHHTHTTHHHT,False,stop,2026-10-08T03:56:16.402990Z,0.00504,gen_v2,True
gen:development:fable:fair:054,P93e98cf435d9,development,fable,fair,,54,5,False,completed,True,ok,HTTHHTHTTTHHTHTTHHTH,False,stop,2026-10-08T03:56:26.909956Z,0.00499,gen_v2,True
gen:development:fable:fair:055,P8a740d166d04,development,fable,fair,,55,5,False,completed,True,ok,HTTHHTHTTTHHTHTTHHTH,False,stop,2026-10-08T03:56:38.822108Z,0.00634,gen_v2,True
gen:development:fable:fair:056,P0da56d8acbaa,development,fable,fair,,56,5,False,completed,True,ok,HTTHHHTHTTHTHHTHTHTH,False,stop,2026-10-08T03:56:43.594097Z,0.01284,gen_v2,True
gen:development:fable:fair:057,Pa6abff022a35,development,fable,fair,,57,5,False,completed,True,ok,HTTHHTHTTTHHTHTHHTTH,False,stop,2026-10-08T03:56:08.468645Z,0.00504,gen_v2,True
gen:development:fable:fair:058,P00d69572c774,development,fable,fair,,58,5,False,completed,True,ok,HTTHHTHTTTHHHTHTTHHT,False,stop,2026-10-08T03:56:14.958880Z,0.00559,gen_v2,True
gen:development:fable:fair:059,P40ccede27a37,development,fable,fair,,59,5,False,completed,True,ok,HTTHHTHTTTHHTHTTHHTH,False,stop,2026-10-08T03:56:25.558857Z,0.00649,gen_v2,True
gen:development:fable:plain:000,Pf28806f2fc83,development,fable,plain,,0,0,True,completed,True,ok,HTTHHTHTTHHHTHTTHTHH,False,stop,2026-10-08T03:49:43.938103Z,0.00922,gen_v2,True
gen:development:fable:plain:001,P8af80af20d50,development,fable,plain,,1,0,True,completed,True,ok,HTTHHHTHTTHTHHTHTTHH,False,stop,2026-10-08T03:49:31.616132Z,0.01052,gen_v2,True
gen:development:fable:plain:002,P415bda0a0a74,development,fable,plain,,2,0,True,completed,True,ok,HTTHHHTHTTHTHHTHTTHH,False,stop,2026-10-08T03:49:27.017963Z,0.01022,gen_v2,True
gen:development:fable:plain:003,P31b993a7e9c8,development,fable,plain,,3,0,True,completed,True,ok,HTTHHTHTTTHHTHHTTHTH,False,stop,2026-10-08T03:49:37.364899Z,0.00442,gen_v2,True
gen:development:fable:plain:004,P74112d9e38b9,development,fable,plain,,4,0,True,completed,True,ok,HTTHHTHTTTHHTHTHHTHT,False,stop,2026-10-08T03:49:27.677585Z,0.01057,gen_v2,True
gen:development:fable:plain:005,Pecc9f2cf830f,development,fable,plain,,5,0,False,completed,True,ok,HTTHHHTHTTHTHHTHTTHH,False,stop,2026-10-08T03:52:53.983852Z,0.00812,gen_v2,True
gen:development:fable:plain:006,P7ebc3e00c8b2,development,fable,plain,,6,0,False,completed,True,ok,HTTHHTHTTTHHTHTHHTHT,False,stop,2026-10-08T03:52:54.333276Z,0.01027,gen_v2,True
gen:development:fable:plain:007,Pf5f3c5c5057f,development,fable,plain,,7,0,False,completed,True,ok,HTTHHHTHTTHTHHTHTTHH,False,stop,2026-10-08T03:52:57.390133Z,0.01042,gen_v2,True
gen:development:fable:plain:008,Pab74dca30323,development,fable,plain,,8,0,False,completed,True,ok,HTTHHTHTTTHHTHTHHTHT,False,stop,2026-10-08T03:52:54.805016Z,0.01072,gen_v2,True
gen:development:fable:plain:009,Pf721fa6083f4,development,fable,plain,,9,0,False,completed,True,ok,HTTHHHTHTTHTHHTHTTHT,False,stop,2026-10-08T03:53:01.842017Z,0.00877,gen_v2,True
gen:development:fable:plain:010,Pb2453238678d,development,fable,plain,,10,1,False,completed,True,ok,HTTHHHTHTTHTHHTHTTHT,False,stop,2026-10-08T03:53:33.023528Z,0.01052,gen_v2,True
gen:development:fable:plain:011,P6202f3bd876f,development,fable,plain,,11,1,False,completed,True,ok,HTTHHTHTTTHHTHTHHTHT,False,stop,2026-10-08T03:53:50.496004Z,0.00997,gen_v2,True
gen:development:fable:plain:012,P252fee1ee8a9,development,fable,plain,,12,1,False,completed,True,ok,HTTHTHHHTHTTHTHHTHTT,False,stop,2026-10-08T03:53:59.461847Z,0.00912,gen_v2,True
gen:development:fable:plain:013,Pd677f8cb8e21,development,fable,plain,,13,1,False,completed,True,ok,HTTHHHTHTTHTHHTHTTHT,False,stop,2026-10-08T03:53:50.701944Z,0.00992,gen_v2,True
gen:development:fable:plain:014,Pcdeaf035f9e8,development,fable,plain,,14,1,False,completed,True,ok,HTTHHHTHTTHTHHTHTTHH,False,stop,2026-10-08T03:53:24.892081Z,0.01042,gen_v2,True
gen:development:fable:plain:015,Pf9ed545235d1,development,fable,plain,,15,1,False,completed,True,ok,HTTHHHTHTTHTHHTHTTHH,False,stop,2026-10-08T03:53:37.831241Z,0.01037,gen_v2,True
gen:development:fable:plain:016,P9960327dd887,development,fable,plain,,16,1,False,completed,True,ok,HTTHHTHTTTHHTHHTHTHH,False,stop,2026-10-08T03:53:59.706961Z,0.01182,gen_v2,True
gen:development:fable:plain:017,P9b011090987c,development,fable,plain,,17,1,False,completed,True,ok,THHTHTTHHHTHTTHHTTHT,False,stop,2026-10-08T03:53:33.121882Z,0.00427,gen_v2,True
gen:development:fable:plain:018,P6c5437d9970f,development,fable,plain,,18,1,False,completed,True,ok,HTTHHHTHTTHTHHTHTHTH,False,stop,2026-10-08T03:53:55.331595Z,0.01032,gen_v2,True
gen:development:fable:plain:019,P48d8be118730,development,fable,plain,,19,1,False,completed,True,ok,HTTHHHTHTTHTHHTHTHTH,False,stop,2026-10-08T03:53:52.200927Z,0.01122,gen_v2,True
gen:development:fable:plain:020,P0fe6e46205a3,development,fable,plain,,20,2,False,completed,True,ok,HTTHHHTHTTHTHHTHTTHT,False,stop,2026-10-08T03:54:25.595434Z,0.00887,gen_v2,True
gen:development:fable:plain:021,Pd5e7ecad7415,development,fable,plain,,21,2,False,completed,True,ok,HTTHHHTHTTHTHHTHTTHT,False,stop,2026-10-08T03:54:35.281530Z,0.01157,gen_v2,True
gen:development:fable:plain:022,P0456acf68fe0,development,fable,plain,,22,2,False,completed,True,ok,HTTHHTHTTTHHTHTHHTHT,False,stop,2026-10-08T03:54:35.760337Z,0.01062,gen_v2,True
gen:development:fable:plain:023,P0d001bb828fd,development,fable,plain,,23,2,False,completed,True,ok,THHTHTTHHHTHTTHHTHTH,False,stop,2026-10-08T03:54:08.264380Z,0.01182,gen_v2,True
gen:development:fable:plain:024,Pd38b1c275b70,development,fable,plain,,24,2,False,completed,True,ok,HTTHHTHTTTHHTHTHHTHT,False,stop,2026-10-08T03:54:07.531191Z,0.01037,gen_v2,True
gen:development:fable:plain:025,P838ec56c1267,development,fable,plain,,25,2,False,completed,True,ok,HTTHHHTHTTHTHHTHTTHT,False,stop,2026-10-08T03:54:19.679266Z,0.01037,gen_v2,True
gen:development:fable:plain:026,P9e3c39affb9b,development,fable,plain,,26,2,False,completed,True,ok,HTTHHHTHTTHTHHTHTTHH,False,stop,2026-10-08T03:54:04.745373Z,0.01032,gen_v2,True
gen:development:fable:plain:027,P4171caf1d3b3,development,fable,plain,,27,2,False,completed,True,ok,HTTHHHTHTTHTHHTHTTHT,False,stop,2026-10-08T03:54:08.756819Z,0.01082,gen_v2,True
gen:development:fable:plain:028,P6ff18ed232dd,development,fable,plain,,28,2,False,completed,True,ok,HTTHHHTHTTHTHHTHTHTH,False,stop,2026-10-08T03:54:04.025497Z,0.00782,gen_v2,True
gen:development:fable:plain:029,Pf2937a2ba853,development,fable,plain,,29,2,False,completed,True,ok,HTTHHHTHTTHTHHTHTTHH,False,stop,2026-10-08T03:54:34.948878Z,0.01057,gen_v2,True
gen:development:fable:plain:030,P44fdb73af786,development,fable,plain,,30,3,False,completed,True,ok,HTTHHHTHTTHTHHTHTTHT,False,stop,2026-10-08T03:55:22.529213Z,0.01137,gen_v2,True
gen:development:fable:plain:031,Pa72bcb083cb9,development,fable,plain,,31,3,False,completed,True,ok,HTTHHTHHTHTTHTHHTHTH,False,stop,2026-10-08T03:54:55.133972Z,0.01132,gen_v2,True
gen:development:fable:plain:032,P34406f39fe3d,development,fable,plain,,32,3,False,completed,True,ok,HTTHHHTHTTHTHHTHTHTH,False,stop,2026-10-08T03:54:59.695862Z,0.01102,gen_v2,True
gen:development:fable:plain:033,Pb9c7c0aa2d9a,development,fable,plain,,33,3,False,completed,True,ok,HTTHHTHHTHTTHTHHTHTH,False,stop,2026-10-08T03:55:17.361883Z,0.01032,gen_v2,True
gen:development:fable:plain:034,P47f8a472dace,development,fable,plain,,34,3,False,completed,True,ok,HTTHHTHTTTHHTHTHHTHT,False,stop,2026-10-08T03:55:21.940022Z,0.01127,gen_v2,True
gen:development:fable:plain:035,P8bfe7d7100fe,development,fable,plain,,35,3,False,completed,True,ok,HTTHHHTHTTHTHHTHTTHH,False,stop,2026-10-08T03:54:50.302045Z,0.01057,gen_v2,True
gen:development:fable:plain:036,P6cbcf311d947,development,fable,plain,,36,3,False,completed,True,ok,HTTHHHTHTTHTHHTHTTHT,False,stop,2026-10-08T03:55:14.335664Z,0.01057,gen_v2,True
gen:development:fable:plain:037,P20b43716a54d,development,fable,plain,,37,3,False,completed,True,ok,HTTHHHTHTTHTHHTHTTHH,False,stop,2026-10-08T03:55:08.533577Z,0.01037,gen_v2,True
gen:development:fable:plain:038,Pd875cf775e3a,development,fable,plain,,38,3,False,completed,True,ok,HTTHHTHTTTHHTHTHHTHT,False,stop,2026-10-08T03:55:00.174837Z,0.01042,gen_v2,True
gen:development:fable:plain:039,P1a1b3832c576,development,fable,plain,,39,3,False,completed,True,ok,HTTHHHTHTTHTHHTHTHTH,False,stop,2026-10-08T03:55:03.481852Z,0.00967,gen_v2,True
gen:development:fable:plain:040,Pea952d3974c3,development,fable,plain,,40,4,False,completed,True,ok,HTTHHTHTTTHHHTHTTHHT,False,stop,2026-10-08T03:55:55.490068Z,0.00547,gen_v2,True
gen:development:fable:plain:041,P7500c3ebcb01,development,fable,plain,,41,4,False,completed,True,ok,HTTHHHTHTTHTHHTHTTHH,False,stop,2026-10-08T03:55:29.218705Z,0.01072,gen_v2,True
gen:development:fable:plain:042,P3edd46fda499,development,fable,plain,,42,4,False,completed,True,ok,HTTHHHTHTTHTHHTHTTHT,False,stop,2026-10-08T03:55:59.952524Z,0.01022,gen_v2,True
gen:development:fable:plain:043,Pfbbcc5873362,development,fable,plain,,43,4,False,completed,True,ok,THHTTHTHHHTTHTHHTTHT,False,stop,2026-10-08T03:55:28.741722Z,0.00577,gen_v2,True
gen:development:fable:plain:044,P0c9bae2e5c37,development,fable,plain,,44,4,False,completed,True,ok,THHTHTTHHHTHTTHHTHTH,False,stop,2026-10-08T03:55:29.875882Z,0.00977,gen_v2,True
gen:development:fable:plain:045,P2b6a7f90ed35,development,fable,plain,,45,4,False,completed,True,ok,HTTHHHTHTTHTHHTHTTHH,False,stop,2026-10-08T03:55:49.659948Z,0.01002,gen_v2,True
gen:development:fable:plain:046,P9257cb3172d9,development,fable,plain,,46,4,False,completed,True,ok,HTTHHHTHTTHTHHTHTTHT,False,stop,2026-10-08T03:55:39.950433Z,0.01132,gen_v2,True
gen:development:fable:plain:047,P5915ac19a437,development,fable,plain,,47,4,False,completed,True,ok,HTTHHHTHTTHTHHTHTTHH,False,stop,2026-10-08T03:55:49.306254Z,0.01062,gen_v2,True
gen:development:fable:plain:048,P95cc0534a1e3,development,fable,plain,,48,4,False,completed,True,ok,HTTHHHTHTTHTHHTHTTHT,False,stop,2026-10-08T03:55:38.822753Z,0.01007,gen_v2,True
gen:development:fable:plain:049,P7206c3259175,development,fable,plain,,49,4,False,completed,True,ok,HTTHHHTHTTHTHHTHTTHT,False,stop,2026-10-08T03:55:59.086424Z,0.01022,gen_v2,True
gen:development:fable:plain:050,P686204291e03,development,fable,plain,,50,5,False,completed,True,ok,HTTHHTHTTTHHTHTHHTHT,False,stop,2026-10-08T03:56:37.182016Z,0.00907,gen_v2,True
gen:development:fable:plain:051,P2f756b75a72d,development,fable,plain,,51,5,False,completed,True,ok,HTTHHTHTTTHHTHTTHHHT,False,stop,2026-10-08T03:56:31.309788Z,0.00452,gen_v2,True
gen:development:fable:plain:052,Pe9908713c000,development,fable,plain,,52,5,False,completed,True,ok,HTTHHHTHTTHTHHTHTHTH,False,stop,2026-10-08T03:56:21.098180Z,0.01212,gen_v2,True
gen:development:fable:plain:053,P710214e7e3f6,development,fable,plain,,53,5,False,completed,True,ok,HTTHHHTHTTHTHHTHTTHH,False,stop,2026-10-08T03:56:38.311222Z,0.00907,gen_v2,True
gen:development:fable:plain:054,Paa7c605ef15d,development,fable,plain,,54,5,False,completed,True,ok,HTTHHHTHTTHTHHTHTTHT,False,stop,2026-10-08T03:56:39.955918Z,0.00987,gen_v2,True
gen:development:fable:plain:055,P2ddf8249f4dd,development,fable,plain,,55,5,False,completed,True,ok,HTTHHTHTTTHHTHTHHTHT,False,stop,2026-10-08T03:56:22.607737Z,0.01042,gen_v2,True
gen:development:fable:plain:056,Pc7f88c242e51,development,fable,plain,,56,5,False,completed,True,ok,HTTHHTHTTTHHTHTHHTTH,False,stop,2026-10-08T03:56:19.250829Z,0.00582,gen_v2,True
gen:development:fable:plain:057,P2300abcbd9e4,development,fable,plain,,57,5,False,completed,True,ok,THHTHTTHHHTHTTHTHHTH,False,stop,2026-10-08T03:56:12.816998Z,0.00547,gen_v2,True
gen:development:fable:plain:058,P8cb85610fcb1,development,fable,plain,,58,5,False,completed,True,ok,HTTHHTHTTTHHTHTTHHHT,False,stop,2026-10-08T03:56:08.206789Z,0.00487,gen_v2,True
gen:development:fable:plain:059,P5bf41e3abddf,development,fable,plain,,59,5,False,completed,True,ok,HTTHHHTHTTHTHHTHTTHH,False,stop,2026-10-08T03:56:40.439021Z,0.01027,gen_v2,True
hist:development:fair:t0.0:000,Hf1757dbb73f6,development,gpt35_0613,fair,0.0,0,0,True,completed,True,ok,HTHHTHTTHTHHTHTHTHTH,False,stop,2026-10-08T04:25:28.777367Z,0.000263,gen_v2,True
hist:development:fair:t0.0:001,H58053c2e7920,development,gpt35_0613,fair,0.0,1,0,True,completed,True,ok,HTHHTHTHTHTHHTHTHTHT,False,stop,2026-10-08T04:25:28.000592Z,0.000263,gen_v2,True
hist:development:fair:t0.0:002,Hf70bccde84d8,development,gpt35_0613,fair,0.0,2,0,True,completed,True,ok,HTHHTHTHTHTHHTHTHTHT,False,stop,2026-10-08T04:25:30.707242Z,0.000263,gen_v2,True
hist:development:fair:t0.0:003,Hb358d087844a,development,gpt35_0613,fair,0.0,3,0,True,completed,True,ok,HTHHTHTHTHTHHTHTHTHT,False,stop,2026-10-08T04:25:30.408709Z,0.000263,gen_v2,True
hist:development:fair:t0.0:004,H6b0eac1d59a3,development,gpt35_0613,fair,0.0,4,0,True,completed,True,ok,HTHHTHTHTHTHHTHTHTHT,False,stop,2026-10-08T04:25:31.734555Z,0.000263,gen_v2,True
hist:development:fair:t0.0:005,Hdaf686ecf980,development,gpt35_0613,fair,0.0,5,0,False,completed,True,ok,HTHHTHTHTHTHHTHTHTHT,False,stop,2026-10-08T04:25:33.870616Z,0.000263,gen_v2,True
hist:development:fair:t0.0:006,H540a018f73ab,development,gpt35_0613,fair,0.0,6,1,False,completed,True,ok,HTHHTHTTHTHHTHTHTHTH,False,stop,2026-10-08T04:25:41.851957Z,0.000263,gen_v2,True
hist:development:fair:t0.0:007,H1f674edb8db8,development,gpt35_0613,fair,0.0,7,1,False,completed,True,ok,HTHHTHTTHTHHTHTHTHTH,False,stop,2026-10-08T04:25:46.664670Z,0.000263,gen_v2,True
hist:development:fair:t0.0:008,H9e3c8d20d3bc,development,gpt35_0613,fair,0.0,8,1,False,completed,True,ok,HTHHTHTHTHTHHTHTHTHT,False,stop,2026-10-08T04:25:46.799607Z,0.000263,gen_v2,True
hist:development:fair:t0.0:009,H663684344a31,development,gpt35_0613,fair,0.0,9,1,False,completed,True,ok,HTHHTHTTHTHHTHTHTHTH,False,stop,2026-10-08T04:25:43.982021Z,0.000263,gen_v2,True
hist:development:fair:t0.0:010,Hdf62d60b60db,development,gpt35_0613,fair,0.0,10,1,False,completed,True,ok,HTHHTHTHTHTHHTHTHTHT,False,stop,2026-10-08T04:25:42.331532Z,0.000263,gen_v2,True
hist:development:fair:t0.0:011,H3073d76e1be4,development,gpt35_0613,fair,0.0,11,1,False,completed,True,ok,HTHHTHTHTHTHHTHTHTHT,False,stop,2026-10-08T04:25:41.168791Z,0.000263,gen_v2,True
hist:development:fair:t0.0:012,H15871c5bb2e0,development,gpt35_0613,fair,0.0,12,2,False,completed,True,ok,HTHHTHTHTHTHHTHTHTHT,False,stop,2026-10-08T04:26:00.167275Z,0.000263,gen_v2,True
hist:development:fair:t0.0:013,H6774e8feb7d3,development,gpt35_0613,fair,0.0,13,2,False,completed,True,ok,HTHHTHTHTHTHHTHTHTHT,False,stop,2026-10-08T04:25:55.747601Z,0.000263,gen_v2,True
hist:development:fair:t0.0:014,H3ac3325d7e06,development,gpt35_0613,fair,0.0,14,2,False,completed,True,ok,HTHHTHTHTHTHHTHTHTHT,False,stop,2026-10-08T04:25:55.574942Z,0.000263,gen_v2,True
hist:development:fair:t0.0:015,H83dd98286789,development,gpt35_0613,fair,0.0,15,2,False,completed,True,ok,HTHHTHTTHTHHTHTHTHTH,False,stop,2026-10-08T04:25:59.057596Z,0.000263,gen_v2,True
hist:development:fair:t0.0:016,Ha2e52731ab95,development,gpt35_0613,fair,0.0,16,2,False,completed,True,ok,HTHHTHTTHTHHTHTHTHTH,False,stop,2026-10-08T04:26:01.002432Z,0.000263,gen_v2,True
hist:development:fair:t0.0:017,H7a4a4d672e29,development,gpt35_0613,fair,0.0,17,2,False,completed,True,ok,HTHHTHTHTHTHHTHTHTHT,False,stop,2026-10-08T04:25:59.797507Z,0.000263,gen_v2,True
hist:development:fair:t0.0:018,Hb9e627b1b1f5,development,gpt35_0613,fair,0.0,18,3,False,completed,True,ok,HTHHTHTHTHTHHTHTHTHT,False,stop,2026-10-08T04:26:12.752755Z,0.000263,gen_v2,True
hist:development:fair:t0.0:019,He601feb3327a,development,gpt35_0613,fair,0.0,19,3,False,completed,True,ok,HTHHTHTHTHTHHTHTHTHT,False,stop,2026-10-08T04:26:04.043416Z,0.000263,gen_v2,True
hist:development:fair:t0.0:020,H3aee19c7bff4,development,gpt35_0613,fair,0.0,20,3,False,completed,True,ok,HTHHTHTTHTHHTHTHTHTH,False,stop,2026-10-08T04:26:05.260835Z,0.000263,gen_v2,True
hist:development:fair:t0.0:021,H0af97d5ac779,development,gpt35_0613,fair,0.0,21,3,False,completed,True,ok,HTHHTHTHTHTHHTHTHTHT,False,stop,2026-10-08T04:26:08.520769Z,0.000263,gen_v2,True
hist:development:fair:t0.0:022,H73e7ebbb9813,development,gpt35_0613,fair,0.0,22,3,False,completed,True,ok,HTHHTHTTHTHHTHTHTHTH,False,stop,2026-10-08T04:26:11.282787Z,0.000263,gen_v2,True
hist:development:fair:t0.0:023,H16db4089cea8,development,gpt35_0613,fair,0.0,23,3,False,completed,True,ok,HTHHTHTTHTHHTHTHTHTH,False,stop,2026-10-08T04:26:09.658616Z,0.000263,gen_v2,True
hist:development:fair:t0.0:024,H4be98d428a58,development,gpt35_0613,fair,0.0,24,4,False,completed,True,ok,HTHHTHTHTHTHHTHTHTHT,False,stop,2026-10-08T04:26:16.942413Z,0.000263,gen_v2,True
hist:development:fair:t0.0:025,H49e484cdfee2,development,gpt35_0613,fair,0.0,25,4,False,completed,True,ok,HTHHTHTHTHTHHTHTHTHT,False,stop,2026-10-08T04:26:15.525546Z,0.000261,gen_v2,True
hist:development:fair:t0.0:026,H1ecef60db0c3,development,gpt35_0613,fair,0.0,26,4,False,completed,True,ok,HTHHTHTHTHTHHTHTHTHT,False,stop,2026-10-08T04:26:19.760547Z,0.000263,gen_v2,True
hist:development:fair:t0.0:027,H55aca7082bb8,development,gpt35_0613,fair,0.0,27,4,False,completed,True,ok,HTHHTHTHTHTHHTHTHTHT,False,stop,2026-10-08T04:26:21.191111Z,0.000263,gen_v2,True
hist:development:fair:t0.0:028,H8deadd1813c1,development,gpt35_0613,fair,0.0,28,4,False,completed,True,ok,HTHHTHTHTHTHHTHTHTHT,False,stop,2026-10-08T04:26:22.916526Z,0.000263,gen_v2,True
hist:development:fair:t0.0:029,Hdaa06ea9aaf3,development,gpt35_0613,fair,0.0,29,4,False,completed,True,ok,HTHHTHTTHTHHTHTHTHTH,False,stop,2026-10-08T04:26:24.399946Z,0.000263,gen_v2,True
hist:development:fair:t0.0:030,H5ca70d4c9831,development,gpt35_0613,fair,0.0,30,5,False,completed,True,ok,HTHHTHTHTHTHHTHTHTHT,False,stop,2026-10-08T04:26:29.890442Z,0.000263,gen_v2,True
hist:development:fair:t0.0:031,Hc33596bbd39a,development,gpt35_0613,fair,0.0,31,5,False,completed,True,ok,HTHHTHTTHTHHTHTHTHTH,False,stop,2026-10-08T04:26:33.532383Z,0.000263,gen_v2,True
hist:development:fair:t0.0:032,H3d19dd0568a1,development,gpt35_0613,fair,0.0,32,5,False,completed,True,ok,HTHHTHTHTHTHHTHTHTHT,False,stop,2026-10-08T04:26:35.295762Z,0.000263,gen_v2,True
hist:development:fair:t0.0:033,H02867c24c6e1,development,gpt35_0613,fair,0.0,33,5,False,completed,True,ok,HTHHTHTTHTHHTHTHTHTH,False,stop,2026-10-08T04:26:32.573528Z,0.000263,gen_v2,True
hist:development:fair:t0.0:034,H20fb40b97e74,development,gpt35_0613,fair,0.0,34,5,False,completed,True,ok,HTHHTTHTHHTHTHTHTHTH,False,stop,2026-10-08T04:26:34.477161Z,0.000263,gen_v2,True
hist:development:fair:t0.0:035,Hf095601a2e75,development,gpt35_0613,fair,0.0,35,5,False,completed,True,ok,HTHHTHTHTHTHHTHTHTHT,False,stop,2026-10-08T04:26:34.109446Z,0.000263,gen_v2,True
hist:development:fair:t0.8:000,Hcde8640364b9,development,gpt35_0613,fair,0.8,0,0,True,completed,True,ok,HTHHTTHTHHTHTHHTHTHT,False,stop,2026-10-08T04:25:26.730407Z,0.000261,gen_v2,True
hist:development:fair:t0.8:001,Hee28ddfd001f,development,gpt35_0613,fair,0.8,1,0,True,completed,True,ok,HTHHTHTHTTHTHHTHTTHH,False,stop,2026-10-08T04:25:26.875888Z,0.000273,gen_v2,True
hist:development:fair:t0.8:002,Hfe891ca4a2b3,development,gpt35_0613,fair,0.8,2,0,True,completed,True,ok,HTHHTHTTHHTHTHTHHTHT,False,stop,2026-10-08T04:25:28.790423Z,0.000251,gen_v2,True
hist:development:fair:t0.8:003,Hc5cf2c1030d4,development,gpt35_0613,fair,0.8,3,0,True,completed,True,ok,HTHHTHTTHTHHTTHTHHTH,False,stop,2026-10-08T04:25:30.275128Z,0.000263,gen_v2,True
hist:development:fair:t0.8:004,H0f514df23819,development,gpt35_0613,fair,0.8,4,0,True,completed,True,ok,HTHHTHTHTTHTHHTHTTHT,False,stop,2026-10-08T04:25:28.893412Z,0.000267,gen_v2,True
hist:development:fair:t0.8:005,H3e27c89dc6da,development,gpt35_0613,fair,0.8,5,0,False,completed,True,ok,HTHHTHTHTHTHTTHTHTHT,False,stop,2026-10-08T04:25:36.842389Z,0.000259,gen_v2,True
hist:development:fair:t0.8:006,Hd337a33d5038,development,gpt35_0613,fair,0.8,6,1,False,completed,True,ok,HTHHTTHTHHTHTHTHTHTH,False,stop,2026-10-08T04:25:46.566720Z,0.000251,gen_v2,True
hist:development:fair:t0.8:007,Hfb631d4e3237,development,gpt35_0613,fair,0.8,7,1,False,completed,True,ok,HTHHTTHTHTHHTTHTHTHT,False,stop,2026-10-08T04:25:40.556810Z,0.000263,gen_v2,True
hist:development:fair:t0.8:008,H3dd5969bbb3d,development,gpt35_0613,fair,0.8,8,1,False,completed,True,ok,HTHHTHTHTHHTTHTHHTHT,False,stop,2026-10-08T04:25:44.331673Z,0.000253,gen_v2,True
hist:development:fair:t0.8:009,H565fe77d0c0e,development,gpt35_0613,fair,0.8,9,1,False,completed,True,ok,HTHHTHTTHTHHTHTHTHTH,False,stop,2026-10-08T04:25:45.343963Z,0.000259,gen_v2,True
hist:development:fair:t0.8:010,H7bf00a2ce10b,development,gpt35_0613,fair,0.8,10,1,False,completed,True,ok,HTHHTHTTHHTHTHTHTHTH,False,stop,2026-10-08T04:25:43.769554Z,0.000255,gen_v2,True
hist:development:fair:t0.8:011,Hd2e24fc55184,development,gpt35_0613,fair,0.8,11,1,False,completed,True,ok,HTHHTHTTHTHTHHTHTHTH,False,stop,2026-10-08T04:25:43.927663Z,0.000263,gen_v2,True
hist:development:fair:t0.8:012,H392950d237e5,development,gpt35_0613,fair,0.8,12,2,False,completed,True,ok,HTHHTHTTHTHHTHTHTTHH,False,stop,2026-10-08T04:26:00.066061Z,0.000263,gen_v2,True
hist:development:fair:t0.8:013,H5ddd451325ea,development,gpt35_0613,fair,0.8,13,2,False,completed,True,ok,HTHHTHTTHTHHTHTHTTHT,False,stop,2026-10-08T04:26:01.738568Z,0.000299,gen_v2,True
hist:development:fair:t0.8:014,H16e8b87186aa,development,gpt35_0613,fair,0.8,14,2,False,completed,True,ok,HTHHTTHTHHTHTTHTHHTH,False,stop,2026-10-08T04:25:57.083677Z,0.000267,gen_v2,True
hist:development:fair:t0.8:015,He69e64d62fa1,development,gpt35_0613,fair,0.8,15,2,False,completed,True,ok,HTHHTHTHTHTHTHTHHTHT,False,stop,2026-10-08T04:25:57.798467Z,0.000263,gen_v2,True
hist:development:fair:t0.8:016,Hb7d4b793fa8d,development,gpt35_0613,fair,0.8,16,2,False,completed,False,no_list,,False,stop,2026-10-08T04:25:55.035836Z,0.000125,gen_v2,False
hist:development:fair:t0.8:017,H044cbce60719,development,gpt35_0613,fair,0.8,17,2,False,completed,True,ok,HTHHTHTHTHTHTHHTHTHT,False,stop,2026-10-08T04:25:58.537566Z,0.000263,gen_v2,True
hist:development:fair:t0.8:018,Hcd8166259db6,development,gpt35_0613,fair,0.8,18,3,False,completed,True,ok,HTHHTTHTHHTHTHTTHTHT,False,stop,2026-10-08T04:26:04.070788Z,0.000267,gen_v2,True
hist:development:fair:t0.8:019,H8f236d2251ee,development,gpt35_0613,fair,0.8,19,3,False,completed,True,ok,HTHHTTHTHTHTTHTHHTHT,False,stop,2026-10-08T04:26:05.319349Z,0.000267,gen_v2,True
hist:development:fair:t0.8:020,H9c1cfd25b944,development,gpt35_0613,fair,0.8,20,3,False,completed,True,ok,HTHHTHTTHHTHTHTHTHTH,False,stop,2026-10-08T04:26:13.868012Z,0.000271,gen_v2,True
hist:development:fair:t0.8:021,H75de49b73e25,development,gpt35_0613,fair,0.8,21,3,False,completed,True,ok,HTHHTHTHTTHHTHTHTTHT,False,stop,2026-10-08T04:26:10.012471Z,0.000267,gen_v2,True
hist:development:fair:t0.8:022,Hc6a5e7cf73ea,development,gpt35_0613,fair,0.8,22,3,False,completed,True,ok,HTHHTTHTHHTHTHTHTHTH,False,stop,2026-10-08T04:26:06.758470Z,0.000263,gen_v2,True
hist:development:fair:t0.8:023,H8bf08758453e,development,gpt35_0613,fair,0.8,23,3,False,completed,True,ok,HTHHTHTTHTHHTHTHTTHT,False,stop,2026-10-08T04:26:06.804335Z,0.000263,gen_v2,True
hist:development:fair:t0.8:024,He765cf298a47,development,gpt35_0613,fair,0.8,24,4,False,completed,True,ok,HTHHTHTTHHTHTHTHTHTH,False,stop,2026-10-08T04:26:23.039669Z,0.000257,gen_v2,True
hist:development:fair:t0.8:025,H25f42f8a7d25,development,gpt35_0613,fair,0.8,25,4,False,completed,True,ok,HTHHTHTHTHTHHTHTHTHT,False,stop,2026-10-08T04:26:15.491288Z,0.000261,gen_v2,True
hist:development:fair:t0.8:026,H9f90494e3932,development,gpt35_0613,fair,0.8,26,4,False,completed,True,ok,HTHHTTHTHHTHTTHHTHTT,False,stop,2026-10-08T04:26:21.592682Z,0.000311,gen_v2,True
hist:development:fair:t0.8:027,Hcab3572bf457,development,gpt35_0613,fair,0.8,27,4,False,completed,True,ok,HTHHTHTTHTHHTHTHTTHT,False,stop,2026-10-08T04:26:24.262951Z,0.000265,gen_v2,True
hist:development:fair:t0.8:028,Hbfcc3c1d9529,development,gpt35_0613,fair,0.8,28,4,False,completed,True,ok,HTHHTTHTHTHTHHTHTHTH,False,stop,2026-10-08T04:26:25.268935Z,0.000261,gen_v2,True
hist:development:fair:t0.8:029,H060680017c4f,development,gpt35_0613,fair,0.8,29,4,False,completed,True,ok,HTHHTTHTHTHTHHTHTTHT,False,stop,2026-10-08T04:26:15.489808Z,0.000255,gen_v2,True
hist:development:fair:t0.8:030,H6460b201b578,development,gpt35_0613,fair,0.8,30,5,False,completed,True,ok,HTHHTHTTHTHHTHTHTTHH,False,stop,2026-10-08T04:26:37.031477Z,0.000279,gen_v2,True
hist:development:fair:t0.8:031,Ha20497485d28,development,gpt35_0613,fair,0.8,31,5,False,completed,True,ok,HTHHTHTTHHTHTHTHTHTH,False,stop,2026-10-08T04:26:32.792998Z,0.000267,gen_v2,True
hist:development:fair:t0.8:032,H0c3606d9c023,development,gpt35_0613,fair,0.8,32,5,False,completed,True,ok,HTHHTHTHHTHTTHHTHTHT,False,stop,2026-10-08T04:26:31.823259Z,0.000271,gen_v2,True
hist:development:fair:t0.8:033,Heab81eebcc21,development,gpt35_0613,fair,0.8,33,5,False,completed,True,ok,HTHHTHTTHTHHTTHTHTHT,False,stop,2026-10-08T04:26:35.800949Z,0.000265,gen_v2,True
hist:development:fair:t0.8:034,Hc36da44e4a0a,development,gpt35_0613,fair,0.8,34,5,False,completed,True,ok,HTHHTHTTHHTHTHHTHTHT,False,stop,2026-10-08T04:26:32.662750Z,0.000265,gen_v2,True
hist:development:fair:t0.8:035,Hc4a3517da893,development,gpt35_0613,fair,0.8,35,5,False,completed,True,ok,HTHHTHTHTHTTHTHHTHTH,False,stop,2026-10-08T04:26:28.047454Z,0.000263,gen_v2,True
hist:development:fair:t1.5:000,H01d0d6b7aabc,development,gpt35_0613,fair,1.5,0,0,True,completed,True,ok,HTHHTTHTHTHHTTHTHHTH,False,stop,2026-10-08T04:25:30.297634Z,0.000225,gen_v2,True
hist:development:fair:t1.5:001,H6ee95023ef0b,development,gpt35_0613,fair,1.5,1,0,True,completed,True,ok,HTHHTTHTHTHHTTHHTTHT,False,stop,2026-10-08T04:25:28.475771Z,0.000225,gen_v2,True
hist:development:fair:t1.5:002,H9b7b3effd3be,development,gpt35_0613,fair,1.5,2,0,True,completed,True,ok,HTHHTHTHTTHHTHTHHTTH,False,stop,2026-10-08T04:25:30.469757Z,0.000255,gen_v2,True
hist:development:fair:t1.5:003,H3bad8c053cd3,development,gpt35_0613,fair,1.5,3,0,True,completed,True,ok,HTHHTHTTHHTHTHTHHTHT,False,stop,2026-10-08T04:25:31.710493Z,0.000255,gen_v2,True
hist:development:fair:t1.5:004,H6cf222f384dc,development,gpt35_0613,fair,1.5,4,0,True,completed,False,no_list,,False,stop,2026-10-08T04:25:28.825741Z,9.3e-05,gen_v2,False
hist:development:fair:t1.5:005,Hbc344a2b8b2a,development,gpt35_0613,fair,1.5,5,0,False,completed,True,ok,HTHHTTHTHHTTHTHHTHTH,False,stop,2026-10-08T04:25:37.833469Z,0.000349,gen_v2,True
hist:development:fair:t1.5:006,H30e1ada511b1,development,gpt35_0613,fair,1.5,6,1,False,completed,True,ok,HTHHTTHTHTHTHHTHTHTH,False,stop,2026-10-08T04:25:49.688466Z,0.000255,gen_v2,True
hist:development:fair:t1.5:007,H2d64151b76cf,development,gpt35_0613,fair,1.5,7,1,False,completed,True,ok,HTHHTTHTHHTTHHTHTTHT,False,stop,2026-10-08T04:25:42.485029Z,0.000305,gen_v2,True
hist:development:fair:t1.5:008,H9da491b34643,development,gpt35_0613,fair,1.5,8,1,False,completed,True,ok,HTHHTTHTHTHHTTHTHHTT,False,stop,2026-10-08T04:25:40.953349Z,0.000283,gen_v2,True
hist:development:fair:t1.5:009,H58f503a0e83a,development,gpt35_0613,fair,1.5,9,1,False,completed,True,ok,HTHHTTHTHTHTHHTHTHTH,False,stop,2026-10-08T04:25:42.327427Z,0.000261,gen_v2,True
hist:development:fair:t1.5:010,H85ec73cbfb14,development,gpt35_0613,fair,1.5,10,1,False,completed,True,ok,HTHHTTHHTTHTHHTHTHTT,False,stop,2026-10-08T04:25:45.288699Z,0.000213,gen_v2,True
hist:development:fair:t1.5:011,H5c3b0990c9a5,development,gpt35_0613,fair,1.5,11,1,False,completed,True,ok,HTHHTHTTHHTHTHTHHTTH,False,stop,2026-10-08T04:25:47.255200Z,0.000259,gen_v2,True
hist:development:fair:t1.5:012,Hd487ce663607,development,gpt35_0613,fair,1.5,12,2,False,completed,True,ok,HTHHTHTHTHTHHTHTTHTH,False,stop,2026-10-08T04:26:01.431624Z,0.000261,gen_v2,True
hist:development:fair:t1.5:013,He27c8ed457af,development,gpt35_0613,fair,1.5,13,2,False,completed,True,ok,HTHHTHTHTHTTHHTHTHTH,False,stop,2026-10-08T04:26:00.002218Z,0.000261,gen_v2,True
hist:development:fair:t1.5:014,H5627da23294d,development,gpt35_0613,fair,1.5,14,2,False,completed,False,no_list,,False,stop,2026-10-08T04:25:56.480614Z,0.000137,gen_v2,False
hist:development:fair:t1.5:015,H1aebe481dcaa,development,gpt35_0613,fair,1.5,15,2,False,completed,True,ok,HTHHTHTHTTHHTHTHTTHT,False,stop,2026-10-08T04:25:57.299534Z,0.000273,gen_v2,True
hist:development:fair:t1.5:016,H5d2fbeaa2822,development,gpt35_0613,fair,1.5,16,2,False,completed,True,ok,HTHTHHTHTTHHTTHTHHTH,False,stop,2026-10-08T04:25:58.311907Z,0.000265,gen_v2,True
hist:development:fair:t1.5:017,H3e1682f1816b,development,gpt35_0613,fair,1.5,17,2,False,completed,True,ok,HTHHTHTTHHTHTHTHHTHT,False,stop,2026-10-08T04:25:52.694718Z,0.000267,gen_v2,True
hist:development:fair:t1.5:018,H2a7c17b2db75,development,gpt35_0613,fair,1.5,18,3,False,completed,True,ok,HTHHTTHTHHTHTTHHTTHT,False,stop,2026-10-08T04:26:09.719867Z,0.000221,gen_v2,True
hist:development:fair:t1.5:019,H065e5daa231b,development,gpt35_0613,fair,1.5,19,3,False,completed,True,ok,HTHHTTHTHHTTHTHTHTHT,False,stop,2026-10-08T04:26:10.679161Z,0.000189,gen_v2,True
hist:development:fair:t1.5:020,H850e2d33e277,development,gpt35_0613,fair,1.5,20,3,False,completed,True,ok,HTHTHHTHTHTHHTHHTHTH,False,stop,2026-10-08T04:26:05.409615Z,0.000247,gen_v2,True
hist:development:fair:t1.5:021,H4d87ffea92b2,development,gpt35_0613,fair,1.5,21,3,False,completed,True,ok,HTHTHHTHTTHTHHTTHTHT,False,stop,2026-10-08T04:26:12.330554Z,0.000181,gen_v2,True
hist:development:fair:t1.5:022,H4ea6ae057be1,development,gpt35_0613,fair,1.5,22,3,False,completed,True,ok,HTHHTHTHTTHHTHTHHTHT,False,stop,2026-10-08T04:26:06.828261Z,0.000251,gen_v2,True
hist:development:fair:t1.5:023,H4437a82005ff,development,gpt35_0613,fair,1.5,23,3,False,completed,True,ok,THHTTHTTHTHHTTHHTTHH,False,stop,2026-10-08T04:26:05.747627Z,0.000337,gen_v2,True
hist:development:fair:t1.5:024,H5f2e67e7cb68,development,gpt35_0613,fair,1.5,24,4,False,completed,True,ok,HTHHTTHTHHTTHHTTHTHT,False,stop,2026-10-08T04:26:17.357743Z,0.000309,gen_v2,True
hist:development:fair:t1.5:025,Hf106c6e9cf71,development,gpt35_0613,fair,1.5,25,4,False,completed,True,ok,HTHHTTHTHTHHTHTTHTHH,False,stop,2026-10-08T04:26:24.281223Z,0.000269,gen_v2,True
hist:development:fair:t1.5:026,Haace3b6392ec,development,gpt35_0613,fair,1.5,26,4,False,completed,True,ok,HTHHTHTHTHTTHTHTHTHT,False,stop,2026-10-08T04:26:15.531502Z,0.000267,gen_v2,True
hist:development:fair:t1.5:027,H17ca7108affb,development,gpt35_0613,fair,1.5,27,4,False,completed,True,ok,HTHHTTHTHHTHTTHHTTHT,False,stop,2026-10-08T04:26:19.423592Z,0.000187,gen_v2,True
hist:development:fair:t1.5:028,H709019eeb5e8,development,gpt35_0613,fair,1.5,28,4,False,completed,True,ok,HTHHTHTTHHHTTHTHTHHT,False,stop,2026-10-08T04:26:21.591651Z,0.000293,gen_v2,True
hist:development:fair:t1.5:029,H08726cba7316,development,gpt35_0613,fair,1.5,29,4,False,completed,True,ok,HTHHTHTTHHTHTHTHHTHT,False,stop,2026-10-08T04:26:20.274642Z,0.000275,gen_v2,True
hist:development:fair:t1.5:030,H26133405c94e,development,gpt35_0613,fair,1.5,30,5,False,completed,True,ok,HTHHTHTTHTHHTTHTHTHT,False,stop,2026-10-08T04:26:27.617721Z,0.000267,gen_v2,True
hist:development:fair:t1.5:031,Hfe830ff4d39a,development,gpt35_0613,fair,1.5,31,5,False,completed,True,ok,HTTHHTHHTHTTHHTHHTTH,False,stop,2026-10-08T04:26:31.553703Z,0.000261,gen_v2,True
hist:development:fair:t1.5:032,H7d0d8fd9faa8,development,gpt35_0613,fair,1.5,32,5,False,completed,True,ok,HTHHTTHTHHTHTTHHTHTH,False,stop,2026-10-08T04:26:26.721743Z,0.000133,gen_v2,True
hist:development:fair:t1.5:033,Hfe5fca72796f,development,gpt35_0613,fair,1.5,33,5,False,completed,True,ok,HTTHHTHTTHTHTHHTTHTH,False,stop,2026-10-08T04:26:28.534385Z,0.000227,gen_v2,True
hist:development:fair:t1.5:034,Hee0e981f328f,development,gpt35_0613,fair,1.5,34,5,False,completed,False,no_list,,False,stop,2026-10-08T04:26:32.158405Z,0.000197,gen_v2,False
hist:development:fair:t1.5:035,H3988e954f335,development,gpt35_0613,fair,1.5,35,5,False,completed,True,ok,HTTHHTTHTHTHHHTTHTHT,False,stop,2026-10-08T04:26:30.081562Z,0.000173,gen_v2,True
hist:development:plain:t0.0:000,Ha42891faf1bd,development,gpt35_0613,plain,0.0,0,0,True,completed,True,ok,HTHHTTHTHTHHTHTTHTHT,False,stop,2026-10-08T04:25:31.785846Z,0.000254,gen_v2,True
hist:development:plain:t0.0:001,Ha677e0451bd6,development,gpt35_0613,plain,0.0,1,0,True,completed,True,ok,HTHHTTHTHTHHTHTTHTHT,False,stop,2026-10-08T04:25:26.682423Z,0.000258,gen_v2,True
hist:development:plain:t0.0:002,H81a199ede19f,development,gpt35_0613,plain,0.0,2,0,True,completed,True,ok,HTHHTTHTHTHHTHTTHTHT,False,stop,2026-10-08T04:25:26.756365Z,0.000256,gen_v2,True
hist:development:plain:t0.0:003,H1d4c5bb541c9,development,gpt35_0613,plain,0.0,3,0,True,completed,True,ok,HTHHTTHTHTHHTHTTHTHT,False,stop,2026-10-08T04:25:31.874351Z,0.000254,gen_v2,True
hist:development:plain:t0.0:004,H33d66e37a6a5,development,gpt35_0613,plain,0.0,4,0,True,completed,True,ok,HTHHTTHTHHTHTHTHTHTH,False,stop,2026-10-08T04:25:26.930525Z,0.000256,gen_v2,True
hist:development:plain:t0.0:005,H417ed8fafc42,development,gpt35_0613,plain,0.0,5,0,False,completed,True,ok,HTHHTTHTHHTHTTHHTHTH,False,stop,2026-10-08T04:25:35.155519Z,0.000248,gen_v2,True
hist:development:plain:t0.0:006,H7d889b1399d6,development,gpt35_0613,plain,0.0,6,1,False,completed,True,ok,HTHHTTHTHTHHTHTTHTHT,False,stop,2026-10-08T04:25:40.835546Z,0.000254,gen_v2,True
hist:development:plain:t0.0:007,Heef435b25a0e,development,gpt35_0613,plain,0.0,7,1,False,completed,True,ok,HTHHTTHTHTHHTHTTHTHT,False,stop,2026-10-08T04:25:46.900618Z,0.000254,gen_v2,True
hist:development:plain:t0.0:008,H3f1e66e780da,development,gpt35_0613,plain,0.0,8,1,False,completed,True,ok,HTHHTTHTHTHHTHTTHTHT,False,stop,2026-10-08T04:25:47.800398Z,0.000258,gen_v2,True
hist:development:plain:t0.0:009,Ha27163b0dd9f,development,gpt35_0613,plain,0.0,9,1,False,completed,True,ok,HTHHTTHTHTHHTHTTHTHT,False,stop,2026-10-08T04:25:45.404528Z,0.000258,gen_v2,True
hist:development:plain:t0.0:010,Heb8cbb4cff0c,development,gpt35_0613,plain,0.0,10,1,False,completed,True,ok,HTHHTTHTHTHHTHTTHTHT,False,stop,2026-10-08T04:25:49.679466Z,0.000258,gen_v2,True
hist:development:plain:t0.0:011,H39e5bdc8dc6e,development,gpt35_0613,plain,0.0,11,1,False,completed,True,ok,HTHHTTHTHTHHTHTTHTHT,False,stop,2026-10-08T04:25:48.475233Z,0.000258,gen_v2,True
hist:development:plain:t0.0:012,Ha7b505be3dab,development,gpt35_0613,plain,0.0,12,2,False,completed,True,ok,HTHHTTHTHTHHTHTTHTHT,False,stop,2026-10-08T04:25:54.250619Z,0.000254,gen_v2,True
hist:development:plain:t0.0:013,H1e88f239f774,development,gpt35_0613,plain,0.0,13,2,False,completed,True,ok,HTHHTTHTHHTHTTHHTHTH,False,stop,2026-10-08T04:25:56.911568Z,0.000248,gen_v2,True
hist:development:plain:t0.0:014,H60c7a7a402a5,development,gpt35_0613,plain,0.0,14,2,False,completed,True,ok,HTHHTTHTHTHHTHTTHTHT,False,stop,2026-10-08T04:26:02.659366Z,0.000258,gen_v2,True
hist:development:plain:t0.0:015,H6f92104c0f61,development,gpt35_0613,plain,0.0,15,2,False,completed,True,ok,HTHHTTHTHHTHTTHHTHTH,False,stop,2026-10-08T04:25:52.652707Z,0.000252,gen_v2,True
hist:development:plain:t0.0:016,H3f00bee14f73,development,gpt35_0613,plain,0.0,16,2,False,completed,True,ok,HTHHTTHTHTHHTHTTHTHT,False,stop,2026-10-08T04:25:58.315239Z,0.00026,gen_v2,True
hist:development:plain:t0.0:017,H19603391bb92,development,gpt35_0613,plain,0.0,17,2,False,completed,True,ok,HTHHTTHTHHTHTTHHTHTH,False,stop,2026-10-08T04:26:01.324637Z,0.00024,gen_v2,True
hist:development:plain:t0.0:018,Hff4369641f90,development,gpt35_0613,plain,0.0,18,3,False,completed,True,ok,HTHHTTHTHTHHTHTTHTHT,False,stop,2026-10-08T04:26:11.163818Z,0.000258,gen_v2,True
hist:development:plain:t0.0:019,Hcfd404892492,development,gpt35_0613,plain,0.0,19,3,False,completed,True,ok,HTHHTTHTHTHHTHTTHTHT,False,stop,2026-10-08T04:26:03.995170Z,0.000258,gen_v2,True
hist:development:plain:t0.0:020,H35d937f0e43e,development,gpt35_0613,plain,0.0,20,3,False,completed,True,ok,HTHHTTHTHHTHTTHHTHTH,False,stop,2026-10-08T04:26:05.307545Z,0.000256,gen_v2,True
hist:development:plain:t0.0:021,H5ef0ab1aae91,development,gpt35_0613,plain,0.0,21,3,False,completed,True,ok,HTHHTTHTHHTHTTHHTHTH,False,stop,2026-10-08T04:26:11.293391Z,0.000256,gen_v2,True
hist:development:plain:t0.0:022,H1dbb7ea652f8,development,gpt35_0613,plain,0.0,22,3,False,completed,True,ok,HTHHTTHTHHTHTTHHTHTH,False,stop,2026-10-08T04:26:05.368332Z,0.000256,gen_v2,True
hist:development:plain:t0.0:023,H95f7aa43d748,development,gpt35_0613,plain,0.0,23,3,False,completed,True,ok,HTHHTHTTHTHHTHTHTHTH,False,stop,2026-10-08T04:26:13.992690Z,0.000256,gen_v2,True
hist:development:plain:t0.0:024,Hda59f9db8efb,development,gpt35_0613,plain,0.0,24,4,False,completed,True,ok,HTHHTTHTHTHHTHTTHTHT,False,stop,2026-10-08T04:26:22.893724Z,0.000258,gen_v2,True
hist:development:plain:t0.0:025,H83a1d6082e7b,development,gpt35_0613,plain,0.0,25,4,False,completed,True,ok,HTHHTTHTHTHHTHTTHTHT,False,stop,2026-10-08T04:26:25.478778Z,0.00026,gen_v2,True
hist:development:plain:t0.0:026,H22424cac6154,development,gpt35_0613,plain,0.0,26,4,False,completed,True,ok,HTHHTTHTHTHHTHTTHTHT,False,stop,2026-10-08T04:26:15.651891Z,0.000254,gen_v2,True
hist:development:plain:t0.0:027,H5134dd8df7a9,development,gpt35_0613,plain,0.0,27,4,False,completed,True,ok,HTHHTTHTHTHHTHTTHTHT,False,stop,2026-10-08T04:26:18.299482Z,0.000258,gen_v2,True
hist:development:plain:t0.0:028,H7803689d00e3,development,gpt35_0613,plain,0.0,28,4,False,completed,True,ok,HTHHTTHTHHTHTTHHTHTH,False,stop,2026-10-08T04:26:19.938441Z,0.000252,gen_v2,True
hist:development:plain:t0.0:029,Hbe235258056f,development,gpt35_0613,plain,0.0,29,4,False,completed,True,ok,HTHHTTHTHHTHTTHHTHTH,False,stop,2026-10-08T04:26:24.242817Z,0.000258,gen_v2,True
hist:development:plain:t0.0:030,H4a15f1ea106e,development,gpt35_0613,plain,0.0,30,5,False,completed,True,ok,HTHHTTHTHTHHTHTTHTHT,False,stop,2026-10-08T04:26:35.919467Z,0.000248,gen_v2,True
hist:development:plain:t0.0:031,He115278df79b,development,gpt35_0613,plain,0.0,31,5,False,completed,True,ok,HTHHTHTTHTHHTHTTHTHT,False,stop,2026-10-08T04:26:28.852264Z,0.000258,gen_v2,True
hist:development:plain:t0.0:032,H49becb1ca6a6,development,gpt35_0613,plain,0.0,32,5,False,completed,True,ok,HTHHTTHTHHTHTHTHTHTH,False,stop,2026-10-08T04:26:34.489182Z,0.000258,gen_v2,True
hist:development:plain:t0.0:033,He18c907b57b6,development,gpt35_0613,plain,0.0,33,5,False,completed,True,ok,HTHHTHTTHTHHTHTHTHTH,False,stop,2026-10-08T04:26:27.260542Z,0.000256,gen_v2,True
hist:development:plain:t0.0:034,Hfb8c17ed6895,development,gpt35_0613,plain,0.0,34,5,False,completed,True,ok,HTHHTTHTHTHHTHTTHTHT,False,stop,2026-10-08T04:26:33.962597Z,0.00026,gen_v2,True
hist:development:plain:t0.0:035,H31ba0367e77b,development,gpt35_0613,plain,0.0,35,5,False,completed,True,ok,HTHHTTHTHHTHTHTHTHTH,False,stop,2026-10-08T04:26:29.787665Z,0.000252,gen_v2,True
hist:development:plain:t0.8:000,H418c990be712,development,gpt35_0613,plain,0.8,0,0,True,completed,True,ok,HTHHTHTTHTHHTTHTHTHT,False,stop,2026-10-08T04:25:30.201330Z,0.000256,gen_v2,True
hist:development:plain:t0.8:001,Hcc08c1c26f76,development,gpt35_0613,plain,0.8,1,0,True,completed,True,ok,HTHHTTHHTHTHTHTHTHTH,False,stop,2026-10-08T04:25:30.267704Z,0.000246,gen_v2,True
hist:development:plain:t0.8:002,H3e4759995c42,development,gpt35_0613,plain,0.8,2,0,True,completed,True,ok,HTHHTTHHTHTHTHTTHHTH,False,stop,2026-10-08T04:25:28.567802Z,0.000262,gen_v2,True
hist:development:plain:t0.8:003,H7621b46ab40d,development,gpt35_0613,plain,0.8,3,0,True,completed,True,ok,HTHHTHTTHTHTHHTHTHTH,False,stop,2026-10-08T04:25:26.645520Z,0.000248,gen_v2,True
hist:development:plain:t0.8:004,H7c2d36c078f6,development,gpt35_0613,plain,0.8,4,0,True,completed,True,ok,HTHHTHTHTHTHTTHHTHTH,False,stop,2026-10-08T04:25:31.722344Z,0.000256,gen_v2,True
hist:development:plain:t0.8:005,He1ea55b6d213,development,gpt35_0613,plain,0.8,5,0,False,completed,True,ok,HTHHTTHTHHTHTTHHTHTH,False,stop,2026-10-08T04:25:34.052425Z,0.000248,gen_v2,True
hist:development:plain:t0.8:006,H5a2aeaeeaaa9,development,gpt35_0613,plain,0.8,6,1,False,completed,True,ok,HTHHTHTTHTHHTTHTHTHT,False,stop,2026-10-08T04:25:40.780639Z,0.00025,gen_v2,True
hist:development:plain:t0.8:007,H5844140df48d,development,gpt35_0613,plain,0.8,7,1,False,completed,True,ok,HTHHTTHTHHTHTHTHTHTH,False,stop,2026-10-08T04:25:48.400839Z,0.00026,gen_v2,True
hist:development:plain:t0.8:008,H5a4835c16737,development,gpt35_0613,plain,0.8,8,1,False,completed,True,ok,HTHTHHTTHTHHTHTHTTHT,False,stop,2026-10-08T04:25:48.713684Z,0.00025,gen_v2,True
hist:development:plain:t0.8:009,H0f263a91fead,development,gpt35_0613,plain,0.8,9,1,False,completed,True,ok,HTHHTTHTHTHHTHTTHHTH,False,stop,2026-10-08T04:25:46.666929Z,0.000242,gen_v2,True
hist:development:plain:t0.8:010,Hb3950baa0acd,development,gpt35_0613,plain,0.8,10,1,False,completed,True,ok,HTHHTHTTHTHHTTHHTHTH,False,stop,2026-10-08T04:25:42.506329Z,0.000244,gen_v2,True
hist:development:plain:t0.8:011,H24b7197f58aa,development,gpt35_0613,plain,0.8,11,1,False,completed,True,ok,HTHHTTHHTHTHTHTHHTHT,False,stop,2026-10-08T04:25:40.859899Z,0.000248,gen_v2,True
hist:development:plain:t0.8:012,H617d595faa82,development,gpt35_0613,plain,0.8,12,2,False,completed,True,ok,HTHHTHTTHTHHTHTHTHTH,False,stop,2026-10-08T04:25:55.301524Z,0.000252,gen_v2,True
hist:development:plain:t0.8:013,H0bd1b0680073,development,gpt35_0613,plain,0.8,13,2,False,completed,True,ok,HTHHTTHTHHTHTTHHTHTH,False,stop,2026-10-08T04:26:01.142603Z,0.000244,gen_v2,True
hist:development:plain:t0.8:014,H77470876fbc7,development,gpt35_0613,plain,0.8,14,2,False,completed,True,ok,HTHHTTHTHHTHTHTHTHTH,False,stop,2026-10-08T04:25:54.160362Z,0.000258,gen_v2,True
hist:development:plain:t0.8:015,Hbb829d5ee0e0,development,gpt35_0613,plain,0.8,15,2,False,completed,True,ok,HTHHTTHTHTHHTHTTHTHT,False,stop,2026-10-08T04:25:56.696538Z,0.000256,gen_v2,True
hist:development:plain:t0.8:016,Hf834ef2bf172,development,gpt35_0613,plain,0.8,16,2,False,completed,True,ok,HTHHTHTTHTHHTTHHTHTH,False,stop,2026-10-08T04:25:55.531522Z,0.000244,gen_v2,True
hist:development:plain:t0.8:017,Ha04d27859763,development,gpt35_0613,plain,0.8,17,2,False,completed,True,ok,HTHTHHTHTHTHHTTHTHTH,False,stop,2026-10-08T04:26:01.621152Z,0.000254,gen_v2,True
hist:development:plain:t0.8:018,Haaac63c99a12,development,gpt35_0613,plain,0.8,18,3,False,completed,True,ok,HTHHTHTTHHTHTHTHTHTH,False,stop,2026-10-08T04:26:11.054678Z,0.00025,gen_v2,True
hist:development:plain:t0.8:019,Hc0a23587045c,development,gpt35_0613,plain,0.8,19,3,False,completed,True,ok,HTHHTTHTHTHHTTHHTHTH,False,stop,2026-10-08T04:26:12.210556Z,0.000256,gen_v2,True
hist:development:plain:t0.8:020,H19e9ae49f733,development,gpt35_0613,plain,0.8,20,3,False,completed,True,ok,HTHHTHTTHTHHTHTTHTHT,False,stop,2026-10-08T04:26:08.301572Z,0.00025,gen_v2,True
hist:development:plain:t0.8:021,H24bd06fc43ea,development,gpt35_0613,plain,0.8,21,3,False,completed,True,ok,HTHHTTHTHTHHTHTHTHTH,False,stop,2026-10-08T04:26:03.982521Z,0.000258,gen_v2,True
hist:development:plain:t0.8:022,Hf2cc39b6b542,development,gpt35_0613,plain,0.8,22,3,False,completed,True,ok,HTHHTHTTHTHTHHTHTTHT,False,stop,2026-10-08T04:26:08.274064Z,0.000262,gen_v2,True
hist:development:plain:t0.8:023,H72b690c7db42,development,gpt35_0613,plain,0.8,23,3,False,completed,True,ok,HTHHTTHTHHTHTHTHTHTH,False,stop,2026-10-08T04:26:13.686539Z,0.000244,gen_v2,True
hist:development:plain:t0.8:024,Hb936ec2b335f,development,gpt35_0613,plain,0.8,24,4,False,completed,True,ok,HTHHTTHTHHTHTHTHTHTH,False,stop,2026-10-08T04:26:24.033516Z,0.000244,gen_v2,True
hist:development:plain:t0.8:025,Haef058efc417,development,gpt35_0613,plain,0.8,25,4,False,completed,True,ok,HTHHTHTTHHTHTHTHHTHT,False,stop,2026-10-08T04:26:15.490805Z,0.000256,gen_v2,True
hist:development:plain:t0.8:026,Hdbc29d8d0855,development,gpt35_0613,plain,0.8,26,4,False,completed,True,ok,HTHHTTHTHHTHTTHHTHTH,False,stop,2026-10-08T04:26:25.012164Z,0.000248,gen_v2,True
hist:development:plain:t0.8:027,H865c452f0ea3,development,gpt35_0613,plain,0.8,27,4,False,completed,True,ok,HTHHTHTTHTHHTTHTHTHT,False,stop,2026-10-08T04:26:16.927937Z,0.000246,gen_v2,True
hist:development:plain:t0.8:028,H14d29971e49d,development,gpt35_0613,plain,0.8,28,4,False,completed,True,ok,HTHHTHTTHTHTHHTHTHTH,False,stop,2026-10-08T04:26:18.766376Z,0.00025,gen_v2,True
hist:development:plain:t0.8:029,Hef811c4674af,development,gpt35_0613,plain,0.8,29,4,False,completed,True,ok,HTHHTTHTHTHTTHHTTHTH,False,stop,2026-10-08T04:26:18.305963Z,0.000256,gen_v2,True
hist:development:plain:t0.8:030,H7690d556f35a,development,gpt35_0613,plain,0.8,30,5,False,completed,True,ok,HTHHTTHTHHTHTTHTHHTH,False,stop,2026-10-08T04:26:30.523672Z,0.000244,gen_v2,True
hist:development:plain:t0.8:031,H1677e7b432b0,development,gpt35_0613,plain,0.8,31,5,False,completed,True,ok,HTHHTTHHTHTHTHTHTHTH,False,stop,2026-10-08T04:26:33.257556Z,0.00025,gen_v2,True
hist:development:plain:t0.8:032,He2c472065bca,development,gpt35_0613,plain,0.8,32,5,False,completed,True,ok,HTHHTTHTHTHHTHTHTTHT,False,stop,2026-10-08T04:26:35.254839Z,0.000258,gen_v2,True
hist:development:plain:t0.8:033,H06b1520f02cb,development,gpt35_0613,plain,0.8,33,5,False,completed,True,ok,HTHTHHTTHTHHTHTHTTHT,False,stop,2026-10-08T04:26:28.258296Z,0.000256,gen_v2,True
hist:development:plain:t0.8:034,Hdbc3ff4470eb,development,gpt35_0613,plain,0.8,34,5,False,completed,True,ok,HTHHTTHTHHTHTHTHHTHT,False,stop,2026-10-08T04:26:30.476925Z,0.000256,gen_v2,True
hist:development:plain:t0.8:035,H8e456d5c6098,development,gpt35_0613,plain,0.8,35,5,False,completed,True,ok,HTHHTTHTHTHHTTHHTHTH,False,stop,2026-10-08T04:26:35.524547Z,0.000248,gen_v2,True
hist:development:plain:t1.5:000,H5c1a1c09fec2,development,gpt35_0613,plain,1.5,0,0,True,completed,True,ok,HTHHTTHHTHTHTTHTHHTH,False,stop,2026-10-08T04:25:26.386750Z,0.000178,gen_v2,True
hist:development:plain:t1.5:001,H6a7451972926,development,gpt35_0613,plain,1.5,1,0,True,completed,True,ok,HTHHTTHTHHTHTHTTHTHT,False,stop,2026-10-08T04:25:30.448766Z,0.00025,gen_v2,True
hist:development:plain:t1.5:002,H6fabc129a653,development,gpt35_0613,plain,1.5,2,0,True,completed,True,ok,HTHHTTHTHTHTHTHTHHTH,False,stop,2026-10-08T04:25:28.725648Z,0.000248,gen_v2,True
hist:development:plain:t1.5:003,H783ee2c9f757,development,gpt35_0613,plain,1.5,3,0,True,completed,True,ok,HTHHTTHTHTHHTHTHTHTH,False,stop,2026-10-08T04:25:28.514063Z,0.000254,gen_v2,True
hist:development:plain:t1.5:004,Hd3498a04b7d9,development,gpt35_0613,plain,1.5,4,0,True,completed,True,ok,HTHHTTHTHHTHTTHHTHTH,False,stop,2026-10-08T04:25:26.910716Z,0.000254,gen_v2,True
hist:development:plain:t1.5:005,Hc3c485e2bdf7,development,gpt35_0613,plain,1.5,5,0,False,completed,True,ok,HTHHTTHTHTHTHHTHTHTH,False,stop,2026-10-08T04:25:37.113118Z,0.000248,gen_v2,True
hist:development:plain:t1.5:006,H71dfff91145f,development,gpt35_0613,plain,1.5,6,1,False,completed,True,ok,HTTHHTHHTHTTHTHHTTHH,False,stop,2026-10-08T04:25:50.301013Z,0.00026,gen_v2,True
hist:development:plain:t1.5:007,H1612de2c5ed4,development,gpt35_0613,plain,1.5,7,1,False,completed,True,ok,HTHHTTHHTHTHTHTHHTHT,False,stop,2026-10-08T04:25:45.397602Z,0.000246,gen_v2,True
hist:development:plain:t1.5:008,Hacd23843441a,development,gpt35_0613,plain,1.5,8,1,False,completed,True,ok,HTHHTTHTHHTHTTHHTHTH,False,stop,2026-10-08T04:25:48.032783Z,0.000248,gen_v2,True
hist:development:plain:t1.5:009,H0db8fb4eae59,development,gpt35_0613,plain,1.5,9,1,False,completed,True,ok,HTHHTTHTHHTTHHTHHTTH,False,stop,2026-10-08T04:25:42.324754Z,0.000252,gen_v2,True
hist:development:plain:t1.5:010,Hfb1348e5d83e,development,gpt35_0613,plain,1.5,10,1,False,completed,True,ok,HTHHTTHTHHTTHHTHTHTH,False,stop,2026-10-08T04:25:40.832474Z,0.000252,gen_v2,True
hist:development:plain:t1.5:011,H21146dbcb8b7,development,gpt35_0613,plain,1.5,11,1,False,completed,True,ok,HTHHTTHTHTTHHTHTHTHT,False,stop,2026-10-08T04:25:51.170574Z,0.000254,gen_v2,True
hist:development:plain:t1.5:012,H1c78bb331d3a,development,gpt35_0613,plain,1.5,12,2,False,completed,True,ok,HTHHTTHHTHTTHTHHTHTH,False,stop,2026-10-08T04:25:57.088445Z,0.000244,gen_v2,True
hist:development:plain:t1.5:013,Hcad4da85603b,development,gpt35_0613,plain,1.5,13,2,False,completed,True,ok,HTHHTTHHTHTTHHTHTHTH,False,stop,2026-10-08T04:25:58.350493Z,0.000174,gen_v2,True
hist:development:plain:t1.5:014,H136842fb4fcc,development,gpt35_0613,plain,1.5,14,2,False,completed,True,ok,HTTHHTHTHTHHTTHTHTHT,False,stop,2026-10-08T04:25:54.119078Z,0.000244,gen_v2,True
hist:development:plain:t1.5:015,Hb721255ec583,development,gpt35_0613,plain,1.5,15,2,False,completed,True,ok,HTHTTHHTHTHHTTHHTHTH,False,stop,2026-10-08T04:25:55.772362Z,0.00026,gen_v2,True
hist:development:plain:t1.5:016,H79893b230d2f,development,gpt35_0613,plain,1.5,16,2,False,completed,True,ok,HTHHTHTTHHTHTHHTTHTH,False,stop,2026-10-08T04:26:01.912581Z,0.000248,gen_v2,True
hist:development:plain:t1.5:017,H7f1a7bc08609,development,gpt35_0613,plain,1.5,17,2,False,completed,True,ok,HTHHTTHHTHTTHHTHTHTH,False,stop,2026-10-08T04:25:52.645233Z,0.000244,gen_v2,True
hist:development:plain:t1.5:018,H26de4e5c8532,development,gpt35_0613,plain,1.5,18,3,False,completed,True,ok,HTHHTHTTHTHHTHTHTHTH,False,stop,2026-10-08T04:26:12.274679Z,0.000252,gen_v2,True
hist:development:plain:t1.5:019,H2756e4d0b632,development,gpt35_0613,plain,1.5,19,3,False,completed,True,ok,HTHTHHTTHTHTHTTHHTHH,False,stop,2026-10-08T04:26:03.944995Z,0.000244,gen_v2,True
hist:development:plain:t1.5:020,H027e4c8d6db1,development,gpt35_0613,plain,1.5,20,3,False,completed,True,ok,HTHTHHTHTTHHTHTHHTTH,False,stop,2026-10-08T04:26:11.246555Z,0.000256,gen_v2,True
hist:development:plain:t1.5:021,H761cdeab0623,development,gpt35_0613,plain,1.5,21,3,False,completed,True,ok,HTHHTHTTHTHHTHTHTHTH,False,stop,2026-10-08T04:26:12.471283Z,0.000244,gen_v2,True
hist:development:plain:t1.5:022,Hfba63ed7ca1f,development,gpt35_0613,plain,1.5,22,3,False,completed,True,ok,HTHHTTHTHHTHTHTHHTTH,False,stop,2026-10-08T04:26:05.418474Z,0.000242,gen_v2,True
hist:development:plain:t1.5:023,H6ed2c3e9de2f,development,gpt35_0613,plain,1.5,23,3,False,completed,True,ok,HTHHTHTTHTHHTHTTHTHT,False,stop,2026-10-08T04:26:10.894602Z,0.000244,gen_v2,True
hist:development:plain:t1.5:024,H930a73e60146,development,gpt35_0613,plain,1.5,24,4,False,completed,True,ok,HTHTHHTHTTHTHHTTHTHT,False,stop,2026-10-08T04:26:15.675430Z,0.000252,gen_v2,True
hist:development:plain:t1.5:025,H84312d75a038,development,gpt35_0613,plain,1.5,25,4,False,completed,True,ok,HTHHTHTHTHTHTHHTTHTH,False,stop,2026-10-08T04:26:17.040704Z,0.000254,gen_v2,True
hist:development:plain:t1.5:026,Ha58d50103c65,development,gpt35_0613,plain,1.5,26,4,False,completed,True,ok,HTHHTHTTHHTHTHTHHTHT,False,stop,2026-10-08T04:26:25.101623Z,0.00024,gen_v2,True
hist:development:plain:t1.5:027,H8885e16bd163,development,gpt35_0613,plain,1.5,27,4,False,completed,True,ok,HTHTHHTTHTTHHTHTHHTT,False,stop,2026-10-08T04:26:18.371344Z,0.000252,gen_v2,True
hist:development:plain:t1.5:028,Hfae715a06bee,development,gpt35_0613,plain,1.5,28,4,False,completed,True,ok,HTHHTHTTHHTHTTHHTHTH,False,stop,2026-10-08T04:26:17.037529Z,0.000256,gen_v2,True
hist:development:plain:t1.5:029,H532ffa6ba51e,development,gpt35_0613,plain,1.5,29,4,False,completed,True,ok,HTHHTHTTHHTHTHTHHTHT,False,stop,2026-10-08T04:26:23.766065Z,0.000244,gen_v2,True
hist:development:plain:t1.5:030,H873d8784f014,development,gpt35_0613,plain,1.5,30,5,False,completed,True,ok,HTHTHHTTHTHHTHTHHTTH,False,stop,2026-10-08T04:26:30.912346Z,0.000164,gen_v2,True
hist:development:plain:t1.5:031,Hec765f60c165,development,gpt35_0613,plain,1.5,31,5,False,completed,True,ok,HTHTTHHTHTHHTHTTHHTH,False,stop,2026-10-08T04:26:29.043595Z,0.000258,gen_v2,True
hist:development:plain:t1.5:032,Hc37fe714aaec,development,gpt35_0613,plain,1.5,32,5,False,completed,True,ok,HTHHTTHTHHTHTHTHHTHT,False,stop,2026-10-08T04:26:33.239663Z,0.000248,gen_v2,True
hist:development:plain:t1.5:033,H6838198bf29a,development,gpt35_0613,plain,1.5,33,5,False,completed,True,ok,HTHHTTHTHTTHHTHTHHTH,False,stop,2026-10-08T04:26:36.857510Z,0.000242,gen_v2,True
hist:development:plain:t1.5:034,H1f5b7ea9de23,development,gpt35_0613,plain,1.5,34,5,False,completed,True,ok,HTHHTTHTHTTHHTHTHTHT,False,stop,2026-10-08T04:26:36.988455Z,0.000254,gen_v2,True
hist:development:plain:t1.5:035,H34c37667e691,development,gpt35_0613,plain,1.5,35,5,False,completed,True,ok,HTHTHHTHTTHHTTHTHTHT,False,stop,2026-10-08T04:26:27.247279Z,0.000252,gen_v2,True
gen:development:qwen:fair:000,P718ac3489209,development,qwen,fair,,0,0,True,completed,False,no_list,,False,stop,2026-10-08T03:52:23.135042Z,0.000316628,gen_v2,False
gen:development:qwen:fair:001,P98977b8fd85d,development,qwen,fair,,1,0,True,completed,False,no_list,,False,stop,2026-10-08T03:52:20.798355Z,0.000288873,gen_v2,False
gen:development:qwen:fair:002,Pbac08cfd2ea9,development,qwen,fair,,2,0,True,completed,False,wrong_length,,False,stop,2026-10-08T03:52:23.298985Z,0.000349843,gen_v2,False
gen:development:qwen:fair:003,P4535a42b5efc,development,qwen,fair,,3,0,True,completed,False,wrong_length,,False,stop,2026-10-08T03:52:21.918871Z,0.000278408,gen_v2,False
gen:development:qwen:fair:004,P284c83027b5f,development,qwen,fair,,4,0,True,completed,False,no_list,,False,stop,2026-10-08T03:52:21.605062Z,0.000320723,gen_v2,False
gen:development:qwen:fair:005,Pd3f9ea546d1e,development,qwen,fair,,5,0,False,completed,False,no_list,,False,stop,2026-10-08T03:53:02.481014Z,0.000243828,gen_v2,False
gen:development:qwen:fair:006,Pc91f18d090dd,development,qwen,fair,,6,0,False,completed,False,no_list,,False,stop,2026-10-08T03:52:57.917004Z,0.000272948,gen_v2,False
gen:development:qwen:fair:007,P0d5aa7a137b4,development,qwen,fair,,7,0,False,completed,False,no_list,,False,stop,2026-10-08T03:53:06.154589Z,0.000253383,gen_v2,False
gen:development:qwen:fair:008,P6aa2464f4215,development,qwen,fair,,8,0,False,completed,False,no_list,,False,stop,2026-10-08T03:53:19.947621Z,0.000267488,gen_v2,False
gen:development:qwen:fair:009,Pcc3a3d50a93a,development,qwen,fair,,9,0,False,completed,False,no_list,,False,stop,2026-10-08T03:53:03.049258Z,0.000235638,gen_v2,False
gen:development:qwen:fair:010,P167b74f36d8a,development,qwen,fair,,10,1,False,completed,False,no_list,,False,stop,2026-10-08T03:53:54.022667Z,0.000248833,gen_v2,False
gen:development:qwen:fair:011,Pe6b3bc4b3308,development,qwen,fair,,11,1,False,completed,False,wrong_length,,False,stop,2026-10-08T03:53:42.748725Z,0.000447668,gen_v2,False
gen:development:qwen:fair:012,P56313fc49ef8,development,qwen,fair,,12,1,False,completed,False,no_list,,False,stop,2026-10-08T03:53:42.432158Z,0.000208793,gen_v2,False
gen:development:qwen:fair:013,Pb3128fbefce6,development,qwen,fair,,13,1,False,completed,False,no_list,,False,stop,2026-10-08T03:53:59.031964Z,0.000226993,gen_v2,False
gen:development:qwen:fair:014,P702968a0c511,development,qwen,fair,,14,1,False,completed,False,no_list,,False,stop,2026-10-08T03:53:32.375046Z,0.000291148,gen_v2,False
gen:development:qwen:fair:015,P8233b255545e,development,qwen,fair,,15,1,False,completed,False,wrong_length,,False,stop,2026-10-08T03:53:42.890724Z,0.000321633,gen_v2,False
gen:development:qwen:fair:016,P9836c54dd903,development,qwen,fair,,16,1,False,completed,False,wrong_length,,False,stop,2026-10-08T03:53:39.966986Z,0.000236548,gen_v2,False
gen:development:qwen:fair:017,P5f1d238636dd,development,qwen,fair,,17,1,False,completed,True,ok,HTHHTHTTHTHHTTHTHTHH,False,stop,2026-10-08T03:53:58.285863Z,0.000397618,gen_v2,True
gen:development:qwen:fair:018,Pc4c742562792,development,qwen,fair,,18,1,False,completed,False,wrong_length,,False,stop,2026-10-08T03:53:26.874875Z,0.000218348,gen_v2,False
gen:development:qwen:fair:019,P8e1d8ee2c8ec,development,qwen,fair,,19,1,False,completed,False,no_list,,False,stop,2026-10-08T03:53:35.078051Z,0.000331643,gen_v2,False
gen:development:qwen:fair:020,Pbb546aaf0b08,development,qwen,fair,,20,2,False,completed,False,no_list,,False,stop,2026-10-08T03:54:16.851667Z,0.000285688,gen_v2,False
gen:development:qwen:fair:021,P69c036264df2,development,qwen,fair,,21,2,False,completed,False,no_list,,False,stop,2026-10-08T03:54:14.949122Z,0.000353028,gen_v2,False
gen:development:qwen:fair:022,P9456ea8f4a53,development,qwen,fair,,22,2,False,completed,False,wrong_length,,False,stop,2026-10-08T03:54:26.781071Z,0.000339833,gen_v2,False
gen:development:qwen:fair:023,Pbbbcd353e3c6,development,qwen,fair,,23,2,False,completed,False,wrong_length,,False,stop,2026-10-08T03:54:45.913053Z,0.000163293,gen_v2,False
gen:development:qwen:fair:024,Pef014191f6d7,development,qwen,fair,,24,2,False,completed,False,wrong_length,,False,stop,2026-10-08T03:54:20.875946Z,0.000242008,gen_v2,False
gen:development:qwen:fair:025,P6c0223d28905,development,qwen,fair,,25,2,False,completed,True,ok,HHTTHTHHTTHTTHTHTHTH,False,stop,2026-10-08T03:54:25.439998Z,0.000166933,gen_v2,True
gen:development:qwen:fair:026,Pfd6b63c2b42d,development,qwen,fair,,26,2,False,completed,False,no_list,,False,stop,2026-10-08T03:54:14.349960Z,0.000231998,gen_v2,False
gen:development:qwen:fair:027,P663bf62be3ae,development,qwen,fair,,27,2,False,completed,False,no_list,,False,stop,2026-10-08T03:54:35.758116Z,0.000236093,gen_v2,False
gen:development:qwen:fair:028,P061d8a78c5e8,development,qwen,fair,,28,2,False,completed,False,wrong_length,,False,stop,2026-10-08T03:54:18.812969Z,0.000338013,gen_v2,False
gen:development:qwen:fair:029,P4aeac24815df,development,qwen,fair,,29,2,False,completed,False,no_list,,False,stop,2026-10-08T03:54:11.577266Z,0.000388973,gen_v2,False
gen:development:qwen:fair:030,P99ba6a4bd6ec,development,qwen,fair,,30,3,False,completed,False,no_list,,False,stop,2026-10-08T03:54:55.803289Z,0.000232908,gen_v2,False
gen:development:qwen:fair:031,P0edf3b4844ed,development,qwen,fair,,31,3,False,completed,False,no_list,,False,stop,2026-10-08T03:55:12.828862Z,0.000368043,gen_v2,False
gen:development:qwen:fair:032,Pb839d913b4a9,development,qwen,fair,,32,3,False,completed,False,no_list,,False,stop,2026-10-08T03:55:09.787115Z,0.000317083,gen_v2,False
gen:development:qwen:fair:033,Pf6ac3a0712b8,development,qwen,fair,,33,3,False,completed,True,ok,HTHHTTHTTHHTTHHTHTTH,False,stop,2026-10-08T03:55:05.185971Z,0.000299793,gen_v2,True
gen:development:qwen:fair:034,P556d3ffe43cd,development,qwen,fair,,34,3,False,completed,False,wrong_length,,False,stop,2026-10-08T03:55:08.530720Z,0.000155558,gen_v2,False
gen:development:qwen:fair:035,P9aa2178931b3,development,qwen,fair,,35,3,False,completed,False,no_list,,False,stop,2026-10-08T03:55:17.013010Z,0.000312988,gen_v2,False
gen:development:qwen:fair:036,P970af90ad4c5,development,qwen,fair,,36,3,False,completed,False,no_list,,False,stop,2026-10-08T03:55:04.673898Z,0.000344383,gen_v2,False
gen:development:qwen:fair:037,Pbb82a9242eb3,development,qwen,fair,,37,3,False,completed,False,no_list,,False,stop,2026-10-08T03:55:07.732747Z,0.000221533,gen_v2,False
gen:development:qwen:fair:038,Pe11dad1fcc34,development,qwen,fair,,38,3,False,completed,False,wrong_length,,False,stop,2026-10-08T03:54:52.635276Z,0.000219258,gen_v2,False
gen:development:qwen:fair:039,P62250b23e6fe,development,qwen,fair,,39,3,False,completed,True,ok,HTHTHTHTHTHTHTHTHTHT,False,stop,2026-10-08T03:54:58.056189Z,0.000296153,gen_v2,True
gen:development:qwen:fair:040,Pbb81cdbc13d1,development,qwen,fair,,40,4,False,completed,False,wrong_length,,False,stop,2026-10-08T03:55:57.435907Z,0.000244283,gen_v2,False
gen:development:qwen:fair:041,Pcce1f1d60433,development,qwen,fair,,41,4,False,completed,False,no_list,,False,stop,2026-10-08T03:55:46.449145Z,0.000215618,gen_v2,False
gen:development:qwen:fair:042,P13b7a6f3422e,development,qwen,fair,,42,4,False,completed,True,ok,HTHHTTHTHHTTHHTTHTHH,False,stop,2026-10-08T03:55:49.144054Z,0.000427648,gen_v2,True
gen:development:qwen:fair:043,P550ac6c5e497,development,qwen,fair,,43,4,False,completed,False,no_list,,False,stop,2026-10-08T03:55:46.280466Z,0.000210158,gen_v2,False
gen:development:qwen:fair:044,Pbe2e13700116,development,qwen,fair,,44,4,False,completed,False,no_list,,False,stop,2026-10-08T03:55:41.787312Z,0.000284323,gen_v2,False
gen:development:qwen:fair:045,Pae661fbca185,development,qwen,fair,,45,4,False,completed,False,no_list,,False,stop,2026-10-08T03:55:34.259220Z,0.000335738,gen_v2,False
gen:development:qwen:fair:046,P40d73f8b65b7,development,qwen,fair,,46,4,False,completed,False,no_list,,False,stop,2026-10-08T03:56:02.505151Z,0.000305253,gen_v2,False
gen:development:qwen:fair:047,P4a7112d8e48c,development,qwen,fair,,47,4,False,completed,False,wrong_length,,False,stop,2026-10-08T03:55:31.205795Z,0.000219258,gen_v2,False
gen:development:qwen:fair:048,Pd05548999355,development,qwen,fair,,48,4,False,completed,False,no_list,,False,stop,2026-10-08T03:55:30.963826Z,0.000212433,gen_v2,False
gen:development:qwen:fair:049,Pc7a8131d0dbc,development,qwen,fair,,49,4,False,completed,False,no_list,,False,stop,2026-10-08T03:56:00.014780Z,0.000378508,gen_v2,False
gen:development:qwen:fair:050,P209a80580ec2,development,qwen,fair,,50,5,False,completed,False,no_list,,False,stop,2026-10-08T03:56:18.122972Z,0.000287508,gen_v2,False
gen:development:qwen:fair:051,Pb6295c21647a,development,qwen,fair,,51,5,False,completed,False,wrong_length,,False,stop,2026-10-08T03:56:35.381108Z,0.000263393,gen_v2,False
gen:development:qwen:fair:052,Pc61f901c861e,development,qwen,fair,,52,5,False,completed,False,no_list,,False,stop,2026-10-08T03:56:25.300051Z,0.000346658,gen_v2,False
gen:development:qwen:fair:053,P1f9b45917f4f,development,qwen,fair,,53,5,False,completed,False,no_list,,False,stop,2026-10-08T03:56:25.526610Z,0.000213798,gen_v2,False
gen:development:qwen:fair:054,P2ce3e50c6cd8,development,qwen,fair,,54,5,False,completed,False,no_list,,False,stop,2026-10-08T03:56:13.962768Z,0.000201513,gen_v2,False
gen:development:qwen:fair:055,Pc4c3dedb6d90,development,qwen,fair,,55,5,False,completed,False,no_list,,False,stop,2026-10-08T03:56:28.555789Z,0.000204698,gen_v2,False
gen:development:qwen:fair:056,P9d98c36f9530,development,qwen,fair,,56,5,False,completed,False,no_list,,False,stop,2026-10-08T03:56:48.620512Z,0.000291603,gen_v2,False
gen:development:qwen:fair:057,Pe49bd1c1ef90,development,qwen,fair,,57,5,False,completed,False,no_list,,False,stop,2026-10-08T03:56:26.306033Z,0.000231998,gen_v2,False
gen:development:qwen:fair:058,Pc7d54a071ca7,development,qwen,fair,,58,5,False,completed,False,wrong_length,,False,stop,2026-10-08T03:56:46.805210Z,0.000209248,gen_v2,False
gen:development:qwen:fair:059,P60cac3f52285,development,qwen,fair,,59,5,False,completed,True,ok,HTHHTTHTHTHTTHHTHTHT,False,stop,2026-10-08T03:56:17.450886Z,0.000305253,gen_v2,True
gen:development:qwen:plain:000,Pe3bd4908335f,development,qwen,plain,,0,0,True,completed,True,ok,HTHTHHTTHTHTTHHTHTHT,False,stop,2026-10-08T03:52:16.922906Z,6.0801e-05,gen_v2,True
gen:development:qwen:plain:001,P93e8938cf002,development,qwen,plain,,1,0,True,completed,True,ok,HTHTHHTTHTHTHTHHTTHT,False,stop,2026-10-08T03:52:14.710057Z,5.4431e-05,gen_v2,True
gen:development:qwen:plain:002,P8d54ac257b9d,development,qwen,plain,,2,0,True,completed,True,ok,HTHHTTHTHTHTHHTHTHTH,False,stop,2026-10-08T03:52:17.998979Z,9.9021e-05,gen_v2,True
gen:development:qwen:plain:003,Pdd43833221b9,development,qwen,plain,,3,0,True,completed,True,ok,HTHTHTHTHTHTHTHTHTHT,False,stop,2026-10-08T03:52:14.571146Z,5.5341e-05,gen_v2,True
gen:development:qwen:plain:004,P1b7dd9ac1e0a,development,qwen,plain,,4,0,True,completed,True,ok,HTHTHTHTHTHTHTHTHTHT,False,stop,2026-10-08T03:52:15.631099Z,7.9001e-05,gen_v2,True
gen:development:qwen:plain:005,P88dfc90760a5,development,qwen,plain,,5,0,False,completed,True,ok,HTHTHTHTHTHTHTHTHTHT,True,stop,2026-10-08T03:53:06.086198Z,0.000108121,gen_v2,True
gen:development:qwen:plain:006,Pee8d12fdf185,development,qwen,plain,,6,0,False,completed,True,ok,HTHTHTHTHTHTHTHTHTHT,False,stop,2026-10-08T03:52:52.598279Z,7.5361e-05,gen_v2,True
gen:development:qwen:plain:007,P8f95ed0aab1a,development,qwen,plain,,7,0,False,completed,False,no_list,,False,stop,2026-10-08T03:52:52.701019Z,7.6726e-05,gen_v2,False
gen:development:qwen:plain:008,P0f5a5dfd4725,development,qwen,plain,,8,0,False,completed,True,ok,HTHHTTHTHTHTHHTTHTHT,False,stop,2026-10-08T03:53:11.532102Z,7.9911e-05,gen_v2,True
gen:development:qwen:plain:009,Pc912814f87cd,development,qwen,plain,,9,0,False,completed,True,ok,HTHHTTHTHTHHTTHHTHTH,False,stop,2026-10-08T03:53:00.549939Z,9.4926e-05,gen_v2,True
gen:development:qwen:plain:010,P2a17c1a7f534,development,qwen,plain,,10,1,False,completed,True,ok,HTHHTTHTHTHTHHTHTHTH,False,stop,2026-10-08T03:53:46.030393Z,9.0376e-05,gen_v2,True
gen:development:qwen:plain:011,Pa6c18721be07,development,qwen,plain,,11,1,False,completed,True,ok,HTHHTTHTHTHTHTHTHTHT,False,stop,2026-10-08T03:53:46.637527Z,7.9456e-05,gen_v2,True
gen:development:qwen:plain:012,Pc3cdad04a5be,development,qwen,plain,,12,1,False,completed,True,ok,HTHHTTHTHTHTHTHTHTHT,False,stop,2026-10-08T03:53:37.871707Z,8.0366e-05,gen_v2,True
gen:development:qwen:plain:013,P3cf1bdc890e8,development,qwen,plain,,13,1,False,completed,True,ok,HTHTHTHTHTHTHTHTHTHT,False,stop,2026-10-08T03:53:49.352863Z,7.9456e-05,gen_v2,True
gen:development:qwen:plain:014,P9050119aa677,development,qwen,plain,,14,1,False,completed,True,ok,HTHHTTHTHTHTHTHTHTHT,False,stop,2026-10-08T03:53:22.891992Z,8.3096e-05,gen_v2,True
gen:development:qwen:plain:015,P6156e4b6d524,development,qwen,plain,,15,1,False,completed,True,ok,HTHTHHTTHTHTHHTTHTHT,False,stop,2026-10-08T03:53:42.220845Z,5.8526e-05,gen_v2,True
gen:development:qwen:plain:016,Pe5661e2c0fa2,development,qwen,plain,,16,1,False,completed,True,ok,HTHTHTHTHTHTHTHTHTHT,False,stop,2026-10-08T03:53:54.921810Z,7.9001e-05,gen_v2,True
gen:development:qwen:plain:017,Pad09da374005,development,qwen,plain,,17,1,False,completed,True,ok,HTHHTTHTHTHTHTHTHTHT,False,stop,2026-10-08T03:53:22.728851Z,7.8546e-05,gen_v2,True
gen:development:qwen:plain:018,Pb84c0044be6b,development,qwen,plain,,18,1,False,completed,True,ok,HTHHTTHTHTHTHTHTHTHT,False,stop,2026-10-08T03:53:56.930829Z,7.9456e-05,gen_v2,True
gen:development:qwen:plain:019,P7e0560cc34f0,development,qwen,plain,,19,1,False,completed,True,ok,HTHTTHHTHHTTHTHTTHHT,True,stop,2026-10-08T03:53:23.973946Z,0.000104026,gen_v2,True
gen:development:qwen:plain:020,P0dce40ee3a1a,development,qwen,plain,,20,2,False,completed,True,ok,HTHTHTHTHTHTHTHTHTHT,False,stop,2026-10-08T03:54:36.816902Z,7.7181e-05,gen_v2,True
gen:development:qwen:plain:021,P2c6e663ddd18,development,qwen,plain,,21,2,False,completed,True,ok,HTHHTTHTHTHTHTTHTHTH,False,stop,2026-10-08T03:54:06.969887Z,7.9456e-05,gen_v2,True
gen:development:qwen:plain:022,P8fd1189f40ca,development,qwen,plain,,22,2,False,completed,True,ok,HTHHTTHTHTHTHHTHTTHH,False,stop,2026-10-08T03:54:03.420867Z,0.000102206,gen_v2,True
gen:development:qwen:plain:023,P4c064738de59,development,qwen,plain,,23,2,False,completed,True,ok,HTHHTTHTHTHTHTHTHTHT,False,stop,2026-10-08T03:54:29.671945Z,7.9001e-05,gen_v2,True
gen:development:qwen:plain:024,P282cef1be128,development,qwen,plain,,24,2,False,completed,True,ok,HTHHTTHTHTHTHTHTHTHT,False,stop,2026-10-08T03:54:13.756970Z,7.3996e-05,gen_v2,True
gen:development:qwen:plain:025,Pe4cf1149d44b,development,qwen,plain,,25,2,False,completed,True,ok,HTHHTTHTHTHTTHTHHTTH,False,stop,2026-10-08T03:54:22.822843Z,7.9001e-05,gen_v2,True
gen:development:qwen:plain:026,Pd0aa588855d4,development,qwen,plain,,26,2,False,completed,True,ok,HTHHTTHTHTHTHTHTHTHT,False,stop,2026-10-08T03:54:02.937130Z,8.4916e-05,gen_v2,True
gen:development:qwen:plain:027,P079411af67c6,development,qwen,plain,,27,2,False,completed,True,ok,HTHTHTHTHTHTHTHTHTHT,False,stop,2026-10-08T03:54:23.824062Z,7.5361e-05,gen_v2,True
gen:development:qwen:plain:028,Pd39e691b735a,development,qwen,plain,,28,2,False,completed,True,ok,HTHHTTHTHTHTHTTHTHTH,False,stop,2026-10-08T03:54:20.150990Z,7.8546e-05,gen_v2,True
gen:development:qwen:plain:029,Pe4f3d88f0c0f,development,qwen,plain,,29,2,False,completed,True,ok,HTHTHTHTHTHTHTHTHTHT,False,stop,2026-10-08T03:54:17.312903Z,7.9911e-05,gen_v2,True
gen:development:qwen:plain:030,Pe3414fd6437b,development,qwen,plain,,30,3,False,completed,True,ok,HTHHTTHTHTHTHTTHTHTH,False,stop,2026-10-08T03:55:21.008817Z,7.6726e-05,gen_v2,True
gen:development:qwen:plain:031,P1e10174ed7e4,development,qwen,plain,,31,3,False,completed,True,ok,HTHTHTHTHTHTHTHTHTHT,True,stop,2026-10-08T03:55:03.672883Z,0.000108576,gen_v2,True
gen:development:qwen:plain:032,P906aa7f45309,development,qwen,plain,,32,3,False,completed,True,ok,HTHTHTHTHTHTHTHTHTHT,False,stop,2026-10-08T03:55:21.577186Z,5.5796e-05,gen_v2,True
gen:development:qwen:plain:033,Pde3f7ec07d8f,development,qwen,plain,,33,3,False,completed,True,ok,HTHTHTHTHTHTHTHTHTHT,False,stop,2026-10-08T03:54:56.080800Z,5.5796e-05,gen_v2,True
gen:development:qwen:plain:034,P9176e691a1cb,development,qwen,plain,,34,3,False,completed,True,ok,HTHHTHTTHTHHTHTTHTHT,True,stop,2026-10-08T03:54:58.740200Z,0.000108121,gen_v2,True
gen:development:qwen:plain:035,P1291b0f23e76,development,qwen,plain,,35,3,False,completed,True,ok,HTHTTHHTHTHTHTTHTHTH,True,stop,2026-10-08T03:55:12.364778Z,0.000105846,gen_v2,True
gen:development:qwen:plain:036,Pc345553a70f4,development,qwen,plain,,36,3,False,completed,True,ok,HTHTHTHTHTHTHTHTHTHT,False,stop,2026-10-08T03:54:52.812950Z,7.1721e-05,gen_v2,True
gen:development:qwen:plain:037,P641139fa9d12,development,qwen,plain,,37,3,False,completed,True,ok,HTHTHTHTHTHTHTHTHTHT,False,stop,2026-10-08T03:54:48.735605Z,7.9911e-05,gen_v2,True
gen:development:qwen:plain:038,Pb398ab79f7e7,development,qwen,plain,,38,3,False,completed,True,ok,HTHHTTHTHTHTHHTHTHTH,False,stop,2026-10-08T03:54:49.074862Z,7.9456e-05,gen_v2,True
gen:development:qwen:plain:039,Pad3ddaed20fe,development,qwen,plain,,39,3,False,completed,True,ok,HTHTHTHTHTHTHTHTHTHT,False,stop,2026-10-08T03:55:17.457574Z,7.8546e-05,gen_v2,True
gen:development:qwen:plain:040,Pd0b61bd9dbdd,development,qwen,plain,,40,4,False,completed,True,ok,HTHTHTHTHTHTHTHTHTHT,False,stop,2026-10-08T03:55:44.054594Z,7.9911e-05,gen_v2,True
gen:development:qwen:plain:041,Pe3ca15ee2a82,development,qwen,plain,,41,4,False,completed,True,ok,HTHHTTHTHTHTHHTTHTHT,False,stop,2026-10-08T03:55:32.912989Z,7.9456e-05,gen_v2,True
gen:development:qwen:plain:042,Pe2af89af275f,development,qwen,plain,,42,4,False,completed,True,ok,HTHTHTHTHTHTHTHTHTHT,False,stop,2026-10-08T03:55:58.008843Z,7.9001e-05,gen_v2,True
gen:development:qwen:plain:043,Pe40a4d5cfedc,development,qwen,plain,,43,4,False,completed,True,ok,HTHHTTHTHTHTHTHTHTHT,False,stop,2026-10-08T03:56:00.229663Z,7.9001e-05,gen_v2,True
gen:development:qwen:plain:044,P7ef48714ce9f,development,qwen,plain,,44,4,False,completed,True,ok,HTHHTTHTHTHTHTHTHTHT,False,stop,2026-10-08T03:55:55.142970Z,7.6726e-05,gen_v2,True
gen:development:qwen:plain:045,Pf75821a5180f,development,qwen,plain,,45,4,False,completed,True,ok,HTHTHTHTHTHTHTHTHTHT,False,stop,2026-10-08T03:55:29.967951Z,7.7181e-05,gen_v2,True
gen:development:qwen:plain:046,Pcc32ed752503,development,qwen,plain,,46,4,False,completed,True,ok,HTHTHTHTHTHTHTHTHTHT,False,stop,2026-10-08T03:55:52.283775Z,7.4451e-05,gen_v2,True
gen:development:qwen:plain:047,Pc69fc75388c2,development,qwen,plain,,47,4,False,completed,True,ok,HTHHTTHTHTHTHHTTHTHT,False,stop,2026-10-08T03:55:34.824944Z,7.6271e-05,gen_v2,True
gen:development:qwen:plain:048,P863d25875695,development,qwen,plain,,48,4,False,completed,True,ok,HTHHTTHTHTHTHTHTHTHT,False,stop,2026-10-08T03:55:33.943097Z,7.9456e-05,gen_v2,True
gen:development:qwen:plain:049,Pa1e3e52651b5,development,qwen,plain,,49,4,False,completed,True,ok,HTHTHTHTHTHTHTHTHTHT,False,stop,2026-10-08T03:55:27.086141Z,7.1721e-05,gen_v2,True
gen:development:qwen:plain:050,Pa780e768f34f,development,qwen,plain,,50,5,False,completed,True,ok,HTHHTTHTHTHTHTHTHTHT,False,stop,2026-10-08T03:56:28.197319Z,7.7636e-05,gen_v2,True
gen:development:qwen:plain:051,P6bfab72ccc07,development,qwen,plain,,51,5,False,completed,True,ok,HTHTHTHTHTHTHTHTHTHT,False,stop,2026-10-08T03:56:23.227661Z,5.7161e-05,gen_v2,True
gen:development:qwen:plain:052,P1513e1db9763,development,qwen,plain,,52,5,False,completed,True,ok,HTHHTHTHTTHHTTHHTTHT,True,stop,2026-10-08T03:56:07.807157Z,0.000105391,gen_v2,True
gen:development:qwen:plain:053,P652a43276ad4,development,qwen,plain,,53,5,False,completed,True,ok,HTHTHTHTHTHTHTHTHTHT,False,stop,2026-10-08T03:56:29.349260Z,7.5361e-05,gen_v2,True
gen:development:qwen:plain:054,Pdf80bcd81e94,development,qwen,plain,,54,5,False,completed,True,ok,HTHHTTHTHTHHTHTTHTHT,False,stop,2026-10-08T03:56:10.414024Z,5.4886e-05,gen_v2,True
gen:development:qwen:plain:055,Pb03f383550e0,development,qwen,plain,,55,5,False,completed,True,ok,HTHHTTHTHTHTHHTTHTHT,False,stop,2026-10-08T03:56:42.291095Z,7.9911e-05,gen_v2,True
gen:development:qwen:plain:056,P9f7eb456b0d7,development,qwen,plain,,56,5,False,completed,True,ok,HTHTHTHTHTHTHTHTHTHT,False,stop,2026-10-08T03:56:19.121979Z,7.6726e-05,gen_v2,True
gen:development:qwen:plain:057,P623b60dbb31b,development,qwen,plain,,57,5,False,completed,True,ok,HTHTHTHTHTHTHTHTHTHT,False,stop,2026-10-08T03:56:28.786766Z,7.9001e-05,gen_v2,True
gen:development:qwen:plain:058,Pa776320a6949,development,qwen,plain,,58,5,False,completed,True,ok,HTHHTTHTHTHTHTHTHTHT,False,stop,2026-10-08T03:56:43.358787Z,7.8091e-05,gen_v2,True
gen:development:qwen:plain:059,Pa43464e05268,development,qwen,plain,,59,5,False,completed,True,ok,HTHTHHTTHTHTHHTTHTHT,False,stop,2026-10-08T03:56:06.973938Z,6.2621e-05,gen_v2,True
hist:holdout:fair:t0.0:000,H293f14059602,holdout,gpt35_0613,fair,0.0,0,0,False,completed,True,ok,HTHHTHTHTHTHHTHTHTHT,False,stop,2026-10-08T04:25:35.207597Z,0.000263,gen_v2,True
hist:holdout:fair:t0.0:001,Ha8bb2370f3bd,holdout,gpt35_0613,fair,0.0,1,0,False,completed,True,ok,HTHHTHTHTHTHHTHTHTHT,False,stop,2026-10-08T04:25:39.021463Z,0.000263,gen_v2,True
hist:holdout:fair:t0.0:002,Hd7988765b892,holdout,gpt35_0613,fair,0.0,2,0,False,completed,True,ok,HTHHTHTTHTHHTHTHTHTH,False,stop,2026-10-08T04:25:37.312634Z,0.000263,gen_v2,True
hist:holdout:fair:t0.0:003,H4f28a3b1515a,holdout,gpt35_0613,fair,0.0,3,0,False,completed,True,ok,HTHHTHTTHTHHTHTHTHTH,False,stop,2026-10-08T04:25:37.760475Z,0.000263,gen_v2,True
hist:holdout:fair:t0.0:004,Hffcfa24f0f15,holdout,gpt35_0613,fair,0.0,4,1,False,completed,True,ok,HTHHTHTHTHTHHTHTHTHT,False,stop,2026-10-08T04:25:46.970247Z,0.000263,gen_v2,True
hist:holdout:fair:t0.0:005,H28da081f244f,holdout,gpt35_0613,fair,0.0,5,1,False,completed,True,ok,HTHHTHTHTHTHHTHTHTHT,False,stop,2026-10-08T04:25:49.326579Z,0.000263,gen_v2,True
hist:holdout:fair:t0.0:006,H9c0df8dce9c6,holdout,gpt35_0613,fair,0.0,6,1,False,completed,True,ok,HTHHTHTTHTHHTHTHTHTH,False,stop,2026-10-08T04:25:46.351837Z,0.000263,gen_v2,True
hist:holdout:fair:t0.0:007,Hd79f61604079,holdout,gpt35_0613,fair,0.0,7,1,False,completed,True,ok,HTHHTHTHTHTHHTHTHTHT,False,stop,2026-10-08T04:25:42.457418Z,0.000263,gen_v2,True
hist:holdout:fair:t0.0:008,H8db02776b584,holdout,gpt35_0613,fair,0.0,8,2,False,completed,True,ok,HTHHTHTTHTHHTHTHTHTH,False,stop,2026-10-08T04:25:58.689841Z,0.000263,gen_v2,True
hist:holdout:fair:t0.0:009,Hfcc2e13754d7,holdout,gpt35_0613,fair,0.0,9,2,False,completed,True,ok,HTHHTHTHTHTHHTHTHTHT,False,stop,2026-10-08T04:25:58.069198Z,0.000263,gen_v2,True
hist:holdout:fair:t0.0:010,H1c3ae2dcd9f7,holdout,gpt35_0613,fair,0.0,10,2,False,completed,True,ok,HTHHTHTHTHTHHTHTHTHT,False,stop,2026-10-08T04:26:00.432445Z,0.000263,gen_v2,True
hist:holdout:fair:t0.0:011,H16d02a224691,holdout,gpt35_0613,fair,0.0,11,2,False,completed,True,ok,HTHHTHTHTHTHHTHTHTHT,False,stop,2026-10-08T04:25:52.440435Z,0.000263,gen_v2,True
hist:holdout:fair:t0.0:012,Hf5b5928a6e98,holdout,gpt35_0613,fair,0.0,12,3,False,completed,True,ok,HTHHTHTHTHTHHTHTHTHT,False,stop,2026-10-08T04:26:08.360338Z,0.000263,gen_v2,True
hist:holdout:fair:t0.0:013,Heaabbd1c1acd,holdout,gpt35_0613,fair,0.0,13,3,False,completed,True,ok,HTHHTHTTHTHHTHTHTHTH,False,stop,2026-10-08T04:26:09.703387Z,0.000263,gen_v2,True
hist:holdout:fair:t0.0:014,Hd24c571e297a,holdout,gpt35_0613,fair,0.0,14,3,False,completed,True,ok,HTHHTHTHTHTHHTHTHTHT,False,stop,2026-10-08T04:26:08.486423Z,0.000263,gen_v2,True
hist:holdout:fair:t0.0:015,H02b684109ac2,holdout,gpt35_0613,fair,0.0,15,3,False,completed,True,ok,HTHHTHTHTHTHHTHTHTHT,False,stop,2026-10-08T04:26:06.822382Z,0.000263,gen_v2,True
hist:holdout:fair:t0.0:016,Hd30f184c7adc,holdout,gpt35_0613,fair,0.0,16,4,False,completed,True,ok,HTHHTHTHTHTHHTHTHTHT,False,stop,2026-10-08T04:26:19.952415Z,0.000263,gen_v2,True
hist:holdout:fair:t0.0:017,H2f433036a637,holdout,gpt35_0613,fair,0.0,17,4,False,completed,True,ok,HTHHTHTTHHTHTHTHTHTH,False,stop,2026-10-08T04:26:21.395348Z,0.000263,gen_v2,True
hist:holdout:fair:t0.0:018,H6892757e04eb,holdout,gpt35_0613,fair,0.0,18,4,False,completed,True,ok,HTHHTHTTHTHHTHTHTHTH,False,stop,2026-10-08T04:26:16.968573Z,0.000263,gen_v2,True
hist:holdout:fair:t0.0:019,H5b9b3c6dc08c,holdout,gpt35_0613,fair,0.0,19,4,False,completed,True,ok,HTHHTHTHTHTHHTHTHTHT,False,stop,2026-10-08T04:26:20.308174Z,0.000263,gen_v2,True
hist:holdout:fair:t0.0:020,H48885595ece4,holdout,gpt35_0613,fair,0.0,20,5,False,completed,True,ok,HTHHTHTHTHTHHTHTHTHT,False,stop,2026-10-08T04:26:28.693263Z,0.000263,gen_v2,True
hist:holdout:fair:t0.0:021,Hd6b8350f4cfd,holdout,gpt35_0613,fair,0.0,21,5,False,completed,True,ok,HTHHTHTHTHTHHTHTHTHT,False,stop,2026-10-08T04:26:36.724428Z,0.000263,gen_v2,True
hist:holdout:fair:t0.0:022,H240085f58fe5,holdout,gpt35_0613,fair,0.0,22,5,False,completed,True,ok,HTHHTHTTHTHHTHTHTHTH,False,stop,2026-10-08T04:26:29.838172Z,0.000263,gen_v2,True
hist:holdout:fair:t0.0:023,H350f575b7f71,holdout,gpt35_0613,fair,0.0,23,5,False,completed,True,ok,HTHHTHTTHTHHTHTHTHTH,False,stop,2026-10-08T04:26:31.382515Z,0.000263,gen_v2,True
hist:holdout:fair:t0.8:000,He84f52fd231c,holdout,gpt35_0613,fair,0.8,0,0,False,completed,True,ok,HTHHTHTTHHTHTHTHTHTH,False,stop,2026-10-08T04:25:35.836202Z,0.000253,gen_v2,True
hist:holdout:fair:t0.8:001,Hc8255600b7ea,holdout,gpt35_0613,fair,0.8,1,0,False,completed,True,ok,HTHHTHTHTHHTTHTHTHTH,False,stop,2026-10-08T04:25:35.819348Z,0.000265,gen_v2,True
hist:holdout:fair:t0.8:002,Hd264ef1fb089,holdout,gpt35_0613,fair,0.8,2,0,False,completed,True,ok,HTHHTTHTHTHHTHTTHTHT,False,stop,2026-10-08T04:25:34.045737Z,0.000285,gen_v2,True
hist:holdout:fair:t0.8:003,H284e2e45f58d,holdout,gpt35_0613,fair,0.8,3,0,False,completed,True,ok,HTHHTHTHTHTTHTHHTHTH,False,stop,2026-10-08T04:25:33.956321Z,0.000263,gen_v2,True
hist:holdout:fair:t0.8:004,He1cff698dedd,holdout,gpt35_0613,fair,0.8,4,1,False,completed,True,ok,HTHHTHTTHHTHTHTHHTHT,False,stop,2026-10-08T04:25:42.533428Z,0.000261,gen_v2,True
hist:holdout:fair:t0.8:005,H18aa7655240c,holdout,gpt35_0613,fair,0.8,5,1,False,completed,True,ok,HTHHTHTTHHTHTHTTHHTH,False,stop,2026-10-08T04:25:45.335686Z,0.000253,gen_v2,True
hist:holdout:fair:t0.8:006,H4f159bafa951,holdout,gpt35_0613,fair,0.8,6,1,False,completed,True,ok,HTHHTTHTHTHHTHTHTHTH,False,stop,2026-10-08T04:25:41.092530Z,0.000253,gen_v2,True
hist:holdout:fair:t0.8:007,Ha72e3d5817c1,holdout,gpt35_0613,fair,0.8,7,1,False,completed,True,ok,HTHHTHTTHTHHTHTTHTHT,False,stop,2026-10-08T04:25:50.567829Z,0.000189,gen_v2,True
hist:holdout:fair:t0.8:008,H1ca0ec883a93,holdout,gpt35_0613,fair,0.8,8,2,False,completed,True,ok,HTHHTTHTHTHHTTHTHTTH,False,stop,2026-10-08T04:25:58.367757Z,0.000265,gen_v2,True
hist:holdout:fair:t0.8:009,H5334f4c06032,holdout,gpt35_0613,fair,0.8,9,2,False,completed,True,ok,HTHHTTHHTHTHTHHTHTHT,False,stop,2026-10-08T04:26:02.627634Z,0.000263,gen_v2,True
hist:holdout:fair:t0.8:010,Hbd4637f3f9ed,holdout,gpt35_0613,fair,0.8,10,2,False,completed,True,ok,HTHHTHTHTTHTHHTHTTHT,False,stop,2026-10-08T04:25:59.514623Z,0.000261,gen_v2,True
hist:holdout:fair:t0.8:011,H5dca3af9d3b9,holdout,gpt35_0613,fair,0.8,11,2,False,completed,True,ok,HTHHTTHTHHTTHHTHTHTH,False,stop,2026-10-08T04:25:57.085562Z,0.000293,gen_v2,True
hist:holdout:fair:t0.8:012,Ha33cad0d8515,holdout,gpt35_0613,fair,0.8,12,3,False,completed,True,ok,HTHHTHTHTHTHHTTHTHTH,False,stop,2026-10-08T04:26:04.052411Z,0.000265,gen_v2,True
hist:holdout:fair:t0.8:013,H12115cf1ef12,holdout,gpt35_0613,fair,0.8,13,3,False,completed,True,ok,HTHHTHTTHTHHTTHHTHTH,False,stop,2026-10-08T04:26:08.373136Z,0.000259,gen_v2,True
hist:holdout:fair:t0.8:014,H1711e43b9aaa,holdout,gpt35_0613,fair,0.8,14,3,False,completed,True,ok,HTHHTHTTHTHHTHTTHTHH,False,stop,2026-10-08T04:26:13.994416Z,0.000265,gen_v2,True
hist:holdout:fair:t0.8:015,H34b1ed6a3518,holdout,gpt35_0613,fair,0.8,15,3,False,completed,True,ok,HTHHTHTHTHTHTHTHHTHT,False,stop,2026-10-08T04:26:05.423820Z,0.000263,gen_v2,True
hist:holdout:fair:t0.8:016,Hc9d7f3912c11,holdout,gpt35_0613,fair,0.8,16,4,False,completed,True,ok,HTHHTHTTHTHHTHTHTTHH,False,stop,2026-10-08T04:26:22.404966Z,0.000263,gen_v2,True
hist:holdout:fair:t0.8:017,Hbd6d609ec4df,holdout,gpt35_0613,fair,0.8,17,4,False,completed,True,ok,HTHHTHTTHHTHTHTTHTHH,False,stop,2026-10-08T04:26:22.868211Z,0.000259,gen_v2,True
hist:holdout:fair:t0.8:018,H10313796123a,holdout,gpt35_0613,fair,0.8,18,4,False,completed,True,ok,HTHHTTHTHTHHTHTTHTHT,False,stop,2026-10-08T04:26:23.701662Z,0.000265,gen_v2,True
hist:holdout:fair:t0.8:019,He96d98eeacf2,holdout,gpt35_0613,fair,0.8,19,4,False,completed,True,ok,HTHHTTHTHHTHTHHTHTTH,False,stop,2026-10-08T04:26:17.147463Z,0.000259,gen_v2,True
hist:holdout:fair:t0.8:020,H97b18d6dc930,holdout,gpt35_0613,fair,0.8,20,5,False,completed,True,ok,HTHHTTHTHHTHTHTTHTHT,False,stop,2026-10-08T04:26:29.181453Z,0.000263,gen_v2,True
hist:holdout:fair:t0.8:021,Ha33771083216,holdout,gpt35_0613,fair,0.8,21,5,False,completed,True,ok,HTHHTTHTHTHHTHTTHTHT,False,stop,2026-10-08T04:26:36.253466Z,0.000265,gen_v2,True
hist:holdout:fair:t0.8:022,Ha1482a2b9934,holdout,gpt35_0613,fair,0.8,22,5,False,completed,True,ok,HTHHTHTHTHTHHTTHTHTH,False,stop,2026-10-08T04:26:28.060817Z,0.000265,gen_v2,True
hist:holdout:fair:t0.8:023,H8c5109f8d0e4,holdout,gpt35_0613,fair,0.8,23,5,False,completed,True,ok,HTHTHHTHTHTTHHTHTHTH,False,stop,2026-10-08T04:26:33.163580Z,0.000259,gen_v2,True
hist:holdout:fair:t1.5:000,Ha0569493406c,holdout,gpt35_0613,fair,1.5,0,0,False,completed,True,ok,HTHHTTHHTTHHTHTTHHTH,False,stop,2026-10-08T04:25:35.737418Z,0.000261,gen_v2,True
hist:holdout:fair:t1.5:001,H255e5f419882,holdout,gpt35_0613,fair,1.5,1,0,False,completed,True,ok,HTHHTHTTHTHTHHTHTTHH,False,stop,2026-10-08T04:25:39.038393Z,0.000291,gen_v2,True
hist:holdout:fair:t1.5:002,H7880cb7d8c08,holdout,gpt35_0613,fair,1.5,2,0,False,completed,True,ok,HTHHTHTTHTHHTHTHTHHT,False,stop,2026-10-08T04:25:33.590865Z,0.000191,gen_v2,True
hist:holdout:fair:t1.5:003,H494c32b1d94a,holdout,gpt35_0613,fair,1.5,3,0,False,completed,True,ok,HTHHTTHTHTHTHTHHTTHT,False,stop,2026-10-08T04:25:35.481586Z,0.000253,gen_v2,True
hist:holdout:fair:t1.5:004,H16c329843404,holdout,gpt35_0613,fair,1.5,4,1,False,completed,False,no_list,,False,stop,2026-10-08T04:25:47.182271Z,8.9e-05,gen_v2,False
hist:holdout:fair:t1.5:005,H324b4047c90c,holdout,gpt35_0613,fair,1.5,5,1,False,completed,True,ok,HTHHTTHHTHTHHTTHTHTH,False,stop,2026-10-08T04:25:48.947520Z,0.000293,gen_v2,True
hist:holdout:fair:t1.5:006,Ha34acb700192,holdout,gpt35_0613,fair,1.5,6,1,False,completed,True,ok,HTHTHHTHTTHTHHTTHHHT,False,stop,2026-10-08T04:25:45.813959Z,0.000263,gen_v2,True
hist:holdout:fair:t1.5:007,H2e484d87fbe8,holdout,gpt35_0613,fair,1.5,7,1,False,completed,True,ok,HTHHTHTHHTTHTHTHHTHH,False,stop,2026-10-08T04:25:44.830675Z,0.000277,gen_v2,True
hist:holdout:fair:t1.5:008,Hfbb38897b747,holdout,gpt35_0613,fair,1.5,8,2,False,completed,True,ok,HTHHTTHTHTHTHHTTHTHH,False,stop,2026-10-08T04:25:59.770665Z,0.000261,gen_v2,True
hist:holdout:fair:t1.5:009,He7a7bc213a94,holdout,gpt35_0613,fair,1.5,9,2,False,completed,True,ok,HTHHTTHTHTHHTHTTHTHH,False,stop,2026-10-08T04:25:53.987582Z,0.000255,gen_v2,True
hist:holdout:fair:t1.5:010,H08e49dfcfa65,holdout,gpt35_0613,fair,1.5,10,2,False,completed,True,ok,HTHHTTHHTHTHTTHHTHTT,False,stop,2026-10-08T04:26:01.192302Z,0.000271,gen_v2,True
hist:holdout:fair:t1.5:011,H56104a3becd0,holdout,gpt35_0613,fair,1.5,11,2,False,completed,True,ok,HTHHTTHTHTHHTTHTHTHT,False,stop,2026-10-08T04:25:55.602397Z,0.000287,gen_v2,True
hist:holdout:fair:t1.5:012,H4665c2388101,holdout,gpt35_0613,fair,1.5,12,3,False,completed,True,ok,HTHHTHTTHHTHTHTHTTHT,False,stop,2026-10-08T04:26:07.130894Z,0.000271,gen_v2,True
hist:holdout:fair:t1.5:013,Hf4d185f7c5ef,holdout,gpt35_0613,fair,1.5,13,3,False,completed,True,ok,HTHHTTHTHHTTHHTTHTHT,False,stop,2026-10-08T04:26:04.035130Z,0.000259,gen_v2,True
hist:holdout:fair:t1.5:014,Hf758fa445a9a,holdout,gpt35_0613,fair,1.5,14,3,False,completed,True,ok,HTHHTTHTHHTHTHTHHTHT,False,stop,2026-10-08T04:26:03.987052Z,0.000255,gen_v2,True
hist:holdout:fair:t1.5:015,H2a87de039177,holdout,gpt35_0613,fair,1.5,15,3,False,completed,True,ok,HTHTHHTTHTHTHHTHTTHT,False,stop,2026-10-08T04:26:06.863476Z,0.000259,gen_v2,True
hist:holdout:fair:t1.5:016,Hc27613c01221,holdout,gpt35_0613,fair,1.5,16,4,False,completed,True,ok,HTHHTTHHTHTHTHHTTHTH,False,stop,2026-10-08T04:26:25.883584Z,0.000263,gen_v2,True
hist:holdout:fair:t1.5:017,H3c3363211936,holdout,gpt35_0613,fair,1.5,17,4,False,completed,True,ok,HTHHTHTTHTHHTTHTHHTH,False,stop,2026-10-08T04:26:22.742679Z,0.000195,gen_v2,True
hist:holdout:fair:t1.5:018,H49cc12260382,holdout,gpt35_0613,fair,1.5,18,4,False,completed,True,ok,HTHTHHTHTTHTHHTHTHTH,False,stop,2026-10-08T04:26:21.600276Z,0.000275,gen_v2,True
hist:holdout:fair:t1.5:019,H33f6a454f441,holdout,gpt35_0613,fair,1.5,19,4,False,completed,True,ok,HTHHTTHHTHTTHHTHTHTT,False,stop,2026-10-08T04:26:18.669481Z,0.000315,gen_v2,True
hist:holdout:fair:t1.5:020,Hdfa403647d6c,holdout,gpt35_0613,fair,1.5,20,5,False,completed,True,ok,HTHHTTHHTHHTHTHTHHTH,False,stop,2026-10-08T04:26:34.464366Z,0.000259,gen_v2,True
hist:holdout:fair:t1.5:021,H7fe7f86faf29,holdout,gpt35_0613,fair,1.5,21,5,False,completed,True,ok,HTHHTTHTHTTHHTHTTHTH,False,stop,2026-10-08T04:26:27.560732Z,0.000241,gen_v2,True
hist:holdout:fair:t1.5:022,He45f1bfed80a,holdout,gpt35_0613,fair,1.5,22,5,False,completed,True,ok,HTHTHHTTHTHHTHHTTHTH,False,stop,2026-10-08T04:26:34.129650Z,0.000297,gen_v2,True
hist:holdout:fair:t1.5:023,H5939fcdc8039,holdout,gpt35_0613,fair,1.5,23,5,False,completed,True,ok,HTHHTTHTHHTHTHTTHHTH,False,stop,2026-10-08T04:26:35.716471Z,0.000261,gen_v2,True
hist:holdout:plain:t0.0:000,H52b2332b293a,holdout,gpt35_0613,plain,0.0,0,0,False,completed,True,ok,HTHHTTHTHTHHTHTTHTHT,False,stop,2026-10-08T04:25:35.367438Z,0.000258,gen_v2,True
hist:holdout:plain:t0.0:001,Hd3377f08b547,holdout,gpt35_0613,plain,0.0,1,0,False,completed,True,ok,HTHHTTHTHTHHTHTTHTHT,False,stop,2026-10-08T04:25:37.316727Z,0.000258,gen_v2,True
hist:holdout:plain:t0.0:002,H7fc92f82bc15,holdout,gpt35_0613,plain,0.0,2,0,False,completed,True,ok,HTHHTTHTHTHHTHTTHTHT,False,stop,2026-10-08T04:25:33.462561Z,0.000248,gen_v2,True
hist:holdout:plain:t0.0:003,H1bd69c574a40,holdout,gpt35_0613,plain,0.0,3,0,False,completed,True,ok,HTHHTTHTHTHHTHTTHTHT,False,stop,2026-10-08T04:25:34.066275Z,0.000258,gen_v2,True
hist:holdout:plain:t0.0:004,Hdfeb56422c3a,holdout,gpt35_0613,plain,0.0,4,1,False,completed,True,ok,HTHHTTHTHTHHTHTTHTHT,False,stop,2026-10-08T04:25:48.675522Z,0.000254,gen_v2,True
hist:holdout:plain:t0.0:005,H99c572fa2d7e,holdout,gpt35_0613,plain,0.0,5,1,False,completed,True,ok,HTHHTHTTHTHHTHTHTHTH,False,stop,2026-10-08T04:25:51.172667Z,0.000256,gen_v2,True
hist:holdout:plain:t0.0:006,H0325e96ce9dc,holdout,gpt35_0613,plain,0.0,6,1,False,completed,True,ok,HTHHTTHTHHTHTTHHTHTH,False,stop,2026-10-08T04:25:43.194580Z,0.000256,gen_v2,True
hist:holdout:plain:t0.0:007,Hd3c030553bd5,holdout,gpt35_0613,plain,0.0,7,1,False,completed,True,ok,HTHHTTHTHTHHTHTTHTHT,False,stop,2026-10-08T04:25:50.172439Z,0.000248,gen_v2,True
hist:holdout:plain:t0.0:008,H5605c6f438e7,holdout,gpt35_0613,plain,0.0,8,2,False,completed,True,ok,HTHHTTHTHTHHTHTTHTHT,False,stop,2026-10-08T04:26:02.392015Z,0.00026,gen_v2,True
hist:holdout:plain:t0.0:009,Ha313e5c059c2,holdout,gpt35_0613,plain,0.0,9,2,False,completed,True,ok,HTHHTTHTHHTHTHTHTHTH,False,stop,2026-10-08T04:25:54.263308Z,0.000254,gen_v2,True
hist:holdout:plain:t0.0:010,H2cbc78f2534a,holdout,gpt35_0613,plain,0.0,10,2,False,completed,True,ok,HTHHTHTTHTHHTHTHTHTH,False,stop,2026-10-08T04:25:52.621179Z,0.000254,gen_v2,True
hist:holdout:plain:t0.0:011,Hb863a84a0a58,holdout,gpt35_0613,plain,0.0,11,2,False,completed,True,ok,HTHHTTHTHTHHTHTTHTHT,False,stop,2026-10-08T04:25:52.752480Z,0.000248,gen_v2,True
hist:holdout:plain:t0.0:012,Hc7b12927b783,holdout,gpt35_0613,plain,0.0,12,3,False,completed,True,ok,HTHHTTHTHHTHTTHHTHTH,False,stop,2026-10-08T04:26:06.706308Z,0.000256,gen_v2,True
hist:holdout:plain:t0.0:013,H5a2478180a72,holdout,gpt35_0613,plain,0.0,13,3,False,completed,True,ok,HTHHTTHTHTHHTHTTHTHT,False,stop,2026-10-08T04:26:09.877780Z,0.000254,gen_v2,True
hist:holdout:plain:t0.0:014,H5c8eef91a7cf,holdout,gpt35_0613,plain,0.0,14,3,False,completed,True,ok,HTHHTTHTHHTHTTHHTHTH,False,stop,2026-10-08T04:26:12.617551Z,0.000258,gen_v2,True
hist:holdout:plain:t0.0:015,Hc7bafd7b515e,holdout,gpt35_0613,plain,0.0,15,3,False,completed,True,ok,HTHHTTHTHHTHTTHHTHTH,False,stop,2026-10-08T04:26:08.299428Z,0.000256,gen_v2,True
hist:holdout:plain:t0.0:016,H4521702cd6ee,holdout,gpt35_0613,plain,0.0,16,4,False,completed,True,ok,HTHHTTHTHTHHTHTTHTHT,False,stop,2026-10-08T04:26:20.880765Z,0.000254,gen_v2,True
hist:holdout:plain:t0.0:017,Hbc1d41c95fd8,holdout,gpt35_0613,plain,0.0,17,4,False,completed,True,ok,HTHHTTHTHTHHTHTTHTHT,False,stop,2026-10-08T04:26:21.379680Z,0.000258,gen_v2,True
hist:holdout:plain:t0.0:018,H4770fd1730bd,holdout,gpt35_0613,plain,0.0,18,4,False,completed,True,ok,HTHHTTHTHTHHTHTTHTHT,False,stop,2026-10-08T04:26:22.491420Z,0.000258,gen_v2,True
hist:holdout:plain:t0.0:019,H8930ab8d9f43,holdout,gpt35_0613,plain,0.0,19,4,False,completed,True,ok,HTHHTTHTHTHHTHTTHTHT,False,stop,2026-10-08T04:26:20.108716Z,0.000258,gen_v2,True
hist:holdout:plain:t0.0:020,Heffe6ac57ea0,holdout,gpt35_0613,plain,0.0,20,5,False,completed,True,ok,HTHHTTHTHTHHTHTTHTHT,False,stop,2026-10-08T04:26:31.243018Z,0.000254,gen_v2,True
hist:holdout:plain:t0.0:021,H0e1a355d9093,holdout,gpt35_0613,plain,0.0,21,5,False,completed,True,ok,HTHHTTHTHHTHTTHHTHTH,False,stop,2026-10-08T04:26:33.043719Z,0.000256,gen_v2,True
hist:holdout:plain:t0.0:022,H2257ed10e7b4,holdout,gpt35_0613,plain,0.0,22,5,False,completed,True,ok,HTHHTTHTHTHHTHTTHTHT,False,stop,2026-10-08T04:26:31.224495Z,0.000258,gen_v2,True
hist:holdout:plain:t0.0:023,H6b8aa750b746,holdout,gpt35_0613,plain,0.0,23,5,False,completed,True,ok,HTHHTTHTHTHHTHTTHTHT,False,stop,2026-10-08T04:26:34.691574Z,0.000248,gen_v2,True
hist:holdout:plain:t0.8:000,H635d9df3cc1d,holdout,gpt35_0613,plain,0.8,0,0,False,completed,True,ok,HTHHTHTTHTHHTHTHHTHT,False,stop,2026-10-08T04:25:35.797806Z,0.000254,gen_v2,True
hist:holdout:plain:t0.8:001,He918ad312106,holdout,gpt35_0613,plain,0.8,1,0,False,completed,True,ok,HTHHTTHTHTHHTTHHTHTH,False,stop,2026-10-08T04:25:38.366621Z,0.00025,gen_v2,True
hist:holdout:plain:t0.8:002,Heb0b97bae974,holdout,gpt35_0613,plain,0.8,2,0,False,completed,True,ok,HTHHTTHTHTHHTHTTHTHT,False,stop,2026-10-08T04:25:34.112926Z,0.000258,gen_v2,True
hist:holdout:plain:t0.8:003,H27df10a789a4,holdout,gpt35_0613,plain,0.8,3,0,False,completed,True,ok,HTHHTHTTHTHHTHTTHHTH,False,stop,2026-10-08T04:25:37.211542Z,0.00025,gen_v2,True
hist:holdout:plain:t0.8:004,H69f8f4700ab2,holdout,gpt35_0613,plain,0.8,4,1,False,completed,True,ok,HTHHTTHHTHTHTHHTHTTH,False,stop,2026-10-08T04:25:49.967420Z,0.000248,gen_v2,True
hist:holdout:plain:t0.8:005,H4c90aad17a58,holdout,gpt35_0613,plain,0.8,5,1,False,completed,True,ok,HTHHTTHTHTHHTHTHTHTH,False,stop,2026-10-08T04:25:43.817305Z,0.000252,gen_v2,True
hist:holdout:plain:t0.8:006,Hf39e4f559ecb,holdout,gpt35_0613,plain,0.8,6,1,False,completed,True,ok,HTHHTHTTHTHHTHTHHTHT,False,stop,2026-10-08T04:25:50.021546Z,0.000258,gen_v2,True
hist:holdout:plain:t0.8:007,Hd5bfdd636a71,holdout,gpt35_0613,plain,0.8,7,1,False,completed,True,ok,HTHHTTHTHTHHTHTTHHTH,False,stop,2026-10-08T04:25:48.239266Z,0.000238,gen_v2,True
hist:holdout:plain:t0.8:008,H386abefe6e1d,holdout,gpt35_0613,plain,0.8,8,2,False,completed,True,ok,HTHHTTHTHHTHTTHTHHTH,False,stop,2026-10-08T04:25:53.818528Z,0.00025,gen_v2,True
hist:holdout:plain:t0.8:009,H79357731348e,holdout,gpt35_0613,plain,0.8,9,2,False,completed,True,ok,HTHHTHTTHTHTHHTHTHTH,False,stop,2026-10-08T04:25:57.352213Z,0.000254,gen_v2,True
hist:holdout:plain:t0.8:010,Hd38b225db22c,holdout,gpt35_0613,plain,0.8,10,2,False,completed,True,ok,HTHHTTHTHTHHTHTHHTTH,False,stop,2026-10-08T04:25:54.189888Z,0.000244,gen_v2,True
hist:holdout:plain:t0.8:011,Hef64f29d0adc,holdout,gpt35_0613,plain,0.8,11,2,False,completed,True,ok,HTHHTTHTHHTHTTHHTHTH,False,stop,2026-10-08T04:25:52.580342Z,0.000244,gen_v2,True
hist:holdout:plain:t0.8:012,H055ee2791bd7,holdout,gpt35_0613,plain,0.8,12,3,False,completed,True,ok,HTHTHHTTHTHHTHTHTHTH,False,stop,2026-10-08T04:26:08.526284Z,0.000254,gen_v2,True
hist:holdout:plain:t0.8:013,H8cf591aab533,holdout,gpt35_0613,plain,0.8,13,3,False,completed,True,ok,HTHHTHTTHTHHTHTHHTHT,False,stop,2026-10-08T04:26:12.710846Z,0.000248,gen_v2,True
hist:holdout:plain:t0.8:014,H816b319a2f7b,holdout,gpt35_0613,plain,0.8,14,3,False,completed,True,ok,HTHHTTHTHTHHTHTTHHTH,False,stop,2026-10-08T04:26:10.975538Z,0.00026,gen_v2,True
hist:holdout:plain:t0.8:015,H80a5d589c9f2,holdout,gpt35_0613,plain,0.8,15,3,False,completed,True,ok,HTHHTHTTHTHHTHTHTHTH,False,stop,2026-10-08T04:26:09.871822Z,0.000256,gen_v2,True
hist:holdout:plain:t0.8:016,Hc57cc682493e,holdout,gpt35_0613,plain,0.8,16,4,False,completed,True,ok,HTHHTTHTHTHHTHTTHTHH,False,stop,2026-10-08T04:26:18.495984Z,0.000248,gen_v2,True
hist:holdout:plain:t0.8:017,H8e324dd58571,holdout,gpt35_0613,plain,0.8,17,4,False,completed,True,ok,HTHHTTHTHHTHTTHHTHTH,False,stop,2026-10-08T04:26:21.593533Z,0.000262,gen_v2,True
hist:holdout:plain:t0.8:018,H2799c3271226,holdout,gpt35_0613,plain,0.8,18,4,False,completed,True,ok,HTHHTHTTHTHHTHTHTHTH,False,stop,2026-10-08T04:26:23.831294Z,0.000258,gen_v2,True
hist:holdout:plain:t0.8:019,Hbb7f2312766c,holdout,gpt35_0613,plain,0.8,19,4,False,completed,True,ok,HTHHTTHTHTHHTTHTHHTH,False,stop,2026-10-08T04:26:19.887364Z,0.00024,gen_v2,True
hist:holdout:plain:t0.8:020,H11ff59e85df2,holdout,gpt35_0613,plain,0.8,20,5,False,completed,True,ok,HTHHTTHTHTHHTHTHTHTH,False,stop,2026-10-08T04:26:34.300939Z,0.000248,gen_v2,True
hist:holdout:plain:t0.8:021,H1981bc555379,holdout,gpt35_0613,plain,0.8,21,5,False,completed,True,ok,HTHHTTHHTHTTHHTHTHTH,False,stop,2026-10-08T04:26:35.310875Z,0.000254,gen_v2,True
hist:holdout:plain:t0.8:022,H5b234a5d7119,holdout,gpt35_0613,plain,0.8,22,5,False,completed,True,ok,HTHHTTHTHTHHTHTTHTHH,False,stop,2026-10-08T04:26:36.666553Z,0.000254,gen_v2,True
hist:holdout:plain:t0.8:023,Hbc0e31f2eb0f,holdout,gpt35_0613,plain,0.8,23,5,False,completed,True,ok,HTHHTHTTHTHHTHTTHTHT,False,stop,2026-10-08T04:26:27.269301Z,0.000264,gen_v2,True
hist:holdout:plain:t1.5:000,Hc97424249e47,holdout,gpt35_0613,plain,1.5,0,0,False,completed,True,ok,HTHHTHTTHHTHTHTHTHHT,False,stop,2026-10-08T04:25:38.654454Z,0.000246,gen_v2,True
hist:holdout:plain:t1.5:001,H00bc1ce72d4c,holdout,gpt35_0613,plain,1.5,1,0,False,completed,True,ok,HTHHTHTTHTHHTTHTHHTH,False,stop,2026-10-08T04:25:36.374496Z,0.000168,gen_v2,True
hist:holdout:plain:t1.5:002,Hf54eaedf2a57,holdout,gpt35_0613,plain,1.5,2,0,False,completed,True,ok,HTHTHHTTHTHHTHTHTHTH,False,stop,2026-10-08T04:25:38.717894Z,0.000246,gen_v2,True
hist:holdout:plain:t1.5:003,H4f05ada56e3e,holdout,gpt35_0613,plain,1.5,3,0,False,completed,True,ok,HTHHTTHTHHTHTTHTHTHT,False,stop,2026-10-08T04:25:37.338674Z,0.000254,gen_v2,True
hist:holdout:plain:t1.5:004,H2dc27825533a,holdout,gpt35_0613,plain,1.5,4,1,False,completed,True,ok,HTHHTHTHTTHTHHTTHTHH,False,stop,2026-10-08T04:25:45.150929Z,0.000166,gen_v2,True
hist:holdout:plain:t1.5:005,Hf42930b75f33,holdout,gpt35_0613,plain,1.5,5,1,False,completed,True,ok,HTHHTTHTHHTHTHTTHHTH,False,stop,2026-10-08T04:25:50.024511Z,0.00025,gen_v2,True
hist:holdout:plain:t1.5:006,H427e5bed40b2,holdout,gpt35_0613,plain,1.5,6,1,False,completed,True,ok,HTHHTTHTHTTHHTHTHTHT,False,stop,2026-10-08T04:25:43.931762Z,0.00027,gen_v2,True
hist:holdout:plain:t1.5:007,H01d211a86241,holdout,gpt35_0613,plain,1.5,7,1,False,completed,True,ok,HTHHTTHTHTHTTHHTHTHT,False,stop,2026-10-08T04:25:43.728403Z,0.000252,gen_v2,True
hist:holdout:plain:t1.5:008,H57b444ccc372,holdout,gpt35_0613,plain,1.5,8,2,False,completed,True,ok,HTHHTTHTHTHHTTHTHTHT,False,stop,2026-10-08T04:25:59.982828Z,0.000252,gen_v2,True
hist:holdout:plain:t1.5:009,H140748c4519d,holdout,gpt35_0613,plain,1.5,9,2,False,completed,True,ok,HTHHTTHTHHTHTTHHTHTT,False,stop,2026-10-08T04:25:55.656357Z,0.000246,gen_v2,True
hist:holdout:plain:t1.5:010,He664c0233ea4,holdout,gpt35_0613,plain,1.5,10,2,False,completed,True,ok,HTHHTHTTHHTTHHTHTHTH,False,stop,2026-10-08T04:25:54.349466Z,0.000262,gen_v2,True
hist:holdout:plain:t1.5:011,H882c20cac7b7,holdout,gpt35_0613,plain,1.5,11,2,False,completed,True,ok,HTHHTHTTHTHHTHTHTHTH,False,stop,2026-10-08T04:25:52.690367Z,0.000246,gen_v2,True
hist:holdout:plain:t1.5:012,H0e3e289c7e0e,holdout,gpt35_0613,plain,1.5,12,3,False,completed,True,ok,HTHHTTHTHTHHTTHHTHTH,False,stop,2026-10-08T04:26:06.780329Z,0.00024,gen_v2,True
hist:holdout:plain:t1.5:013,Hd3bcfd211dd9,holdout,gpt35_0613,plain,1.5,13,3,False,completed,True,ok,HTHHTTHHTHTHHTTHTHTH,False,stop,2026-10-08T04:26:09.565325Z,0.000252,gen_v2,True
hist:holdout:plain:t1.5:014,Hb3238fdf3293,holdout,gpt35_0613,plain,1.5,14,3,False,completed,True,ok,HTHHTTHHTHTHHTTHTHTH,False,stop,2026-10-08T04:26:09.545692Z,0.000238,gen_v2,True
hist:holdout:plain:t1.5:015,H5bff84170835,holdout,gpt35_0613,plain,1.5,15,3,False,completed,True,ok,HTHTTHHTHTHHTHTHTTHT,False,stop,2026-10-08T04:26:12.472318Z,0.000264,gen_v2,True
hist:holdout:plain:t1.5:016,Hc6cad3516094,holdout,gpt35_0613,plain,1.5,16,4,False,completed,True,ok,HTHTHHTTHHTHTHHTTHTH,False,stop,2026-10-08T04:26:15.740938Z,0.000262,gen_v2,True
hist:holdout:plain:t1.5:017,Hf1217146f6d9,holdout,gpt35_0613,plain,1.5,17,4,False,completed,True,ok,HTHHTTHTHTHTHHTHTHTH,False,stop,2026-10-08T04:26:18.445636Z,0.00025,gen_v2,True
hist:holdout:plain:t1.5:018,H1307211d1939,holdout,gpt35_0613,plain,1.5,18,4,False,completed,True,ok,HTHHTTHTHTHHTTHTHHTH,False,stop,2026-10-08T04:26:18.270518Z,0.000238,gen_v2,True
hist:holdout:plain:t1.5:019,Hd0c7b1639838,holdout,gpt35_0613,plain,1.5,19,4,False,completed,True,ok,HTHTHHTHTTHHTHTHHTHT,False,stop,2026-10-08T04:26:17.019176Z,0.000238,gen_v2,True
hist:holdout:plain:t1.5:020,He9d4cf5466f8,holdout,gpt35_0613,plain,1.5,20,5,False,completed,True,ok,HTHHTTHTHTHHTHTTHHTH,False,stop,2026-10-08T04:26:29.865356Z,0.000254,gen_v2,True
hist:holdout:plain:t1.5:021,Hfc91039bafaa,holdout,gpt35_0613,plain,1.5,21,5,False,completed,True,ok,HTHTHHTHTHTTHHTHHTTH,False,stop,2026-10-08T04:26:30.317785Z,0.000258,gen_v2,True
hist:holdout:plain:t1.5:022,He588634153b6,holdout,gpt35_0613,plain,1.5,22,5,False,completed,True,ok,HTHHTTHTHHTHTHTHTTHT,False,stop,2026-10-08T04:26:31.821406Z,0.000254,gen_v2,True
hist:holdout:plain:t1.5:023,Ha8c4dd651707,holdout,gpt35_0613,plain,1.5,23,5,False,completed,True,ok,HTHTHHTTHHTHTHTHTHTH,False,stop,2026-10-08T04:26:31.659748Z,0.00025,gen_v2,True
gen:test:astra:fair:000,P7e2d234eb35f,test,astra,fair,,0,0,False,completed,True,ok,HTTHHTHHTHTTHTHHHTTH,False,stop,2026-10-08T04:10:26.533307Z,0.00697,gen_v2,True
gen:test:astra:fair:001,P8a52e2dbb002,test,astra,fair,,1,0,False,completed,True,ok,HTTHHTHTTTHHTHHHTTHH,False,stop,2026-10-08T04:10:39.418496Z,0.00567,gen_v2,True
gen:test:astra:fair:002,P2bc62689bf73,test,astra,fair,,2,0,False,completed,True,ok,HTTHHTHTTTHHTHTHHTTH,False,stop,2026-10-08T04:10:30.095707Z,0.00602,gen_v2,True
gen:test:astra:fair:003,P08efdd7d726e,test,astra,fair,,3,0,False,completed,True,ok,HTHHTTHTHHTHTHHHTTHT,False,stop,2026-10-08T04:10:30.827798Z,0.00602,gen_v2,True
gen:test:astra:fair:004,Pbd9a30ecefb0,test,astra,fair,,4,1,False,completed,True,ok,HTTHHTHTTTHHTHHHTTHT,False,stop,2026-10-08T04:10:58.886516Z,0.00567,gen_v2,True
gen:test:astra:fair:005,Pf1ad18af4dc4,test,astra,fair,,5,1,False,completed,True,ok,HTTHHTHTTTHHTHHTTHTH,False,stop,2026-10-08T04:10:55.254480Z,0.00602,gen_v2,True
gen:test:astra:fair:006,P35fe2e518f05,test,astra,fair,,6,1,False,completed,True,ok,HTTHHTHTTTHHTHTHHTHT,False,stop,2026-10-08T04:10:49.520328Z,0.00617,gen_v2,True
gen:test:astra:fair:007,P6e7386996121,test,astra,fair,,7,1,False,completed,True,ok,HTTHHHTHTHTTHHTHHTHT,False,stop,2026-10-08T04:10:47.470764Z,0.00907,gen_v2,True
gen:test:astra:fair:008,P633cce82bfa2,test,astra,fair,,8,2,False,completed,True,ok,THTTHHTHHTHTTTHHTHTH,False,stop,2026-10-08T04:11:12.710571Z,0.00277,gen_v2,True
gen:test:astra:fair:009,Pf91d12d82d7d,test,astra,fair,,9,2,False,completed,True,ok,HTHHTTHTHTTHHTHTTHHT,False,stop,2026-10-08T04:11:17.794552Z,0.00572,gen_v2,True
gen:test:astra:fair:010,Pdf2b3d9b2d24,test,astra,fair,,10,2,False,completed,True,ok,HTTHHTHTTHTHHHTTHTHT,False,stop,2026-10-08T04:11:10.139700Z,0.00607,gen_v2,True
gen:test:astra:fair:011,P483ac6ab3bf0,test,astra,fair,,11,2,False,completed,True,ok,HTTHHHTHTHTTHHTHTHHT,False,stop,2026-10-08T04:11:11.538335Z,0.00787,gen_v2,True
gen:test:astra:fair:012,P5ca0318e86f9,test,astra,fair,,12,3,False,completed,True,ok,HTTHHTHTTHHHTTHTHHTH,False,stop,2026-10-08T04:11:39.920490Z,0.00577,gen_v2,True
gen:test:astra:fair:013,P6fff31dd7949,test,astra,fair,,13,3,False,completed,True,ok,HTTHHTHTTTHHTHHHTTHT,False,stop,2026-10-08T04:11:36.102558Z,0.00547,gen_v2,True
gen:test:astra:fair:014,Pba7ed2d6d916,test,astra,fair,,14,3,False,completed,True,ok,HTTHHTHTHHTTTHTHHTTH,False,stop,2026-10-08T04:11:40.886586Z,0.00677,gen_v2,True
gen:test:astra:fair:015,Pc434b1c8d803,test,astra,fair,,15,3,False,completed,True,ok,HTTHHTHTTTHHTHTHHTTH,False,stop,2026-10-08T04:11:36.821462Z,0.00592,gen_v2,True
gen:test:astra:fair:016,Pf1091159de0d,test,astra,fair,,16,4,False,completed,True,ok,HTTHHTHTTTHHTHHTTHTH,False,stop,2026-10-08T04:11:55.031576Z,0.00672,gen_v2,True
gen:test:astra:fair:017,P311165b56986,test,astra,fair,,17,4,False,completed,True,ok,HTTHHTHTTTHHTHTHHTHT,False,stop,2026-10-08T04:11:47.200436Z,0.00597,gen_v2,True
gen:test:astra:fair:018,P114313b6e44d,test,astra,fair,,18,4,False,completed,True,ok,HTHHTTHTTHHHTHTTTHHH,False,stop,2026-10-08T04:11:50.596518Z,0.00607,gen_v2,True
gen:test:astra:fair:019,P9333131fafea,test,astra,fair,,19,4,False,completed,True,ok,HTHHTHHTTHHHTHTHHTHT,False,stop,2026-10-08T04:11:47.273481Z,0.00842,gen_v2,True
gen:test:astra:fair:020,Pd25809680f86,test,astra,fair,,20,5,False,completed,True,ok,THHTHHHTTHTHTTHHTHHT,False,stop,2026-10-08T04:12:11.815458Z,0.00597,gen_v2,True
gen:test:astra:fair:021,Pf2e94fd041d7,test,astra,fair,,21,5,False,completed,True,ok,HTHHTTHHHTHTTHTHHTHH,False,stop,2026-10-08T04:12:09.206638Z,0.00972,gen_v2,True
gen:test:astra:fair:022,Pf70272b70c32,test,astra,fair,,22,5,False,completed,True,ok,HTTHHTHTTTHHTHHHTTHH,False,stop,2026-10-08T04:12:07.486613Z,0.00587,gen_v2,True
gen:test:astra:fair:023,Pbeed48b9831a,test,astra,fair,,23,5,False,completed,True,ok,HTTHHTHTTTHHTHTHHTTH,False,stop,2026-10-08T04:12:15.866496Z,0.00617,gen_v2,True
gen:test:astra:plain:000,P932a30f0b2af,test,astra,plain,,0,0,False,completed,True,ok,HTHHTTHTTHHTHTHHTTHT,False,stop,2026-10-08T04:10:39.470384Z,0.00666,gen_v2,True
gen:test:astra:plain:001,P8a4a199d7c0d,test,astra,plain,,1,0,False,completed,True,ok,HTTHHTHTTHHHTTHTHHTH,False,stop,2026-10-08T04:10:35.682505Z,0.00621,gen_v2,True
gen:test:astra:plain:002,P31c371139df3,test,astra,plain,,2,0,False,completed,True,ok,HTHHTTHTHTTHHTHHTTHT,False,stop,2026-10-08T04:10:31.318190Z,0.00646,gen_v2,True
gen:test:astra:plain:003,Pd1d27b041b66,test,astra,plain,,3,0,False,completed,True,ok,HTHHTTHTTHHHTHTHTTHT,False,stop,2026-10-08T04:10:21.774287Z,0.00676,gen_v2,True
gen:test:astra:plain:004,P987914eb2fe5,test,astra,plain,,4,1,False,completed,True,ok,HTTHHTHTHHTTTHTHHTTH,False,stop,2026-10-08T04:10:54.501630Z,0.00686,gen_v2,True
gen:test:astra:plain:005,P339318dfb86f,test,astra,plain,,5,1,False,completed,True,ok,HTTHHTHTTHTHHHTTHTHH,False,stop,2026-10-08T04:10:45.477078Z,0.00636,gen_v2,True
gen:test:astra:plain:006,Pde0906d9007c,test,astra,plain,,6,1,False,completed,True,ok,HTTHHTHTHHTTHTHHTHTH,False,stop,2026-10-08T04:10:49.125479Z,0.00576,gen_v2,True
gen:test:astra:plain:007,P48b6ce201a09,test,astra,plain,,7,1,False,completed,True,ok,HTTHHTHTTHTHHHTTHTHT,False,stop,2026-10-08T04:10:49.753627Z,0.00571,gen_v2,True
gen:test:astra:plain:008,Pf912b277130e,test,astra,plain,,8,2,False,completed,True,ok,HTTHHTHTTHTHHHTTHTHT,False,stop,2026-10-08T04:11:15.056591Z,0.00641,gen_v2,True
gen:test:astra:plain:009,Pc8c003cfff1f,test,astra,plain,,9,2,False,completed,True,ok,HTHHTTHTTHHTHTHHTTHT,False,stop,2026-10-08T04:11:22.824546Z,0.00616,gen_v2,True
gen:test:astra:plain:010,P252befd2665e,test,astra,plain,,10,2,False,completed,True,ok,HTTHHTHTTTHHTHHHTTHT,False,stop,2026-10-08T04:11:10.375654Z,0.00756,gen_v2,True
gen:test:astra:plain:011,P677417766022,test,astra,plain,,11,2,False,completed,True,ok,HTTHHTHTTHHHTHTTHTHH,False,stop,2026-10-08T04:11:10.926341Z,0.00786,gen_v2,True
gen:test:astra:plain:012,P8d5c033a6c9d,test,astra,plain,,12,3,False,completed,True,ok,HTHHTTHTTHHTHTHHTTHH,False,stop,2026-10-08T04:11:28.206421Z,0.00616,gen_v2,True
gen:test:astra:plain:013,Pc59a35412461,test,astra,plain,,13,3,False,completed,True,ok,HTTHHTHTTHHHTTHTHHTH,False,stop,2026-10-08T04:11:31.753520Z,0.00571,gen_v2,True
gen:test:astra:plain:014,P1fbe776671a1,test,astra,plain,,14,3,False,completed,True,ok,HTTHHHTHTHHTHHTHTHHT,False,stop,2026-10-08T04:11:27.198149Z,0.00816,gen_v2,True
gen:test:astra:plain:015,P482e641d1ec6,test,astra,plain,,15,3,False,completed,True,ok,HTHHTTHTHTTHHTHTHHTH,False,stop,2026-10-08T04:11:27.409390Z,0.00686,gen_v2,True
gen:test:astra:plain:016,Pf340370ed9c4,test,astra,plain,,16,4,False,completed,True,ok,HTHHTTHTHTTHHHTHTTHT,False,stop,2026-10-08T04:11:54.018850Z,0.00576,gen_v2,True
gen:test:astra:plain:017,Pf414edc880f7,test,astra,plain,,17,4,False,completed,True,ok,HTHHTTHTHTTHHHTHTTHH,False,stop,2026-10-08T04:11:46.910567Z,0.00606,gen_v2,True
gen:test:astra:plain:018,Pbe2c91a32679,test,astra,plain,,18,4,False,completed,True,ok,HTTHHTHTTTHHTHHTTHTH,False,stop,2026-10-08T04:11:51.228373Z,0.00696,gen_v2,True
gen:test:astra:plain:019,P9f41bf196202,test,astra,plain,,19,4,False,completed,True,ok,HTHHTTHTHTHHTHTTHHTH,False,stop,2026-10-08T04:11:46.805723Z,0.00581,gen_v2,True
gen:test:astra:plain:020,Pe19f1b60ae5e,test,astra,plain,,20,5,False,completed,True,ok,HTTHHTHTTTHHTHTHHTHT,False,stop,2026-10-08T04:12:15.225524Z,0.00651,gen_v2,True
gen:test:astra:plain:021,P4c4008541209,test,astra,plain,,21,5,False,completed,True,ok,HTTHHTHTHHTTHTTHHHTH,False,stop,2026-10-08T04:12:13.258469Z,0.00541,gen_v2,True
gen:test:astra:plain:022,Pb728176c80b0,test,astra,plain,,22,5,False,completed,True,ok,HTHHTTHTHTTHHTHHTTHT,False,stop,2026-10-08T04:12:15.113636Z,0.00626,gen_v2,True
gen:test:astra:plain:023,P82c20dad2b44,test,astra,plain,,23,5,False,completed,True,ok,HTTHHTHTTTHHTHTHHTHT,False,stop,2026-10-08T04:12:17.341596Z,0.00706,gen_v2,True
gen:test:fable:fair:000,P6508b3b0ad8d,test,fable,fair,,0,0,False,completed,True,ok,HTTHHTHTTTHHTHTHHTTH,False,stop,2026-10-08T04:10:35.140704Z,0.00559,gen_v2,True
gen:test:fable:fair:001,P44c3132dd9c8,test,fable,fair,,1,0,False,completed,True,ok,HTTHHTHTTTHHTHTTHHTH,False,stop,2026-10-08T04:10:34.554338Z,0.00664,gen_v2,True
gen:test:fable:fair:002,P6da7736ec049,test,fable,fair,,2,0,False,completed,True,ok,HTTHHTHTTTHHTHTHHTHH,False,stop,2026-10-08T04:10:26.011673Z,0.00599,gen_v2,True
gen:test:fable:fair:003,P34df0d0e02ef,test,fable,fair,,3,0,False,completed,True,ok,HTTHHTHTTTHHTHTHHTTH,False,stop,2026-10-08T04:10:22.359632Z,0.00764,gen_v2,True
gen:test:fable:fair:004,P39595f3e98ab,test,fable,fair,,4,1,False,completed,True,ok,HTTHHTHTTTHHTHTHHTHT,False,stop,2026-10-08T04:10:45.921871Z,0.00499,gen_v2,True
gen:test:fable:fair:005,P9aa5b2d197cd,test,fable,fair,,5,1,False,completed,True,ok,HTTHHTHTTTHHTHHHTTHT,False,stop,2026-10-08T04:10:46.171367Z,0.00579,gen_v2,True
gen:test:fable:fair:006,Pefa8f3467812,test,fable,fair,,6,1,False,completed,True,ok,HTTHHTHTTTHHTHTTHHTH,False,stop,2026-10-08T04:10:46.226458Z,0.00569,gen_v2,True
gen:test:fable:fair:007,P34c52e49399b,test,fable,fair,,7,1,False,completed,True,ok,HTTHHTHTTTHHTHTHHTHT,False,stop,2026-10-08T04:10:46.332362Z,0.00769,gen_v2,True
gen:test:fable:fair:008,P4355c1f030d6,test,fable,fair,,8,2,False,completed,True,ok,THHTHTTHHHTHTTHHTHTT,False,stop,2026-10-08T04:11:15.487421Z,0.00554,gen_v2,True
gen:test:fable:fair:009,P9bb52487a24b,test,fable,fair,,9,2,False,completed,True,ok,HTTHHTHTTTHHTHTTHHHT,False,stop,2026-10-08T04:11:20.719171Z,0.01559,gen_v2,True
gen:test:fable:fair:010,P5adfe8899512,test,fable,fair,,10,2,False,completed,True,ok,HTTHHTHTTTHHTHTHHTTH,False,stop,2026-10-08T04:11:20.146071Z,0.00644,gen_v2,True
gen:test:fable:fair:011,Pabd1e6d7f795,test,fable,fair,,11,2,False,completed,True,ok,HTTHHTHTTTHHTHHHTTHT,False,stop,2026-10-08T04:11:12.479729Z,0.01219,gen_v2,True
gen:test:fable:fair:012,P158904262452,test,fable,fair,,12,3,False,completed,True,ok,HTTHHTHTTHHHTHTTHHTH,False,stop,2026-10-08T04:11:37.512694Z,0.00554,gen_v2,True
gen:test:fable:fair:013,Pc0fd2996d5e3,test,fable,fair,,13,3,False,completed,True,ok,HTTHHTHTTTHHTHTHHTTH,False,stop,2026-10-08T04:11:41.197947Z,0.00769,gen_v2,True
gen:test:fable:fair:014,Pe165b33556bf,test,fable,fair,,14,3,False,completed,True,ok,HTTHHTHTTTHHHTHTTHHT,False,stop,2026-10-08T04:11:36.162287Z,0.00879,gen_v2,True
gen:test:fable:fair:015,P1461349dd16d,test,fable,fair,,15,3,False,completed,True,ok,HTTHHTHTTTHHTHTTHHHT,False,stop,2026-10-08T04:11:27.857335Z,0.00719,gen_v2,True
gen:test:fable:fair:016,Pce14028dab81,test,fable,fair,,16,4,False,completed,True,ok,HTTHHTHTTTHHTHTTHHTH,False,stop,2026-10-08T04:11:59.102699Z,0.00874,gen_v2,True
gen:test:fable:fair:017,P9bcd6a4ebe2e,test,fable,fair,,17,4,False,completed,True,ok,HTTHHTHTTTHHTHTTHHHT,False,stop,2026-10-08T04:11:48.804057Z,0.01144,gen_v2,True
gen:test:fable:fair:018,P38d4da757e9b,test,fable,fair,,18,4,False,completed,True,ok,HTTHHTHTTTHHHTHTTHHT,False,stop,2026-10-08T04:11:58.030436Z,0.00549,gen_v2,True
gen:test:fable:fair:019,P9799ccdd11c6,test,fable,fair,,19,4,False,completed,True,ok,HTTHHTHTTTHHTHTTHHHT,False,stop,2026-10-08T04:11:53.856306Z,0.01374,gen_v2,True
gen:test:fable:fair:020,Pee79f212bea4,test,fable,fair,,20,5,False,completed,True,ok,HTTHHTHTTHTHHHTTHTHT,False,stop,2026-10-08T04:12:11.371601Z,0.01509,gen_v2,True
gen:test:fable:fair:021,P80afc9796590,test,fable,fair,,21,5,False,completed,True,ok,HTTHHTHTTTHHTHTTHHTH,False,stop,2026-10-08T04:12:19.321672Z,0.00694,gen_v2,True
gen:test:fable:fair:022,Pc5a04d251fc6,test,fable,fair,,22,5,False,completed,True,ok,HTTHHTHTTTHHTHTTHHTH,False,stop,2026-10-08T04:12:07.830517Z,0.00494,gen_v2,True
gen:test:fable:fair:023,P087b9bc9c757,test,fable,fair,,23,5,False,completed,True,ok,HTTHHTHTTTHHHTHTTHHT,False,stop,2026-10-08T04:12:16.715683Z,0.00654,gen_v2,True
gen:test:fable:plain:000,P50b87a09560e,test,fable,plain,,0,0,False,completed,True,ok,HTTHHHTHTTHTHHTHTTHH,False,stop,2026-10-08T04:10:21.698309Z,0.01032,gen_v2,True
gen:test:fable:plain:001,Pd1003400bc2f,test,fable,plain,,1,0,False,completed,True,ok,HTTHHHTHTTHTHHTHTTHT,False,stop,2026-10-08T04:10:35.788511Z,0.01012,gen_v2,True
gen:test:fable:plain:002,Pf6a25a3d68ec,test,fable,plain,,2,0,False,completed,True,ok,HTTHHHTHTTHTHHTTHTHT,False,stop,2026-10-08T04:10:26.838238Z,0.01052,gen_v2,True
gen:test:fable:plain:003,P9623d498f378,test,fable,plain,,3,0,False,completed,True,ok,HTTHHHTHTTHTHHTHTTHH,False,stop,2026-10-08T04:10:35.181018Z,0.01037,gen_v2,True
gen:test:fable:plain:004,P5979a50c624a,test,fable,plain,,4,1,False,completed,True,ok,HTTHHTHTTTHHTHTHHTHT,False,stop,2026-10-08T04:10:54.713614Z,0.01227,gen_v2,True
gen:test:fable:plain:005,P8ca0d4cc96b1,test,fable,plain,,5,1,False,completed,True,ok,HTTHHHTHTTHTHHTHTTHH,False,stop,2026-10-08T04:10:50.631891Z,0.00997,gen_v2,True
gen:test:fable:plain:006,Pcf8e49786697,test,fable,plain,,6,1,False,completed,True,ok,HTTHHHTHTTHTHHTHTTHH,False,stop,2026-10-08T04:10:50.370339Z,0.01017,gen_v2,True
gen:test:fable:plain:007,P154ffb63867c,test,fable,plain,,7,1,False,completed,True,ok,HTTHHTHTTTHHTHTHHTHT,False,stop,2026-10-08T04:10:54.398853Z,0.01007,gen_v2,True
gen:test:fable:plain:008,P912e764d7a17,test,fable,plain,,8,2,False,completed,True,ok,HTTHHTHTTTHHTHTHHTHT,False,stop,2026-10-08T04:11:19.829472Z,0.01037,gen_v2,True
gen:test:fable:plain:009,Pf55cf6e8ccb0,test,fable,plain,,9,2,False,completed,True,ok,HTTHHHTHTTHTHHTHTTHH,False,stop,2026-10-08T04:11:14.323757Z,0.01057,gen_v2,True
gen:test:fable:plain:010,Pb30f63c422d5,test,fable,plain,,10,2,False,completed,True,ok,HTTHHTHHTHTTHTHHTHTH,False,stop,2026-10-08T04:11:11.252434Z,0.01067,gen_v2,True
gen:test:fable:plain:011,Pb81766b1c156,test,fable,plain,,11,2,False,completed,True,ok,HTTHHTHTTTHHTHTHHTHT,False,stop,2026-10-08T04:11:23.258781Z,0.01137,gen_v2,True
gen:test:fable:plain:012,Pfb1fbd01a972,test,fable,plain,,12,3,False,completed,True,ok,HTTHHHTHTTHTHHTHTTHH,False,stop,2026-10-08T04:11:27.799511Z,0.01077,gen_v2,True
gen:test:fable:plain:013,Pc206c573b70f,test,fable,plain,,13,3,False,completed,True,ok,HTTHHHTHTTHTHHTHTHTH,False,stop,2026-10-08T04:11:32.868658Z,0.01132,gen_v2,True
gen:test:fable:plain:014,Pfefe7f7bbcc9,test,fable,plain,,14,3,False,completed,True,ok,HTTHHTHTTTHHTHTHHTHT,False,stop,2026-10-08T04:11:27.750393Z,0.01017,gen_v2,True
gen:test:fable:plain:015,Pac1e59009057,test,fable,plain,,15,3,False,completed,True,ok,HTTHHHTHTTHTHHTHTTHH,False,stop,2026-10-08T04:11:28.197463Z,0.01227,gen_v2,True
gen:test:fable:plain:016,Pa10056f1a764,test,fable,plain,,16,4,False,completed,True,ok,HTTHHHTHTTHTHHTHTHTH,False,stop,2026-10-08T04:11:54.038660Z,0.01037,gen_v2,True
gen:test:fable:plain:017,P9a81728eb902,test,fable,plain,,17,4,False,completed,True,ok,HTTHHTHHTHTTHTHHTHTH,False,stop,2026-10-08T04:11:55.653284Z,0.01192,gen_v2,True
gen:test:fable:plain:018,P085b274e4e18,test,fable,plain,,18,4,False,completed,True,ok,HTTHHHTHTTHTHHTHTTHH,False,stop,2026-10-08T04:11:47.619741Z,0.01032,gen_v2,True
gen:test:fable:plain:019,P9bc7c6621612,test,fable,plain,,19,4,False,completed,True,ok,HTTHHTHTTTHHTHTHHTHT,False,stop,2026-10-08T04:11:56.232266Z,0.01057,gen_v2,True
gen:test:fable:plain:020,Pf4b50baaac55,test,fable,plain,,20,5,False,completed,True,ok,HTTHHHTHTTHTHHTHTHTH,False,stop,2026-10-08T04:12:08.295070Z,0.01032,gen_v2,True
gen:test:fable:plain:021,P80b013660f29,test,fable,plain,,21,5,False,completed,True,ok,HTTHHHTHTTHTHHTHTTHT,False,stop,2026-10-08T04:12:18.182833Z,0.01027,gen_v2,True
gen:test:fable:plain:022,P200d4085da52,test,fable,plain,,22,5,False,completed,True,ok,HTTHHHTHTTHTHHTHTHTH,False,stop,2026-10-08T04:12:08.002398Z,0.00882,gen_v2,True
gen:test:fable:plain:023,Pe8e0638e8b6a,test,fable,plain,,23,5,False,completed,True,ok,HTTHHHTHTTHTHHTHTTHT,False,stop,2026-10-08T04:12:11.903996Z,0.00907,gen_v2,True
gen:test:qwen:fair:000,Pff1510c28b2b,test,qwen,fair,,0,0,False,completed,False,wrong_length,,False,stop,2026-10-08T04:10:36.557881Z,0.000282958,gen_v2,False
gen:test:qwen:fair:001,Pa1a0869239a5,test,qwen,fair,,1,0,False,completed,False,no_list,,False,stop,2026-10-08T04:10:41.696441Z,0.000217438,gen_v2,False
gen:test:qwen:fair:002,Pde5af24fda9d,test,qwen,fair,,2,0,False,completed,False,no_list,,False,stop,2026-10-08T04:10:32.254386Z,0.000120068,gen_v2,False
gen:test:qwen:fair:003,P8b7f03964c45,test,qwen,fair,,3,0,False,completed,False,no_list,,False,stop,2026-10-08T04:10:37.718387Z,0.000295698,gen_v2,False
gen:test:qwen:fair:004,P199e801c3366,test,qwen,fair,,4,1,False,completed,False,no_list,,False,stop,2026-10-08T04:11:06.353373Z,0.000272948,gen_v2,False
gen:test:qwen:fair:005,P2a0ba7ac5aa1,test,qwen,fair,,5,1,False,completed,False,wrong_length,,False,stop,2026-10-08T04:10:56.283906Z,0.000230633,gen_v2,False
gen:test:qwen:fair:006,Pca6d538aa286,test,qwen,fair,,6,1,False,completed,True,ok,HTHHTTHTHHTHTHHTTHTH,False,stop,2026-10-08T04:10:49.321785Z,0.000221078,gen_v2,True
gen:test:qwen:fair:007,P518516419939,test,qwen,fair,,7,1,False,completed,False,no_list,,False,stop,2026-10-08T04:11:00.255384Z,0.000360308,gen_v2,False
gen:test:qwen:fair:008,Pe666cd6e5eb5,test,qwen,fair,,8,2,False,completed,False,wrong_length,,False,stop,2026-10-08T04:11:15.100383Z,0.000278863,gen_v2,False
gen:test:qwen:fair:009,P13bac543b6a7,test,qwen,fair,,9,2,False,completed,False,wrong_length,,False,stop,2026-10-08T04:11:18.192870Z,0.000240188,gen_v2,False
gen:test:qwen:fair:010,P51bf4212c7b7,test,qwen,fair,,10,2,False,completed,False,no_list,,False,stop,2026-10-08T04:11:20.027407Z,0.000291148,gen_v2,False
gen:test:qwen:fair:011,Pcdf55a7b20fc,test,qwen,fair,,11,2,False,completed,False,no_list,,False,stop,2026-10-08T04:11:21.715895Z,0.000266578,gen_v2,False
gen:test:qwen:fair:012,P65f56e9cf50f,test,qwen,fair,,12,3,False,completed,False,no_list,,False,stop,2026-10-08T04:11:43.048605Z,0.000272948,gen_v2,False
gen:test:qwen:fair:013,P66398400e118,test,qwen,fair,,13,3,False,completed,False,wrong_length,,False,stop,2026-10-08T04:11:37.843153Z,0.000197873,gen_v2,False
gen:test:qwen:fair:014,P24dc2e74e04e,test,qwen,fair,,14,3,False,completed,False,no_list,,False,stop,2026-10-08T04:11:39.336944Z,0.000336648,gen_v2,False
gen:test:qwen:fair:015,Pe0a245ad08b8,test,qwen,fair,,15,3,False,completed,False,no_list,,False,stop,2026-10-08T04:11:34.890900Z,0.000259753,gen_v2,False
gen:test:qwen:fair:016,P3dc30b032b0c,test,qwen,fair,,16,4,False,completed,False,no_list,,False,stop,2026-10-08T04:11:50.862494Z,0.000254748,gen_v2,False
gen:test:qwen:fair:017,Pcf2c5ad1b290,test,qwen,fair,,17,4,False,completed,False,no_list,,False,stop,2026-10-08T04:11:51.614348Z,0.000274768,gen_v2,False
gen:test:qwen:fair:018,Pd6783f209f53,test,qwen,fair,,18,4,False,completed,False,no_list,,False,stop,2026-10-08T04:12:03.399257Z,0.000228813,gen_v2,False
gen:test:qwen:fair:019,P1077c9472eed,test,qwen,fair,,19,4,False,completed,False,wrong_length,,False,stop,2026-10-08T04:12:02.375556Z,0.000289328,gen_v2,False
gen:test:qwen:fair:020,P9c8012ca4a39,test,qwen,fair,,20,5,False,completed,False,no_list,,False,stop,2026-10-08T04:12:13.526500Z,0.000343018,gen_v2,False
gen:test:qwen:fair:021,Pb342b60907aa,test,qwen,fair,,21,5,False,completed,False,no_list,,False,stop,2026-10-08T04:12:29.891624Z,0.000243373,gen_v2,False
gen:test:qwen:fair:022,P4d9263b71245,test,qwen,fair,,22,5,False,completed,False,no_list,,False,stop,2026-10-08T04:12:19.829013Z,0.000290693,gen_v2,False
gen:test:qwen:fair:023,P984237171508,test,qwen,fair,,23,5,False,completed,False,no_list,,False,stop,2026-10-08T04:12:11.771658Z,0.000278408,gen_v2,False
gen:test:qwen:plain:000,Pc9cd24ab55f4,test,qwen,plain,,0,0,False,completed,True,ok,HTHTHTHTHTHTHTHTHTHT,False,stop,2026-10-08T04:10:31.101400Z,8.3551e-05,gen_v2,True
gen:test:qwen:plain:001,Pc6de4564221f,test,qwen,plain,,1,0,False,completed,True,ok,HTHHTTHTHTHTHTHTHTHT,False,stop,2026-10-08T04:10:31.762385Z,8.9466e-05,gen_v2,True
gen:test:qwen:plain:002,Pf81c72ae8aab,test,qwen,plain,,2,0,False,completed,True,ok,HTHHTTHTHTHTTHHTHTHT,False,stop,2026-10-08T04:10:37.761308Z,8.2641e-05,gen_v2,True
gen:test:qwen:plain:003,P5f191a10c135,test,qwen,plain,,3,0,False,completed,True,ok,HTHTHHTHTTHTHTHTTHTH,True,stop,2026-10-08T04:10:35.798114Z,0.000102661,gen_v2,True
gen:test:qwen:plain:004,Pb52dde02fcd2,test,qwen,plain,,4,1,False,completed,True,ok,HTHHTTHTHTHTTHTHTHTH,False,stop,2026-10-08T04:11:01.356450Z,8.1731e-05,gen_v2,True
gen:test:qwen:plain:005,Pc3e2c454d97b,test,qwen,plain,,5,1,False,completed,True,ok,HTHHTTHTHTHTHHTTHTHT,False,stop,2026-10-08T04:10:57.223178Z,7.9001e-05,gen_v2,True
gen:test:qwen:plain:006,Pb0afcbdaf9dc,test,qwen,plain,,6,1,False,completed,True,ok,HTHTHTHTHTHTHTHTHTHT,False,stop,2026-10-08T04:10:47.519412Z,8.0366e-05,gen_v2,True
gen:test:qwen:plain:007,Pae70030805e7,test,qwen,plain,,7,1,False,completed,True,ok,HTHHTTHTHTHTHHTTHTHT,False,stop,2026-10-08T04:10:44.753221Z,8.9466e-05,gen_v2,True
gen:test:qwen:plain:008,P71e3bed10720,test,qwen,plain,,8,2,False,completed,True,ok,HTHTHTHTHTHTHTHTHTHT,False,stop,2026-10-08T04:11:09.239436Z,7.5816e-05,gen_v2,True
gen:test:qwen:plain:009,P422f555d345f,test,qwen,plain,,9,2,False,completed,True,ok,HTHTHTHTHTHTHTHTHTHT,False,stop,2026-10-08T04:11:20.528567Z,7.5816e-05,gen_v2,True
gen:test:qwen:plain:010,P3e33e4b69101,test,qwen,plain,,10,2,False,completed,True,ok,HTHTHTHTHTHTHTHTHTHT,False,stop,2026-10-08T04:11:19.098818Z,0.000109031,gen_v2,True
gen:test:qwen:plain:011,P4311dc4c44fc,test,qwen,plain,,11,2,False,completed,True,ok,HTHTHTHTHTHTHTHTHTHT,False,stop,2026-10-08T04:11:15.679388Z,7.3996e-05,gen_v2,True
gen:test:qwen:plain:012,P537c6c1f7b6a,test,qwen,plain,,12,3,False,completed,True,ok,HTHHTTHTHTHTHTTHTHTH,False,stop,2026-10-08T04:11:33.347372Z,7.7181e-05,gen_v2,True
gen:test:qwen:plain:013,Pe3e5a00b8559,test,qwen,plain,,13,3,False,completed,True,ok,HTHTHTHTHTHTHTHTHTHT,False,stop,2026-10-08T04:11:30.533484Z,7.6726e-05,gen_v2,True
gen:test:qwen:plain:014,P8b6829cb915c,test,qwen,plain,,14,3,False,completed,True,ok,HTHTHTHTHTHTHTHTHTHT,False,stop,2026-10-08T04:11:31.103485Z,0.000105846,gen_v2,True
gen:test:qwen:plain:015,P3535c47405fa,test,qwen,plain,,15,3,False,completed,True,ok,HTHHTTHTHHTTHHTTHTHT,False,stop,2026-10-08T04:11:31.110300Z,9.9476e-05,gen_v2,True
gen:test:qwen:plain:016,P0b6c85ef85e6,test,qwen,plain,,16,4,False,completed,True,ok,HTHTHHTTHTHTHHTTHTHT,True,stop,2026-10-08T04:11:55.238664Z,0.000104026,gen_v2,True
gen:test:qwen:plain:017,Pd776de804751,test,qwen,plain,,17,4,False,completed,True,ok,HTHHTTHTHTHHTHTTHTHT,False,stop,2026-10-08T04:11:51.534486Z,5.7616e-05,gen_v2,True
gen:test:qwen:plain:018,P9085e4933441,test,qwen,plain,,18,4,False,completed,True,ok,HTHHTTHTHTHHTHTHTHTH,False,stop,2026-10-08T04:12:01.085603Z,9.5381e-05,gen_v2,True
gen:test:qwen:plain:019,P67960b7e759d,test,qwen,plain,,19,4,False,completed,True,ok,HTHHTTHTHTHTHTHTHTHT,False,stop,2026-10-08T04:11:49.658769Z,7.8091e-05,gen_v2,True
gen:test:qwen:plain:020,Pea0d3f32f903,test,qwen,plain,,20,5,False,completed,True,ok,HTHHTTHTHTHTHTTHTHTH,False,stop,2026-10-08T04:12:17.793552Z,7.4906e-05,gen_v2,True
gen:test:qwen:plain:021,P6091b7693004,test,qwen,plain,,21,5,False,completed,True,ok,HTHHTTHTHTHTHTHTHTHT,False,stop,2026-10-08T04:12:11.127519Z,7.9911e-05,gen_v2,True
gen:test:qwen:plain:022,P717e9da1021c,test,qwen,plain,,22,5,False,completed,True,ok,HTHTHTHTHTHTHTHTHTHT,False,stop,2026-10-08T04:12:11.150132Z,7.9911e-05,gen_v2,True
gen:test:qwen:plain:023,P9de0b17502c0,test,qwen,plain,,23,5,False,completed,True,ok,HTHHTTHTHTHTHHTTHTHT,False,stop,2026-10-08T04:12:05.560500Z,5.4431e-05,gen_v2,True
